S.no,Filename,Start Time,End TIme,Size,Altitude,,upper_left_latitude,upper_left_longitude,upper_right_latitude,upper_right_longitude,lower_left_latitude,lower_left_longitude,lower_right_latitude,lower_right_longitude,projection,Area
1,ch2_tmc_ncf_20221121T0720438802_d_img_d32.zip,2022-11-21T07:20:43.880Z,2022-11-21T07:28:22.774Z,1136432000,101.35,View,-8.931772,53.630352,-8.93365,53.039075,6.846395,53.839573,6.85751,53.212716,Selenographic,Equatorial
2,ch2_tmc_nca_20210517T1111358628_d_img_d18.zip,2021-05-17T11:11:35.862Z,2021-05-17T11:21:31.949Z,1473640000,112.11,View,-7.707162,53.614902,-7.700702,53.086682,8.154181,53.824256,8.162017,53.260509,Selenographic,Equatorial
3,ch2_tmc_ncn_20211117T1110241429_d_img_d18.zip,2021-11-17T11:10:24.142Z,2021-11-17T11:20:33.811Z,1507216000,96.26,View,-6.482529,53.655556,-6.476417,53.074937,9.456141,53.868653,9.467919,53.24505,Selenographic,Equatorial
4,ch2_tmc_nca_20220605T0539347094_d_img_d32.zip,2022-06-05T05:39:34.709Z,2022-06-05T05:44:24.740Z,717008000,117.76,View,-1.502532,-125.898365,-1.508216,-125.353751,27.840479,-125.568207,27.832862,-124.937828,Selenographic,Equatorial
5,ch2_tmc_ncn_20200617T0115145094_d_img_d18.zip,2020-06-17T01:15:14.509Z,2020-06-17T01:26:01.638Z,1599824000,125.35,View,0.771915,-125.899438,0.758574,-125.354585,30.197245,-125.537867,30.182662,-124.89245,Selenographic,Equatorial
6,ch2_tmc_ncn_20221126T1135283004_d_img_d32.zip,2022-11-26T11:35:28.300Z,2022-11-26T11:43:21.956Z,1170968000,113.43,View,-0.362162,-125.876951,-0.368352,-125.38564,29.020398,-125.523381,29.012939,-124.948163,Selenographic,Equatorial
7,ch2_tmc_nca_20221120T0145293060_d_img_d32.zip,2022-11-20T01:45:29.306Z,2022-11-20T01:53:19.663Z,1161336000,105.45,View,-1.4792,-136.527336,-1.490116,-135.984,27.843322,-136.282783,27.831626,-135.643641,Selenographic,Equatorial
8,ch2_tmc_nca_20200714T0555291513_d_img_d18.zip,2020-07-14T05:55:29.151Z,2020-07-14T06:06:01.847Z,1562256000,103.15,View,0.816294,-136.498293,0.809897,-135.953673,30.229129,-136.263505,30.221726,-135.607686,Selenographic,Equatorial
9,ch2_tmc_ncn_20191129T0957596494_d_img_d18.zip,2019-11-29T09:57:59.649Z,2019-11-29T10:07:25.917Z,1399920000,88.66,View,-0.330177,-136.48198,-0.335747,-135.991363,29.038278,-136.242127,29.031857,-135.658341,Selenographic,Equatorial
10,ch2_tmc_nca_20200620T0405094886_d_img_d18.zip,2020-06-20T04:05:09.488Z,2020-06-20T04:15:00.715Z,1461624000,117.74,View,-1.417283,-137.598667,-1.431151,-137.045893,27.901446,-137.368772,27.886875,-136.719313,Selenographic,Equatorial
11,ch2_tmc_ncf_20221202T1529533636_d_img_n18.zip,2022-12-02T15:29:53.363Z,2022-12-02T15:37:47.130Z,1171240000,116.56,View,0.923137,-137.563899,0.918954,-137.009597,30.315511,-137.351811,30.310364,-136.684935,Selenographic,Equatorial
12,ch2_tmc_ncn_20220121T0115093063_d_img_d18.zip,2022-01-21T01:15:09.306Z,2022-01-21T01:30:14.644Z,2238160000,98.79,View,-0.251879,-137.547584,-0.256885,-137.048366,29.11408,-137.329132,29.108257,-136.735708,Selenographic,Equatorial
13,ch2_tmc_nca_20220706T0954582390_d_img_d32.zip,2022-07-06T09:54:58.239Z,2022-07-06T10:04:57.103Z,1480504000,119.98,View,-1.275703,-138.711337,-1.337148,-138.156925,27.867879,-138.448399,27.805758,-137.798516,Selenographic,Equatorial
14,ch2_tmc_nca_20211225T2323072266_d_img_d18.zip,2021-12-25T23:23:07.226Z,2021-12-25T23:42:27.409Z,2868176000,81.45,View,-0.27275,-138.611929,-0.277771,-138.108425,29.138922,-138.413073,29.133083,-137.815584,Selenographic,Equatorial
15,ch2_tmc_ncn_20220606T1317038588_d_img_d32.zip,2022-06-06T13:17:03.858Z,2022-06-06T13:46:32.305Z,4371888000,102.12,View,0.908209,-138.677261,0.857205,-138.120609,30.373384,-138.43177,30.321671,-137.763042,Selenographic,Equatorial
16,ch2_tmc_ncf_20220121T2053452840_d_img_d18.zip,2022-01-21T20:53:45.284Z,2022-01-21T21:08:51.521Z,2240384000,100.31,View,-1.450073,-139.715534,-1.460624,-139.170279,27.922149,-139.526273,27.910994,-138.887559,Selenographic,Equatorial
17,ch2_tmc_ncn_20211212T1035386438_d_img_d32.zip,2021-12-12T10:35:38.643Z,2021-12-12T10:58:21.709Z,3369736000,98.77,View,0.851513,-139.690961,0.844995,-139.144658,30.307758,-139.512074,30.300411,-138.856893,Selenographic,Equatorial
18,ch2_tmc_ncn_20211112T1307476929_d_img_d18.zip,2021-11-12T13:07:47.692Z,2021-11-12T13:18:21.915Z,1565880000,102.96,View,-0.300234,-139.670929,-0.304959,-139.178691,29.117173,-139.488201,29.111728,-138.90488,Selenographic,Equatorial
19,ch2_tmc_ncf_20220527T0134064246_d_img_d18.zip,2022-05-27T01:34:06.424Z,2022-05-27T01:54:10.479Z,2976640000,121.4,View,-2.321254,-148.25572,-2.327152,-147.70816,27.617619,-148.198724,27.611627,-147.562588,Selenographic,Equatorial
20,ch2_tmc_ncn_20200731T1448111043_d_img_d18.zip,2020-07-31T14:48:11.104Z,2020-07-31T14:58:45.979Z,1569528000,108.36,View,-0.094922,-148.305649,-0.141717,-147.761381,30.112551,-148.19635,30.066613,-147.547924,Selenographic,Equatorial
21,ch2_tmc_ncf_20220125T2307105389_d_img_d18.zip,2022-01-25T23:07:10.538Z,2022-01-25T23:22:16.902Z,2240696000,96.15,View,-1.157668,-148.215954,-1.16021,-147.722731,28.793685,-148.1664,28.790818,-147.586772,Selenographic,Equatorial
22,ch2_tmc_nca_20200724T0351171346_d_img_d18.zip,2020-07-24T03:51:17.134Z,2020-07-24T04:01:53.289Z,1572048000,110.88,View,-1.512095,-150.40218,-1.513941,-149.863792,27.930372,-150.397312,27.928159,-149.768255,Selenographic,Equatorial
23,ch2_tmc_nca_20220604T0546183745_d_img_d32.zip,2022-06-04T05:46:18.374Z,2022-06-04T06:16:10.369Z,4430088000,123.6,View,0.760401,-150.394376,0.75898,-149.856867,30.277044,-150.393852,30.275227,-149.751134,Selenographic,Equatorial
24,ch2_tmc_nca_20200716T2249059700_d_img_d18.zip,2020-07-16T22:49:05.970Z,2020-07-16T22:59:39.948Z,1567312000,106.27,View,-0.374369,-150.371851,-0.375867,-149.886679,29.105169,-150.364323,29.103327,-149.790978,Selenographic,Equatorial
25,ch2_tmc_nca_20220130T0317307668_d_img_d18.zip,2022-01-30T03:17:30.766Z,2022-01-30T03:32:15.998Z,2188456000,90.19,View,0.496482,-152.492757,0.483458,-151.959661,30.024971,-152.484431,30.008343,-151.847296,Selenographic,Equatorial
26,ch2_tmc_nca_20200722T0835285527_d_img_d32.zip,2020-07-22T08:35:28.552Z,2020-07-22T08:46:04.453Z,1572064000,111.03,View,-0.621986,-152.471929,-0.652906,-151.991572,28.867361,-152.451677,28.832586,-151.884383,Selenographic,Equatorial
27,ch2_tmc_ncf_20220801T1144312591_d_img_d18.zip,2022-08-01T11:44:31.259Z,2022-08-01T11:56:12.637Z,1733936000,132.16,View,-1.747663,-152.503412,-1.791015,-151.97105,27.698236,-152.491984,27.650807,-151.870355,Selenographic,Equatorial
28,ch2_tmc_ncn_20221128T1055037508_d_img_d32.zip,2022-11-28T10:55:03.750Z,2022-11-28T11:02:53.831Z,1162128000,119.42,View,-1.779153,-153.578088,-1.776008,-153.033736,27.631457,-153.610447,27.632529,-152.973868,Selenographic,Equatorial
29,ch2_tmc_nca_20211226T0121199228_d_img_d18.zip,2021-12-26T01:21:19.922Z,2021-12-26T01:34:50.993Z,2005112000,84.34,View,0.524894,-153.585201,0.523075,-153.041642,30.0174,-153.602524,30.013186,-152.951863,Selenographic,Equatorial
30,ch2_tmc_nca_20200724T0747179800_d_img_d18.zip,2020-07-24T07:47:17.980Z,2020-07-24T07:57:53.877Z,1572056000,111.61,View,-0.621634,-153.565887,-0.622253,-153.07532,28.829451,-153.588813,28.827601,-153.008515,Selenographic,Equatorial
31,ch2_tmc_ncn_20210601T0709442938_d_img_hw1.zip,2021-06-01T07:09:44.293Z,2021-06-01T07:16:10.480Z,954728000,103.17,View,0.059012,-161.15943,0.060369,-160.598884,30.173014,-161.287004,30.17408,-160.600566,Selenographic,Equatorial
32,ch2_tmc_ncf_20200623T0259161206_d_img_d18.zip,2020-06-23T02:59:16.120Z,2020-06-23T03:09:53.404Z,1574584000,110.88,View,-1.122203,-161.126881,-1.120194,-160.621262,28.924029,-161.247033,28.9257,-160.635757,Selenographic,Equatorial
33,ch2_tmc_ncn_20200209T0032589097_d_img_gds.zip,2020-02-09T00:32:58.909Z,2020-02-09T00:34:48.740Z,271528000,90.74,View,-2.309238,-161.151519,-2.308119,-160.590579,27.664656,-161.273387,27.665308,-160.603461,Selenographic,Equatorial
34,ch2_tmc_nca_20221202T1529533603_d_img_d32.zip,2022-12-02T15:29:53.360Z,2022-12-02T15:37:47.155Z,1171312000,116.56,View,-1.620838,-163.326879,-1.635213,-162.777796,27.778692,-163.389024,27.760545,-162.728829,Selenographic,Equatorial
35,ch2_tmc_ncn_20211113T0855227665_d_img_d18.zip,2021-11-13T08:55:22.766Z,2021-11-13T09:06:01.562Z,1579224000,102.87,View,0.66698,-163.334125,0.714117,-162.786999,30.230757,-163.483959,30.282345,-162.809506,Selenographic,Equatorial
36,ch2_tmc_ncf_20220620T0006088233_d_img_d32.zip,2022-06-20T00:06:08.823Z,2022-06-20T00:22:33.904Z,2435296000,102.84,View,-0.481177,-163.311511,-0.453913,-162.817004,29.007359,-163.454133,29.037984,-162.852253,Selenographic,Equatorial
37,ch2_tmc_ncn_20220130T0119401196_d_img_d18.zip,2022-01-30T01:19:40.119Z,2022-01-30T01:32:58.254Z,1973136000,91.44,View,-1.695122,-164.406426,-1.684022,-163.849322,27.685765,-164.531997,27.698608,-163.860287,Selenographic,Equatorial
38,ch2_tmc_ncf_20210513T1018118014_d_img_d18.zip,2021-05-13T10:18:11.801Z,2021-05-13T10:27:17.730Z,1349640000,101.61,View,0.661985,-164.412424,0.666223,-163.855093,30.198509,-164.547534,30.20359,-163.861847,Selenographic,Equatorial
39,ch2_tmc_ncf_20200731T1448111043_d_img_d18.zip,2020-07-31T14:48:11.104Z,2020-07-31T14:58:45.975Z,1569520000,108.36,View,-0.513789,-164.382827,-0.506732,-163.880358,28.951519,-164.505629,28.959732,-163.893844,Selenographic,Equatorial
40,ch2_tmc_nca_20200724T1341163634_d_img_d18.zip,2020-07-24T13:41:16.363Z,2020-07-24T13:51:54.308Z,1577120000,112.94,View,-0.172897,-165.479972,-0.172634,-164.970036,29.281231,-165.60284,29.281448,-164.97928,Selenographic,Equatorial
41,ch2_tmc_ncf_20220622T0258238857_d_img_d32.zip,2022-06-22T02:58:23.885Z,2022-06-22T03:28:17.929Z,4435184000,108.51,View,1.021477,-165.50834,1.022026,-164.942605,30.555675,-165.641886,30.556185,-164.941041,Selenographic,Equatorial
42,ch2_tmc_ncn_20221115T2307454754_d_img_d32.zip,2022-11-15T23:07:45.475Z,2022-11-15T23:15:38.154Z,1168552000,105.46,View,-1.367479,-165.507291,-1.367384,-164.94192,28.00662,-165.632258,28.006654,-164.949242,Selenographic,Equatorial
43,ch2_tmc_ncn_20220705T0815097356_d_img_d32.zip,2022-07-05T08:15:09.735Z,2022-07-05T08:25:05.158Z,1473632000,116.87,View,0.696818,-166.579494,0.694376,-166.009574,30.232728,-166.694422,30.230397,-165.990518,Selenographic,Equatorial
44,ch2_tmc_ncn_20210513T1404316851_d_img_hw1.zip,2021-05-13T14:04:31.685Z,2021-05-13T14:09:33.280Z,747120000,117.03,View,-0.502587,-166.553117,-0.507059,-166.039458,28.954987,-166.652382,28.950509,-166.026157,Selenographic,Equatorial
45,ch2_tmc_ncf_20200710T2117095613_d_img_d18.zip,2020-07-10T21:17:09.561Z,2020-07-10T21:27:38.420Z,1554656000,101.61,View,-1.706399,-166.579609,-1.712572,-166.010119,27.665876,-166.67775,27.659514,-165.99191,Selenographic,Equatorial
46,ch2_tmc_nca_20220724T0445194125_d_img_d32.zip,2022-07-24T04:45:19.412Z,2022-07-24T04:55:17.552Z,1478680000,109.48,View,0.693098,-167.667079,0.695589,-167.08634,30.230687,-167.771829,30.23335,-167.054767,Selenographic,Equatorial
47,ch2_tmc_nca_20210512T1428354838_d_img_hw1.zip,2021-05-12T14:28:35.483Z,2021-05-12T14:33:55.768Z,791808000,104.92,View,-0.531775,-167.635375,-0.526686,-167.111095,28.926723,-167.730972,28.932003,-167.092085,Selenographic,Equatorial
48,ch2_tmc_ncn_20200719T0354357006_d_img_d32.zip,2020-07-19T03:54:35.700Z,2020-07-19T04:05:11.727Z,1572376000,110.66,View,-1.763723,-167.663078,-1.757165,-167.080699,27.607369,-167.759292,27.61423,-167.058389,Selenographic,Equatorial
49,ch2_tmc_nca_20211230T2334143086_d_img_d18.zip,2021-12-30T23:34:14.308Z,2021-12-30T23:53:28.354Z,2853008000,76.46,View,0.76867,-175.25214,0.768503,-174.677636,30.374695,-175.339481,30.376204,-174.624769,Selenographic,Equatorial
50,ch2_tmc_nca_20220131T0647189516_d_img_d18.zip,2022-01-31T06:47:18.951Z,2022-01-31T07:02:09.953Z,2202720000,86.9,View,-0.439811,-175.230406,-0.447051,-174.711588,29.080208,-175.292099,29.073834,-174.655144,Selenographic,Equatorial
51,ch2_tmc_ncn_20220629T0809114918_d_img_d32.zip,2022-06-29T08:09:11.491Z,2022-06-29T08:39:05.212Z,4435416000,115.6,View,-1.656983,-175.261607,-1.670771,-174.685249,27.770332,-175.308566,27.756517,-174.609719,Selenographic,Equatorial
52,ch2_tmc_nca_20220110T0956254522_d_img_d32.zip,2022-01-10T09:56:25.452Z,2022-01-10T10:11:23.623Z,2220440000,92.26,View,1.140622,-176.340503,1.139762,-175.764462,30.651352,-176.395609,30.650032,-175.676311,Selenographic,Equatorial
53,ch2_tmc_nca_20200711T0311148894_d_img_d18.zip,2020-07-11T03:11:14.889Z,2020-07-11T03:21:43.970Z,1557184000,101.55,View,-0.075489,-176.315026,-0.076497,-175.794953,29.344585,-176.360386,29.343168,-175.719613,Selenographic,Equatorial
54,ch2_tmc_nca_20220126T2241288824_d_img_d18.zip,2022-01-26T22:41:28.882Z,2022-01-26T22:56:36.262Z,2243208000,97.11,View,-1.2961,-176.346416,-1.297419,-175.768738,28.033109,-176.395508,28.031347,-175.692568,Selenographic,Equatorial
55,ch2_tmc_ncn_20220530T0307541950_d_img_d32.zip,2022-05-30T03:07:54.195Z,2022-05-30T03:27:54.447Z,2967224000,114.4,View,-1.658658,-177.466397,-1.649286,-176.881157,27.780526,-177.490183,27.791932,-176.77966,Selenographic,Equatorial
56,ch2_tmc_ncn_20220529T0518515977_d_img_d18.zip,2022-05-29T05:18:51.597Z,2022-05-29T05:38:50.776Z,2964584000,114.51,View,-0.422148,-177.416818,-0.396697,-176.89047,29.106749,-177.4636,29.13481,-176.816365,Selenographic,Equatorial
57,ch2_tmc_ncf_20220708T1314261067_d_img_d32.zip,2022-07-08T13:14:26.106Z,2022-07-08T13:22:59.760Z,1269848000,120.79,View,0.791919,-177.453649,0.832692,-176.871303,30.422426,-177.52301,30.468549,-176.797177,Selenographic,Equatorial
58,ch2_tmc_ncf_20191201T1102192527_d_img_d18.zip,2019-12-01T11:02:19.252Z,2019-12-01T11:11:50.766Z,1412888000,94.98,View,-0.279927,-178.561976,-0.264363,-177.969779,27.789426,-178.583808,27.807249,-177.863856,Selenographic,Equatorial
59,ch2_tmc_nca_20220131T0053488453_d_img_d18.zip,2022-01-31T00:53:48.845Z,2022-01-31T01:07:50.103Z,2079744000,87.57,View,1.009931,-178.577623,1.011812,-178.044124,29.141392,-178.567529,29.146584,-177.912645,Selenographic,Equatorial
60,ch2_tmc_ncn_20220623T2235048820_d_img_d32.zip,2022-06-23T22:35:04.882Z,2022-06-23T22:45:03.779Z,1480584000,111.87,View,2.250515,-178.594295,2.257503,-178.003153,30.471279,-178.617955,30.482277,-177.884526,Selenographic,Equatorial
61,ch2_tmc_ncf_20200723T0415158460_d_img_d18.zip,2020-07-23T04:15:15.846Z,2020-07-23T04:25:50.850Z,1569848000,110.41,View,-1.554728,-179.064221,-1.568526,-178.48049,27.737665,-179.61903,27.703376,-178.910013,Selenographic,Equatorial
62,ch2_tmc_ncf_20200708T1922155962_d_img_d18.zip,2020-07-08T19:22:15.596Z,2020-07-08T19:32:55.183Z,1582504000,122.72,View,-0.317902,-179.203521,-0.330265,-178.678032,29.070338,-179.56029,29.041313,-178.913793,Selenographic,Equatorial
63,ch2_tmc_ncf_20211224T1749511513_d_img_d18.zip,2021-12-24T17:49:51.151Z,2021-12-24T17:58:38.610Z,1303976000,89.43,View,0.902584,-179.096994,0.897117,-178.514793,30.390918,-179.556939,30.361399,-178.830961,Selenographic,Equatorial
64,ch2_tmc_nca_20220603T0419084737_d_img_d32.zip,2022-06-03T04:19:08.473Z,2022-06-03T04:29:08.464Z,1483280000,123.57,View,-0.300945,179.308264,-0.306679,179.838122,29.115859,179.296619,29.109672,179.950065,Selenographic,Equatorial
65,ch2_tmc_ncn_20210521T2105239531_d_img_hw1.zip,2021-05-21T21:05:23.953Z,2021-05-21T21:09:33.916Z,617960000,110.37,View,0.934689,179.285572,0.924742,179.872668,30.448558,179.262703,30.437427,179.99659,Selenographic,Equatorial
66,ch2_tmc_ncf_20220109T1022082458_d_img_d32.zip,2022-01-09T10:22:08.245Z,2022-01-09T10:37:06.287Z,2220120000,94.54,View,-1.545809,179.27826,-1.549209,179.866679,27.768227,179.261984,27.764565,179.978518,Selenographic,Equatorial
67,ch2_tmc_ncf_20220625T0207153398_d_img_d32.zip,2022-06-25T02:07:15.339Z,2022-06-25T02:17:16.421Z,1485984000,112.72,View,0.956859,178.195324,0.956164,178.78608,30.416093,178.162199,30.414613,178.900709,Selenographic,Equatorial
68,ch2_tmc_ncn_20220610T1745099743_d_img_d32.zip,2022-06-10T17:45:09.974Z,2022-06-10T17:55:54.482Z,1593344000,112.46,View,-0.28647,178.218418,-0.289117,178.751503,29.079204,178.197828,29.075948,178.855216,Selenographic,Equatorial
69,ch2_tmc_ncn_20220707T0956149656_d_img_d32.zip,2022-07-07T09:56:14.965Z,2022-07-07T10:06:11.582Z,1477096000,125.93,View,-1.537358,178.185491,-1.542639,178.77747,27.727277,178.166225,27.721173,178.886982,Selenographic,Equatorial
70,ch2_tmc_nca_20200720T0132068149_d_img_d18.zip,2020-07-20T01:32:06.814Z,2020-07-20T01:42:42.712Z,1572056000,113.71,View,-0.749836,171.601041,-0.735038,172.134902,29.067422,171.565436,29.083099,172.227988,Selenographic,Equatorial
71,ch2_tmc_ncn_20211115T0955366570_d_img_d18.zip,2021-11-15T09:55:36.657Z,2021-11-15T10:06:27.678Z,1609448000,90.79,View,0.503255,171.567069,0.50793,172.158907,30.417226,171.534682,30.421745,172.279381,Selenographic,Equatorial
72,ch2_tmc_ncn_20220619T0033128648_d_img_d32.zip,2022-06-19T00:33:12.864Z,2022-06-19T00:46:18.270Z,1941664000,100.98,View,-2.007913,171.585836,-1.978798,172.178178,27.694895,171.528403,27.725578,172.254158,Selenographic,Equatorial
73,ch2_tmc_ncf_20220720T2336503849_d_img_d32.zip,2022-07-20T23:36:50.384Z,2022-07-20T23:56:52.557Z,2971960000,108.36,View,-1.481999,168.258401,-1.478014,168.853131,27.795834,168.220508,27.799594,168.953752,Selenographic,Equatorial
74,ch2_tmc_ncf_20210523T1709451213_d_img_d18.zip,2021-05-23T17:09:45.121Z,2021-05-23T17:19:44.450Z,1480920000,116.15,View,-0.223017,168.289733,-0.21879,168.825551,29.172113,168.252082,29.176214,168.921285,Selenographic,Equatorial
75,ch2_tmc_nca_20220626T0143287928_d_img_d32.zip,2022-06-26T01:43:28.792Z,2022-06-26T01:53:26.806Z,1478400000,111.47,View,1.028191,168.259965,1.029756,168.854104,30.535865,168.213,30.537012,168.965458,Selenographic,Equatorial
76,ch2_tmc_ncf_20220124T0201197913_d_img_d18.zip,2022-01-24T02:01:19.791Z,2022-01-24T02:11:23.153Z,1491624000,97.02,View,1.064159,164.964321,1.07459,165.556606,30.620461,164.90609,30.631609,165.662301,Selenographic,Equatorial
77,ch2_tmc_ncf_20210520T2106198974_d_img_hw1.zip,2021-05-20T21:06:19.897Z,2021-05-20T21:10:26.129Z,608736000,97.78,View,-0.179875,164.994193,-0.17477,165.528576,29.253825,164.949292,29.258829,165.622007,Selenographic,Equatorial
78,ch2_tmc_ncn_20191127T0853448154_d_img_d18.zip,2019-11-27T08:53:44.815Z,2019-11-27T09:03:11.867Z,1399928000,82.4,View,-1.432762,164.964799,-1.428451,165.558082,27.871822,164.915276,27.875904,165.652545,Selenographic,Equatorial
79,ch2_tmc_ncn_20220108T1457528809_d_img_d32.zip,2022-01-08T14:57:52.880Z,2022-01-08T15:27:12.112Z,4349112000,98.28,View,-1.143274,163.842092,-1.144858,164.450399,10.601969,163.831966,10.600284,164.472106,Selenographic,Equatorial
80,ch2_tmc_ncf_20211212T1227266196_d_img_d32.zip,2021-12-12T12:27:26.619Z,2021-12-12T12:37:07.224Z,1435360000,88.77,View,1.424591,163.848706,1.423493,164.456161,13.258652,163.836085,13.257451,164.481557,Selenographic,Equatorial
81,ch2_tmc_ncn_20221118T2208306167_d_img_n18.zip,2022-11-18T22:08:30.616Z,2022-11-18T22:16:19.784Z,1159872000,103.78,View,0.142427,163.87544,0.14119,164.42332,11.931993,163.865839,11.930664,164.445072,Selenographic,Equatorial
82,ch2_tmc_nca_20211117T1110241429_d_img_d18.zip,2021-11-17T11:10:24.142Z,2021-11-17T11:20:33.808Z,1507208000,96.26,View,-1.416222,159.510129,-1.411427,160.126457,27.909726,159.437119,27.914829,160.208534,Selenographic,Equatorial
83,ch2_tmc_ncn_20220103T0621569739_d_img_d18.zip,2022-01-03T06:21:56.973Z,2022-01-03T06:41:09.991Z,2850464000,80.18,View,1.187005,159.509219,1.186269,160.125582,30.790492,159.429082,30.789414,160.222694,Selenographic,Equatorial
84,ch2_tmc_ncn_20200708T2320352233_d_img_d18.zip,2020-07-08T23:20:35.223Z,2020-07-08T23:31:13.291Z,1577424000,122.81,View,-0.111543,159.539769,-0.108853,160.095237,29.356308,159.470187,29.35912,160.174886,Selenographic,Equatorial
85,ch2_tmc_ncn_20200131T2157371957_d_img_gds.zip,2020-01-31T21:57:37.195Z,2020-01-31T22:07:16.777Z,1432832000,80.09,View,-1.87579,158.425102,-1.887525,159.030709,27.910045,158.362366,27.896577,159.123561,Selenographic,Equatorial
86,ch2_tmc_ncn_20211220T2136521172_d_img_d32.zip,2021-12-20T21:36:52.117Z,2021-12-20T21:39:04.247Z,326648000,84.04,View,0.681164,158.427964,0.667573,159.033435,30.751917,158.354215,30.736168,159.137102,Selenographic,Equatorial
87,ch2_tmc_ncf_20211227T0258106264_d_img_d18.zip,2021-12-27T02:58:10.626Z,2021-12-27T03:17:26.718Z,2858064000,78.64,View,-0.597178,158.457194,-0.604274,159.003039,29.33463,158.394786,29.326277,159.090219,Selenographic,Equatorial
88,ch2_tmc_nca_20220121T2251376753_d_img_d18.zip,2022-01-21T22:51:37.675Z,2022-01-21T23:06:45.586Z,2243216000,100.35,View,-1.451738,157.380019,-1.446393,157.998475,27.850346,157.271244,27.854525,158.047169,Selenographic,Equatorial
89,ch2_tmc_ncn_20220716T1648052076_d_img_d18.zip,2022-07-16T16:48:05.207Z,2022-07-16T16:55:18.264Z,1070600000,121.2,View,1.164835,157.357516,1.159003,157.976302,30.755729,157.262454,30.748246,158.061155,Selenographic,Equatorial
90,ch2_tmc_ncf_20211231T0132252884_d_img_d18.zip,2021-12-31T01:32:25.288Z,2021-12-31T01:51:40.354Z,2855528000,76.69,View,-0.13692,157.379624,-0.138565,157.937164,29.3093,157.303731,29.306859,158.012728,Selenographic,Equatorial
91,ch2_tmc_nca_20221122T0304082104_d_img_d32.zip,2022-11-22T03:04:08.210Z,2022-11-22T03:11:58.373Z,1162800000,102.63,View,-0.06696,155.209359,-0.08182,155.759245,29.368297,155.132903,29.352304,155.834754,Selenographic,Equatorial
92,ch2_tmc_ncf_20200729T1536521638_d_img_d18.zip,2020-07-29T15:36:52.163Z,2020-07-29T15:47:34.335Z,1587568000,116.9,View,1.21953,155.181085,1.207334,155.791536,30.790886,155.077571,30.778277,155.868321,Selenographic,Equatorial
93,ch2_tmc_ncf_20211114T1617333024_d_img_d18.zip,2021-11-14T16:17:33.302Z,2021-11-14T16:28:06.594Z,1565616000,92.31,View,-1.361337,155.176553,-1.369552,155.786565,27.925952,155.096455,27.917786,155.864723,Selenographic,Equatorial
94,ch2_tmc_nca_20220623T2235048788_d_img_d32.zip,2022-06-23T22:35:04.878Z,2022-06-23T22:45:03.782Z,1480600000,111.87,View,1.334917,154.110493,1.331125,154.727423,30.881777,154.014176,30.877592,154.811954,Selenographic,Equatorial
95,ch2_tmc_ncf_20210630T0620557900_d_img_hw1.zip,2021-06-30T06:20:55.790Z,2021-06-30T06:24:01.567Z,459280000,114.93,View,-1.272079,154.113297,-1.267828,154.729564,27.980309,154.026306,27.985658,154.804376,Selenographic,Equatorial
96,ch2_tmc_ncf_20220715T2106027065_d_img_d32.zip,2022-07-15T21:06:02.706Z,2022-07-15T21:08:52.112Z,418800000,120.9,View,0.034964,154.141139,0.03458,154.696852,29.440043,154.058647,29.43992,154.768227,Selenographic,Equatorial
97,ch2_tmc_ncn_20191201T1457503406_d_img_gds.zip,2019-12-01T14:57:50.340Z,2019-12-01T15:07:21.725Z,1412568000,95.18,View,0.018875,153.068863,0.019321,153.632219,29.447087,152.99009,29.447214,153.708811,Selenographic,Equatorial
98,ch2_tmc_ncn_20220708T1512532546_d_img_d32.zip,2022-07-08T15:12:53.254Z,2022-07-08T15:21:23.571Z,1261600000,120.86,View,-1.305853,153.0447,-1.297907,153.669366,27.9696,152.955848,27.977819,153.74196,Selenographic,Equatorial
99,ch2_tmc_ncn_20220730T0627073220_d_img_d32.zip,2022-07-30T06:27:07.322Z,2022-07-30T06:47:17.684Z,2992224000,123.56,View,1.335694,153.040773,1.340955,153.666278,30.905071,152.94538,30.910375,153.755621,Selenographic,Equatorial
100,ch2_tmc_ncn_20200720T1121569340_d_img_d32.zip,2020-07-20T11:21:56.934Z,2020-07-20T11:32:33.850Z,1574576000,114.55,,1.33621,151.961581,1.33717,152.591076,30.897647,151.872409,30.898861,152.68748,Selenographic,Equatorial
101,ch2_tmc_nca_20200719T0354357038_d_img_d32.zip,2020-07-19T03:54:35.703Z,2020-07-19T04:05:11.730Z,1572376000,110.66,View,0.006356,151.988962,-0.000276,152.555947,29.433089,151.924569,29.425406,152.647586,Selenographic,Equatorial
102,ch2_tmc_ncn_20210523T1109145572_d_img_d18.zip,2021-05-23T11:09:14.557Z,2021-05-23T11:17:39.525Z,1248376000,115.81,View,-1.319737,151.945047,-1.330994,152.573943,27.952892,151.890153,27.940584,152.681103,Selenographic,Equatorial
103,ch2_tmc_ncf_20220707T1134371845_d_img_d32.zip,2022-07-07T11:34:37.184Z,2022-07-07T11:49:36.277Z,2222712000,124.19,View,1.446613,150.887763,1.459722,151.517748,30.978149,150.783455,30.99454,151.600257,Selenographic,Equatorial
104,ch2_tmc_ncf_20211227T2240229006_d_img_d18.zip,2021-12-27T22:40:22.900Z,2021-12-27T22:59:39.204Z,2860592000,75.54,View,-1.256342,150.877712,-1.249376,151.507446,28.053996,150.801111,28.064189,151.594479,Selenographic,Equatorial
105,ch2_tmc_ncf_20220706T0756306248_d_img_d32.zip,2022-07-06T07:56:30.624Z,2022-07-06T08:06:28.741Z,1478648000,119.77,View,0.130951,150.906632,0.145761,151.474115,29.510217,150.82231,29.529496,151.546918,Selenographic,Equatorial
106,ch2_tmc_ncf_20220103T0423479404_d_img_d18.zip,2022-01-03T04:23:47.940Z,2022-01-03T04:42:58.161Z,2843192000,79.94,View,-1.721635,142.377261,-1.718134,142.985716,27.773103,142.383144,27.776372,143.14782,Selenographic,Equatorial
107,ch2_tmc_ncf_20220111T0930287739_d_img_d32.zip,2022-01-11T09:30:28.773Z,2022-01-11T09:45:22.851Z,2210296000,87.26,View,-0.42006,142.398768,-0.422019,142.947811,29.221437,142.413622,29.218986,143.112984,Selenographic,Equatorial
108,ch2_tmc_nca_20191213T0157194265_d_img_m65.zip,2019-12-13T01:57:19.426Z,2019-12-13T02:05:28.464Z,1208992000,85.56,View,0.853732,142.369509,0.854163,142.979324,30.634839,142.370327,30.634747,143.158614,Selenographic,Equatorial
109,ch2_tmc_nca_20220117T1643206933_d_img_d32.zip,2022-01-17T16:43:20.693Z,2022-01-17T16:58:32.167Z,2253312000,105.76,View,0.121376,125.234117,0.115232,125.897789,30.087798,125.488864,30.079372,126.281318,Selenographic,Equatorial
110,ch2_tmc_nca_20211204T0142031075_d_img_d18.zip,2021-12-04T01:42:03.107Z,2021-12-04T02:00:08.898Z,2682272000,92.02,View,1.677194,125.214958,1.669271,125.954824,31.696642,125.459527,31.685873,126.357841,Selenographic,Equatorial
111,ch2_tmc_ncn_20220629T0630428169_d_img_d32.zip,2022-06-29T06:30:42.816Z,2022-06-29T06:40:37.756Z,1470800000,115.48,View,-1.426923,125.147189,-1.433756,125.881871,28.478049,125.432467,28.46982,126.295807,Selenographic,Equatorial
112,ch2_tmc_ncn_20210531T0528522041_d_img_hw1.zip,2021-05-31T05:28:52.204Z,2021-05-31T05:36:07.504Z,1076144000,100.17,View,7.92093,92.912805,7.908955,93.552018,28.850802,93.297926,28.836431,94.031797,Selenographic,Equatorial
113,ch2_tmc_ncn_20200711T0311148894_d_img_d18.zip,2020-07-11T03:11:14.889Z,2020-07-11T03:21:43.973Z,1557192000,101.55,View,9.38826,92.898437,9.383426,93.605745,30.335104,93.291843,30.327721,94.112858,Selenographic,Equatorial
114,ch2_tmc_ncn_20220726T0803441708_d_img_d32.zip,2022-07-26T08:03:44.170Z,2022-07-26T08:13:43.200Z,1480888000,114.11,View,6.417146,92.83271,6.405733,93.545284,27.324695,93.224444,27.311385,94.033769,Selenographic,Equatorial
115,ch2_tmc_ncn_20220517T2258012123_d_img_d18.zip,2022-05-17T22:58:01.212Z,2022-05-17T23:07:32.365Z,1412000000,112.36,View,-2.762861,89.464089,-2.778178,90.157244,26.973992,89.995117,26.955892,90.787133,Selenographic,Equatorial
116,ch2_tmc_ncf_20211230T2334143086_d_img_d18.zip,2021-12-30T23:34:14.308Z,2021-12-30T23:53:28.354Z,2853008000,76.46,View,0.040241,89.521052,0.12944,90.192939,29.921371,90.047397,30.008981,90.839009,Selenographic,Equatorial
117,ch2_tmc_ncn_20220720T2336503946_d_img_d32.zip,2022-07-20T23:36:50.394Z,2022-07-20T23:56:52.557Z,2971944000,108.36,View,-1.296748,89.50001,-1.308924,90.117283,28.469066,90.06647,28.455047,90.782133,Selenographic,Equatorial
118,ch2_tmc_ncn_20220604T0546183777_d_img_d32.zip,2022-06-04T05:46:18.377Z,2022-06-04T06:16:10.366Z,4430064000,123.6,View,-0.083623,86.249088,-0.125372,86.936451,29.583968,86.82664,29.540661,87.631826,Selenographic,Equatorial
119,ch2_tmc_nca_20220608T1031106843_d_img_d32.zip,2022-06-08T10:31:10.684Z,2022-06-08T11:00:46.421Z,4389936000,107.65,View,-2.999423,86.236731,-2.999379,86.924689,26.587952,86.766575,26.585806,87.549418,Selenographic,Equatorial
120,ch2_tmc_ncn_20211111T1322553940_d_img_d18.zip,2021-11-11T13:22:55.394Z,2021-11-11T13:33:12.809Z,1526368000,99.56,View,-1.529116,86.287307,-1.541206,86.907066,28.074214,86.837218,28.059863,87.552521,Selenographic,Equatorial
121,ch2_tmc_ncn_20220116T1511446554_d_img_d32.zip,2022-01-16T15:11:44.655Z,2022-01-16T15:26:51.198Z,2240688000,99.58,View,-1.096754,74.391958,-1.110105,75.042444,28.547897,74.924882,28.533204,75.680428,Selenographic,Equatorial
122,ch2_tmc_ncf_20221129T1431289677_d_img_d32.zip,2022-11-29T14:31:28.967Z,2022-11-29T14:39:16.779Z,1156520000,114.78,View,0.260312,74.452237,0.249607,75.039248,29.950168,74.987681,29.937886,75.678954,Selenographic,Equatorial
123,ch2_tmc_ncf_20191129T0404363519_d_img_d18.zip,2019-11-29T04:04:36.351Z,2019-11-29T04:14:04.665Z,1404976000,88.51,View,1.61617,74.499957,1.652693,75.151652,31.306607,74.97313,31.339806,75.751709,Selenographic,Equatorial
124,ch2_tmc_ncn_20220711T1227442798_d_img_d32.zip,2022-07-11T12:27:44.279Z,2022-07-11T12:42:46.200Z,2229712000,119.71,View,1.55239,71.213606,1.540457,71.861432,31.324575,71.706453,31.310195,72.482746,Selenographic,Equatorial
125,ch2_tmc_ncn_20210520T2102222310_d_img_hw1.zip,2021-05-20T21:02:22.231Z,2021-05-20T21:06:28.133Z,607920000,95.24,View,-1.174016,71.163227,-1.191494,71.808675,28.51981,71.654291,28.500514,72.406323,Selenographic,Equatorial
126,ch2_tmc_ncn_20220714T1527503258_d_img_d32.zip,2022-07-14T15:27:50.325Z,2022-07-14T15:37:50.500Z,1483720000,117.56,View,0.191756,71.220336,0.181228,71.80299,29.914907,71.711147,29.902741,72.399413,Selenographic,Equatorial
127,ch2_tmc_nca_20200620T0008527417_d_img_d18.zip,2020-06-20T00:08:52.741Z,2020-06-20T00:19:34.787Z,1587256000,118.83,View,-1.642861,65.740823,-1.669875,66.37702,28.556226,66.183,28.526531,66.939284,Selenographic,Equatorial
128,ch2_tmc_ncn_20200619T0625382796_d_img_d18.zip,2020-06-19T06:25:38.279Z,2020-06-19T06:36:24.548Z,1597696000,123.38,View,1.044046,65.785738,1.037957,66.424824,31.352222,66.221375,31.34391,67.00313,Selenographic,Equatorial
129,ch2_tmc_ncn_20200619T0229205016_d_img_d18.zip,2020-06-19T02:29:20.501Z,2020-06-19T02:40:06.640Z,1597376000,124.18,View,-0.301616,65.796333,-0.311292,66.371057,29.949843,66.238551,29.938124,66.931349,Selenographic,Equatorial
130,ch2_tmc_ncn_20220117T1445323934_d_img_d32.zip,2022-01-17T14:45:32.393Z,2022-01-17T15:00:43.741Z,2252992000,105.51,View,-1.646561,65.740284,-1.67398,66.376167,28.577995,66.181938,28.548024,66.938057,Selenographic,Equatorial
131,ch2_tmc_ncf_20220626T0519239408_d_img_d32.zip,2022-06-26T05:19:23.940Z,2022-06-26T05:46:07.518Z,3964288000,114.61,View,1.042667,65.785804,1.038284,66.424606,31.3509,66.217853,31.344708,66.999287,Selenographic,Equatorial
132,ch2_tmc_ncf_20221201T0756351243_d_img_d32.zip,2022-12-01T07:56:35.124Z,2022-12-01T08:04:28.560Z,1170424000,113.37,View,-0.300715,65.796453,-0.311332,66.370895,29.950437,66.238383,29.937783,66.930852,Selenographic,Equatorial
133,ch2_tmc_nca_20220719T0152362943_d_img_d18.zip,2022-07-19T01:52:36.294Z,2022-07-19T02:12:47.811Z,2995088000,126.38,View,-1.041929,62.451313,-1.075071,63.082413,28.58839,62.887785,28.553675,63.646134,Selenographic,Equatorial
134,ch2_tmc_ncf_20220123T0221531479_d_img_d18.zip,2022-01-23T02:21:53.147Z,2022-01-23T02:36:56.437Z,2233096000,98,View,1.455513,62.556886,1.497364,63.18998,31.425111,62.916173,31.46686,63.699849,Selenographic,Equatorial
135,ch2_tmc_ncn_20220718T0013016367_d_img_d18.zip,2022-07-18T00:13:01.636Z,2022-07-18T00:33:07.545Z,2979888000,122.12,View,0.241292,62.521756,0.231587,63.092334,29.986067,62.94386,29.975012,63.63894,Selenographic,Equatorial
136,ch2_tmc_ncn_20221127T0917001825_d_img_d32.zip,2022-11-27T09:17:00.182Z,2022-11-27T09:24:56.699Z,1178040000,117.85,View,-0.941599,59.209946,-1.065727,59.822282,28.616292,59.633202,28.481139,60.37221,Selenographic,Equatorial
137,ch2_tmc_ncf_20200705T1815046089_d_img_d18.zip,2020-07-05T18:15:04.608Z,2020-07-05T18:20:06.811Z,747104000,118.77,View,1.544591,59.252029,1.510087,59.878512,31.341774,59.654436,31.301514,60.432109,Selenographic,Equatorial
138,ch2_tmc_nca_20220621T0520071982_d_img_d32.zip,2022-06-21T05:20:07.198Z,2022-06-21T05:33:22.760Z,1966760000,112.97,View,0.271353,59.281764,0.260718,59.845939,29.973113,59.652854,29.959152,60.343655,Selenographic,Equatorial
139,ch2_tmc_nca_20191202T0639511671_d_img_d18.zip,2019-12-02T06:39:51.167Z,2019-12-02T06:49:26.781Z,1423024000,94.52,View,-1.544115,52.631566,-1.558211,53.259046,28.752466,52.979383,28.734505,53.735178,Selenographic,Equatorial
140,ch2_tmc_nca_20220611T1728003676_d_img_d32.zip,2022-06-11T17:28:00.367Z,2022-06-11T17:42:54.444Z,2210312000,111.43,View,1.146516,52.661178,1.127916,53.291457,31.359663,53.052575,31.335105,53.831593,Selenographic,Equatorial
141,ch2_tmc_nca_20200804T1310425663_d_img_d18.zip,2020-08-04T13:10:42.566Z,2020-08-04T13:19:47.454Z,1347064000,103.01,View,-0.196122,52.671532,-0.203562,53.23836,30.057336,53.018374,30.047757,53.709888,Selenographic,Equatorial
142,ch2_tmc_ncn_20200724T0351171314_d_img_d18.zip,2020-07-24T03:51:17.131Z,2020-07-24T04:01:53.289Z,1572056000,110.88,View,-0.877511,46.052355,-0.875748,46.670908,28.742069,46.340672,28.742423,47.079519,Selenographic,Equatorial
143,ch2_tmc_ncn_20221130T1609523761_d_img_n18.zip,2022-11-30T16:09:52.376Z,2022-11-30T16:17:41.945Z,1160864000,113.28,View,1.748966,46.077547,1.742672,46.699545,31.484584,46.387296,31.475469,47.150797,Selenographic,Equatorial
144,ch2_tmc_ncf_20200723T0811164382_d_img_d18.zip,2020-07-23T08:11:16.438Z,2020-07-23T08:21:52.338Z,1572064000,110.24,View,0.437336,46.095258,0.43377,46.654248,30.114508,46.403413,30.108824,47.080023,Selenographic,Equatorial
145,ch2_tmc_ncn_20210519T0657397427_d_img_d18.zip,2021-05-19T06:57:39.742Z,2021-05-19T07:06:24.745Z,1297904000,111.37,View,1.748389,42.790585,1.738458,43.413665,31.477772,43.032025,31.465737,43.796721,Selenographic,Equatorial
146,ch2_tmc_ncf_20200719T0156372891_d_img_d32.zip,2020-07-19T01:56:37.289Z,2020-07-19T02:07:11.900Z,1569520000,110.47,View,-0.874408,42.768989,-0.880166,43.387872,28.728648,43.004245,28.721536,43.743245,Selenographic,Equatorial
147,ch2_tmc_ncn_20211231T0132252884_d_img_d18.zip,2021-12-31T01:32:25.288Z,2021-12-31T01:51:40.357Z,2855536000,76.69,View,0.435325,42.809331,0.428613,43.368952,30.104983,43.056586,30.096694,43.733816,Selenographic,Equatorial
148,ch2_tmc_nca_20221202T1529533603_d_img_n18.zip,2022-12-02T15:29:53.360Z,2022-12-02T15:37:47.155Z,1171312000,116.56,View,-0.058588,39.526516,-0.062111,40.08559,30.182449,39.702441,30.178137,40.382374,Selenographic,Equatorial
149,ch2_tmc_nca_20191127T1051311882_d_img_d18.zip,2019-11-27T10:51:31.188Z,2019-11-27T11:00:56.430Z,1397384000,82.74,View,-1.367448,39.487601,-1.370041,40.105749,28.805252,39.657099,28.802126,40.398724,Selenographic,Equatorial
150,ch2_tmc_ncn_20220120T2317117968_d_img_d18.zip,2022-01-20T23:17:11.796Z,2022-01-20T23:32:15.986Z,2235320000,98.78,View,1.253683,39.503754,1.247674,40.126359,31.559553,39.666423,31.552751,40.434592,Selenographic,Equatorial
151,ch2_tmc_ncf_20220119T2342535252_d_img_d32.zip,2022-01-19T23:42:53.525Z,2022-01-19T23:57:57.711Z,2235272000,99.83,View,-0.80872,32.960453,-0.834282,33.574003,28.896949,33.050384,28.868612,33.789395,Selenographic,Equatorial
152,ch2_tmc_ncf_20220630T0810136773_d_img_d32.zip,2022-06-30T08:10:13.677Z,2022-06-30T08:16:42.498Z,961232000,115.45,View,1.767834,32.974613,1.767913,33.590712,31.613587,33.025313,31.613227,33.788138,Selenographic,Equatorial
153,ch2_tmc_nca_20210531T0515421004_d_img_hw1.zip,2021-05-31T05:15:42.100Z,2021-05-31T05:21:37.486Z,878584000,112,View,0.471332,33.000082,0.471066,33.554409,30.24847,33.069003,30.247612,33.745718,Selenographic,Equatorial
154,ch2_tmc_ncf_20200129T1257183558_d_img_d18.zip,2020-01-29T12:57:18.355Z,2020-01-29T13:07:04.334Z,1448648000,89.72,View,1.867849,29.718905,1.864205,30.343402,31.605604,29.721714,31.601419,30.493401,Selenographic,Equatorial
155,ch2_tmc_ncf_20221130T1609523729_d_img_d32.zip,2022-11-30T16:09:52.372Z,2022-11-30T16:17:41.977Z,1160952000,113.28,View,-0.769467,29.729748,-0.765572,30.352291,28.828548,29.727892,28.831709,30.476178,Selenographic,Equatorial
156,ch2_tmc_nca_20221123T0045573943_d_img_n18.zip,2022-11-23T00:45:57.394Z,2022-11-23T00:53:45.167Z,1156424000,102.18,View,0.551992,29.750856,0.55046,30.312759,30.22232,29.761241,30.220273,30.445789,Selenographic,Equatorial
157,ch2_tmc_ncf_20211223T1811138119_d_img_d32.zip,2021-12-23T18:11:13.811Z,2021-12-23T18:25:48.295Z,2161880000,86.88,View,-0.769332,18.936107,-0.805564,19.572611,29.635426,18.859037,29.598798,19.607995,Selenographic,Equatorial
158,ch2_tmc_ncf_20220619T0033128681_d_img_d32.zip,2022-06-19T00:33:12.868Z,2022-06-19T00:46:18.266Z,1941648000,100.98,View,1.98368,18.953457,1.984708,19.59939,32.291769,18.824844,32.292203,19.605688,Selenographic,Equatorial
159,ch2_tmc_nca_20211226T2103295074_d_img_d18.zip,2021-12-26T21:03:29.507Z,2021-12-26T21:22:48.803Z,2865984000,79.08,View,0.629743,18.989461,0.630863,19.567638,30.909683,18.875635,30.910369,19.564697,Selenographic,Equatorial
160,ch2_tmc_ncn_20210517T1111358595_d_img_d18.zip,2021-05-17T11:11:35.859Z,2021-05-17T11:21:31.949Z,1473648000,112.11,View,1.816181,11.399081,1.791748,12.045061,31.101238,11.310806,31.078316,12.067978,Selenographic,Equatorial
161,ch2_tmc_ncn_20200710T2117095644_d_img_d18.zip,2020-07-10T21:17:09.564Z,2020-07-10T21:27:38.420Z,1554648000,101.61,View,0.359823,11.460826,0.36137,12.039123,29.834564,11.367606,29.836023,12.03701,Selenographic,Equatorial
162,ch2_tmc_nca_20211223T1811138086_d_img_d32.zip,2021-12-23T18:11:13.808Z,2021-12-23T18:25:48.298Z,2161896000,86.88,View,-1.043187,11.447001,-1.032244,12.084232,28.518113,11.341323,28.528518,12.069465,Selenographic,Equatorial
163,ch2_tmc_nca_20220730T1023574780_d_img_d32.zip,2022-07-30T10:23:57.478Z,2022-07-30T10:44:07.533Z,2992520000,123.68,View,1.734881,4.999104,1.738846,5.638592,31.245907,4.947993,31.249675,5.69635,Selenographic,Equatorial
164,ch2_tmc_nca_20220102T0048587892_d_img_d18.zip,2022-01-02T00:48:58.789Z,2022-01-02T01:08:11.809Z,2850472000,79.31,View,0.37735,5.042028,0.377521,5.616355,29.914504,4.992219,29.914186,5.655417,Selenographic,Equatorial
165,ch2_tmc_ncn_20220606T1524528091_d_img_d32.zip,2022-06-06T15:24:52.809Z,2022-06-06T15:54:22.401Z,4374736000,102.27,View,-0.964768,5.00492,-0.966592,5.640238,28.564626,4.964247,28.562515,5.688155,Selenographic,Equatorial
166,ch2_tmc_nca_20221124T0224108252_d_img_d32.zip,2022-11-24T02:24:10.825Z,2022-11-24T02:31:54.956Z,1147128000,104.63,View,-0.922101,2.868659,-0.931637,3.503681,28.578565,2.848893,28.569065,3.571976,Selenographic,Equatorial
167,ch2_tmc_ncf_20220608T1031106875_d_img_d32.zip,2022-06-08T10:31:10.687Z,2022-06-08T11:00:46.424Z,4389936000,107.65,View,0.425166,2.905906,0.424868,3.480255,29.91459,2.877068,29.914098,3.539755,Selenographic,Equatorial
168,ch2_tmc_ncn_20220126T2049204293_d_img_d18.zip,2022-01-26T20:49:20.429Z,2022-01-26T20:58:38.825Z,1378624000,97.29,View,1.796234,2.867253,1.803499,3.506993,31.215512,2.828587,31.223218,3.576356,Selenographic,Equatorial
169,ch2_tmc_nca_20200722T1231279492_d_img_d32.zip,2020-07-22T12:31:27.949Z,2020-07-22T12:42:03.979Z,1572384000,110.75,View,-1.369971,-0.299176,-1.369848,0.333641,23.922995,-0.304533,23.922784,0.384529,Selenographic,Equatorial
170,ch2_tmc_ncn_20201121T0958412848_d_img_d18.zip,2020-11-21T09:58:41.284Z,2020-11-21T10:09:02.976Z,1536936000,98.73,View,1.311701,-0.300526,1.310249,0.337201,26.594812,-0.312347,26.593002,0.397542,Selenographic,Equatorial
171,ch2_tmc_ncf_20220720T1929479256_d_img_d32.zip,2022-07-20T19:29:47.925Z,2022-07-20T19:43:19.532Z,2005224000,129.85,View,-0.031198,-0.261457,-0.030884,0.310952,25.259452,-0.267979,25.258813,0.3622,Selenographic,Equatorial
172,ch2_tmc_nca_20220109T1022082491_d_img_d32.zip,2022-01-09T10:22:08.249Z,2022-01-09T10:37:06.287Z,2220104000,94.54,View,1.78465,-2.447266,1.783989,-1.811983,13.403555,-2.445417,13.403972,-1.796189,Selenographic,Equatorial
173,ch2_tmc_ncn_20210515T1539394551_d_img_hw1.zip,2021-05-15T15:39:39.455Z,2021-05-15T15:42:40.325Z,447152000,113.73,View,0.44696,-2.42608,0.443612,-1.855831,12.075887,-2.413343,12.075095,-1.833331,Selenographic,Equatorial
174,ch2_tmc_nca_20220709T1652316028_d_img_d32.zip,2022-07-09T16:52:31.602Z,2022-07-09T17:07:30.669Z,2222656000,123.3,View,-0.881879,-2.446131,-0.893817,-1.815792,10.753188,-2.436873,10.741651,-1.79881,Selenographic,Equatorial
175,ch2_tmc_nca_20191129T0602237502_d_img_d18.zip,2019-11-29T06:02:23.750Z,2019-11-29T06:11:52.193Z,1405296000,88.55,View,-0.781427,-6.617133,-0.801627,-5.983115,28.625439,-6.606587,28.603933,-5.886135,Selenographic,Equatorial
176,ch2_tmc_ncf_20211115T1945316759_d_img_d18.zip,2021-11-15T19:45:31.675Z,2021-11-15T19:56:36.376Z,1643264000,103.13,View,1.895401,-6.612849,1.893153,-5.976104,31.282953,-6.587344,31.278291,-5.844448,Selenographic,Equatorial
177,ch2_tmc_nca_20191130T0140047387_d_img_d18.zip,2019-11-30T01:40:04.738Z,2019-11-30T01:49:41.372Z,1425544000,89.18,View,0.554255,-6.582541,0.552103,-6.00988,29.951162,-6.570497,29.947542,-5.911144,Selenographic,Equatorial
178,ch2_tmc_ncn_20220624T0033035216_d_img_d32.zip,2022-06-24T00:33:03.521Z,2022-06-24T00:43:01.658Z,1478704000,111.95,View,0.440069,-8.687315,0.440676,-8.109056,29.995386,-8.703101,29.995578,-8.038731,Selenographic,Equatorial
179,ch2_tmc_ncn_20210528T2116056144_d_img_d18.zip,2021-05-28T21:16:05.614Z,2021-05-28T21:32:25.578Z,2421360000,106.33,View,1.791461,-8.719581,1.794918,-8.076432,31.338869,-8.748222,31.342091,-7.999302,Selenographic,Equatorial
180,ch2_tmc_ncf_20200722T1231279524_d_img_d32.zip,2020-07-22T12:31:27.952Z,2020-07-22T12:42:03.975Z,1572368000,110.75,View,-0.916604,-8.723673,-0.923093,-8.083269,28.649273,-8.732047,28.642511,-8.006052,Selenographic,Equatorial
181,ch2_tmc_ncn_20220709T1454084203_d_img_d32.zip,2022-07-09T14:54:08.420Z,2022-07-09T15:09:04.412Z,2215056000,123.29,View,-0.872897,-10.828892,-0.880512,-10.188852,28.708282,-10.844749,28.700793,-10.121734,Selenographic,Equatorial
182,ch2_tmc_nca_20200719T0156372566_d_img_d32.zip,2020-07-19T01:56:37.256Z,2020-07-19T02:07:11.903Z,1569536000,110.47,View,1.850614,-10.831141,1.790139,-10.190928,31.411644,-10.834856,31.350938,-10.092197,Selenographic,Equatorial
183,ch2_tmc_ncn_20211229T0215298898_d_img_d18.zip,2021-12-29T02:15:29.889Z,2021-12-29T02:34:42.907Z,2850464000,74.66,View,0.483756,-10.791881,0.483346,-10.213811,30.041321,-10.814142,30.040641,-10.152417,Selenographic,Equatorial
184,ch2_tmc_nca_20200615T1942454760_d_img_d18.zip,2020-06-15T19:42:45.476Z,2020-06-15T19:53:28.673Z,1590104000,119.35,View,2.097481,-21.472553,2.094996,-20.811183,31.573468,-21.53312,31.571611,-20.785739,Selenographic,Equatorial
185,ch2_tmc_ncf_20220714T1527503258_d_img_d32.zip,2022-07-14T15:27:50.325Z,2022-07-14T15:37:50.500Z,1483720000,117.56,View,0.712042,-21.409175,0.71236,-20.815032,30.227502,-21.481616,30.227005,-20.819043,Selenographic,Equatorial
186,ch2_tmc_ncf_20200719T0750312953_d_img_d32.zip,2020-07-19T07:50:31.295Z,2020-07-19T08:01:07.195Z,1572064000,111.27,View,-0.680473,-21.441794,-0.680375,-20.78408,28.883914,-21.510468,28.883258,-20.786849,Selenographic,Equatorial
187,ch2_tmc_nca_20221125T0402118184_d_img_d32.zip,2022-11-25T04:02:11.818Z,2022-11-25T04:09:59.769Z,1156864000,109.61,View,2.236463,-23.605462,2.236928,-22.939582,31.644842,-23.678871,31.644965,-22.929777,Selenographic,Equatorial
188,ch2_tmc_nca_20220601T0244017679_d_img_d32.zip,2022-06-01T02:44:01.767Z,2022-06-01T02:53:42.737Z,1436264000,122.85,View,0.840829,-23.583435,0.838441,-22.985732,30.302225,-23.63868,30.300262,-22.975078,Selenographic,Equatorial
189,ch2_tmc_ncf_20211215T1123225348_d_img_d32.zip,2021-12-15T11:23:22.534Z,2021-12-15T11:37:44.382Z,2131816000,82.18,View,-0.563086,-23.62474,-0.568553,-22.963571,28.961166,-23.666045,28.956669,-22.941835,Selenographic,Equatorial
190,ch2_tmc_ncn_20220715T2106027065_d_img_d32.zip,2022-07-15T21:06:02.706Z,2022-07-15T21:08:52.112Z,418808000,120.9,View,2.754558,-30.060743,2.756678,-29.462704,30.494556,-30.110555,30.49615,-29.449047,Selenographic,Equatorial
191,ch2_tmc_ncn_20210524T1311568462_d_img_d18.zip,2021-05-24T13:11:56.846Z,2021-05-24T13:20:11.630Z,1223200000,117.02,View,4.162507,-30.094529,4.159063,-29.427646,31.818001,-30.143581,31.813712,-29.396856,Selenographic,Equatorial
192,ch2_tmc_nca_20191229T1201056358_d_img_gds.zip,2019-12-29T12:01:05.635Z,2019-12-29T12:10:42.528Z,1426184000,91.31,View,1.358245,-30.10059,1.34292,-29.439909,29.175601,-30.141239,29.161191,-29.41959,Selenographic,Equatorial
193,ch2_tmc_ncf_20200721T0107425831_d_img_d32.zip,2020-07-21T01:07:42.583Z,2020-07-21T01:18:19.500Z,1574576000,114.71,View,2.45872,-36.621622,2.457529,-35.952481,31.880758,-36.630162,31.879158,-35.879924,Selenographic,Equatorial
194,ch2_tmc_nca_20200113T0552291056_d_img_gds.zip,2020-01-13T05:52:29.105Z,2020-01-13T06:00:23.180Z,1171600000,100.87,View,1.050716,-36.591202,1.049204,-35.991393,30.542643,-36.588684,30.540897,-35.924974,Selenographic,Equatorial
195,ch2_tmc_ncn_20220710T1831594247_d_img_d32.zip,2022-07-10T18:31:59.424Z,2022-07-10T18:46:29.186Z,2150200000,122.17,View,-0.362139,-36.614972,-0.361332,-35.95232,29.208723,-36.611103,29.208455,-35.887734,Selenographic,Equatorial
196,ch2_tmc_nca_20211225T2124517900_d_img_d18.zip,2021-12-25T21:24:51.790Z,2021-12-25T21:35:09.630Z,1527416000,87.43,View,-1.31587,-38.800422,-1.317572,-38.138531,28.885578,-38.774512,28.883475,-38.054055,Selenographic,Equatorial
197,ch2_tmc_ncn_20210514T1001493870_d_img_d18.zip,2021-05-14T10:01:49.387Z,2021-05-14T10:11:40.225Z,1460664000,104.02,View,1.490785,-38.795411,1.491055,-38.127154,31.561976,-38.783921,31.561527,-38.036496,Selenographic,Equatorial
198,ch2_tmc_nca_20211220T1734386913_d_img_d32.zip,2021-12-20T17:34:38.691Z,2021-12-20T17:49:05.117Z,2141928000,84.1,View,0.085547,-38.763785,0.085108,-38.164702,30.223783,-38.743466,30.22277,-38.082316,Selenographic,Equatorial
199,ch2_tmc_ncn_20220607T1500572018_d_img_d32.zip,2022-06-07T15:00:57.201Z,2022-06-07T15:30:30.586Z,4384560000,106.36,View,9.035442,-42.004261,9.033194,-41.409709,18.703984,-41.987566,18.701174,-41.376433,Selenographic,Equatorial
200,ch2_tmc_ncf_20220126T2241288791_d_img_d18.zip,2022-01-26T22:41:28.879Z,2022-01-26T22:56:36.265Z,2243224000,97.11,,10.4144,-42.035986,10.41142,-41.37044,20.062584,-42.017946,20.058677,-41.331002,Selenographic,Equatorial
201,ch2_tmc_ncf_20200620T0405094886_d_img_d18.zip,2020-06-20T04:05:09.488Z,2020-06-20T04:15:00.715Z,1461624000,117.74,View,60.800298,-167.368025,60.804732,-165.746086,30.997987,-167.063732,31.002023,-166.075606,Selenographic,Equatorial
202,ch2_tmc_ncn_20200526T0526071367_d_img_d18.zip,2020-05-26T05:26:07.136Z,2020-05-26T05:35:59.300Z,1463200000,99.57,View,60.903304,161.978715,60.908131,163.258413,30.65093,162.33882,30.654202,163.091692,Selenographic,Equatorial
203,ch2_tmc_ncf_20220105T0947347394_d_img_d18.zip,2022-01-05T09:47:34.739Z,2022-01-05T10:07:12.463Z,2911544000,103.42,View,-59.90574,135.817347,-59.818943,134.27184,0.09989,136.074333,0.186392,135.327269,Selenographic,Equatorial
204,ch2_tmc_ncn_20200629T1039007613_d_img_d18.zip,2020-06-29T10:39:00.761Z,2020-06-29T10:49:43.952Z,1590088000,121.83,View,61.947083,70.206944,61.917414,68.643261,29.765043,71.194367,29.747763,70.257614,Selenographic,Equatorial
205,ch2_tmc_ncn_20221202T1529533603_d_img_d32.zip,2022-12-02T15:29:53.360Z,2022-12-02T15:37:47.155Z,1171312000,116.56,View,44.718218,90.413344,44.710794,91.384559,68.751894,90.617072,68.734899,92.676689,Selenographic,Equatorial
206,ch2_tmc_nca_20200802T1557437507_d_img_d18.zip,2020-08-02T15:57:43.750Z,2020-08-02T16:08:13.632Z,1557184000,101.39,View,-30.86626,-19.113326,-30.86881,-20.063872,-62.635774,-18.671377,-62.639997,-20.31225,Selenographic,Equatorial
207,ch2_tmc_ncf_20211206T0653332014_d_img_d18.zip,2021-12-06T06:53:33.201Z,2021-12-06T07:12:48.300Z,2854944000,98.51,View,-1.420513,172.046923,-1.436447,172.71992,57.701955,171.609051,57.688794,172.925672,Selenographic,Equatorial
208,ch2_tmc_ncf_20221130T0816281622_d_img_d32.zip,2022-11-30T08:16:28.162Z,2022-11-30T08:24:22.702Z,1173152000,113.23,View,43.175249,120.308581,43.169871,121.35045,67.145369,120.00698,67.136403,122.076084,Selenographic,Equatorial
209,ch2_tmc_nca_20220708T1115585949_d_img_d32.zip,2022-07-08T11:15:58.594Z,2022-07-08T11:23:46.458Z,1156648000,120.09,View,59.408601,49.875313,59.395712,48.217422,35.85968,49.885374,35.850332,48.781255,Selenographic,Equatorial
210,ch2_tmc_ncf_20220601T0244017518_d_img_d32.zip,2022-06-01T02:44:01.751Z,2022-06-01T02:53:42.740Z,1436304000,122.85,View,-0.738467,-178.819621,-0.753508,-177.903179,-29.764076,-179.079415,-29.772183,-178.027265,Selenographic,Equatorial
211,ch2_tmc_ncn_20220605T0539347191_d_img_d32.zip,2022-06-05T05:39:34.719Z,2022-06-05T05:44:24.740Z,716984000,117.76,View,46.323905,125.809947,46.338225,126.935941,31.771205,126.111115,31.781418,127.044252,Selenographic,Equatorial
212,ch2_tmc_ncn_20221120T2327186042_d_img_d32.zip,2022-11-20T23:27:18.604Z,2022-11-20T23:35:03.808Z,1150072000,100.74,View,44.750657,-116.212147,44.742167,-115.378095,68.660465,-116.044831,68.645553,-114.323558,Selenographic,Equatorial
213,ch2_tmc_ncn_20200105T1902278938_d_img_mad.zip,2020-01-05T19:02:27.893Z,2020-01-05T19:12:16.691Z,1455616000,95.34,View,-27.824008,47.354338,-27.814797,46.637909,2.33096,47.676381,2.33896,47.039163,Selenographic,Equatorial
214,ch2_tmc_ncn_20221129T1431289709_d_img_d32.zip,2022-11-29T14:31:28.970Z,2022-11-29T14:39:16.747Z,1156432000,114.78,View,44.801515,129.751774,44.802912,130.724499,68.474992,129.030755,68.4782,131.015914,Selenographic,Equatorial
215,ch2_tmc_ncn_20200716T2249059700_d_img_d18.zip,2020-07-16T22:49:05.970Z,2020-07-16T22:59:39.951Z,1567320000,106.27,View,-28.860086,-159.085159,-28.862891,-159.932027,-60.830741,-158.752715,-60.834451,-160.191979,Selenographic,Equatorial
216,ch2_tmc_nca_20220602T0411109521_d_img_d32.zip,2022-06-02T04:11:10.952Z,2022-06-02T04:41:11.262Z,4450632000,124.02,View,63.194221,167.560653,63.137551,169.36957,-26.469036,165.171022,-26.561977,166.166292,Selenographic,Equatorial
217,ch2_tmc_ncf_20220722T0106188098_d_img_d32.zip,2022-07-22T01:06:18.809Z,2022-07-22T01:16:28.210Z,1506552000,133.89,View,33.424525,-128.165321,33.350416,-129.37124,3.482168,-128.342218,3.403414,-129.329522,Selenographic,Equatorial
218,ch2_tmc_ncn_20211205T0714574930_d_img_d18.zip,2021-12-05T07:14:57.493Z,2021-12-05T07:34:46.371Z,2939120000,97.36,View,-0.138692,-174.553031,-0.136685,-173.950281,60.812499,-175.301909,60.815972,-174.029072,Selenographic,Equatorial
219,ch2_tmc_nca_20200711T0113133892_d_img_d18.zip,2020-07-11T01:13:13.389Z,2020-07-11T01:23:42.245Z,1554648000,101.58,View,-30.552061,-80.082924,-30.559258,-80.945589,-62.419947,-78.281316,-62.441766,-79.846986,Selenographic,Equatorial
220,ch2_tmc_ncf_20220518T2245448375_d_img_d18.zip,2022-05-18T22:45:44.837Z,2022-05-18T22:48:53.170Z,465600000,113.67,View,10.888459,-4.893119,10.884965,-4.035248,1.449638,-4.954135,1.445327,-4.11442,Selenographic,Equatorial
221,ch2_tmc_ncn_20220719T1938314859_d_img_d18.zip,2022-07-19T19:38:31.485Z,2022-07-19T19:48:00.597Z,1408032000,130.23,View,61.448081,-98.687097,61.445142,-100.468406,33.277484,-98.907803,33.271787,-99.964769,Selenographic,Equatorial
222,ch2_tmc_ncf_20200207T0122596445_d_img_m65.zip,2020-02-07T01:22:59.644Z,2020-02-07T01:32:43.765Z,1445488000,83.82,View,-29.977383,-17.393406,-29.976218,-18.155424,0.1547,-17.483296,0.155589,-18.096697,Selenographic,Equatorial
223,ch2_tmc_nca_20220708T0917311421_d_img_d32.zip,2022-07-08T09:17:31.142Z,2022-07-08T09:21:51.696Z,644144000,117.07,View,59.435745,49.726343,59.33684,48.033289,46.29594,50.024666,46.20228,48.730992,Selenographic,Equatorial
224,ch2_tmc_nca_20210630T0620557900_d_img_hw1.zip,2021-06-30T06:20:55.790Z,2021-06-30T06:24:01.570Z,459288000,114.93,View,-73.333527,-66.532286,-73.383267,-69.508675,-82.578858,-60.743274,-82.686211,-67.269131,Polar stereographic,South
225,ch2_tmc_nca_20220603T0419084026_d_img_d32.zip,2022-06-03T04:19:08.402Z,2022-06-03T04:29:08.464Z,1483456000,123.57,View,3.231128,154.357959,3.205639,155.212968,-26.652007,154.03878,-26.68061,155.026459,Selenographic,Equatorial
226,ch2_tmc_ncf_20200623T0853439522_d_img_d18.zip,2020-06-23T08:53:43.952Z,2020-06-23T09:04:17.801Z,1566992000,110.23,View,60.243505,150.885079,60.260003,152.360649,28.077137,151.246658,28.093939,152.157861,Selenographic,Equatorial
227,ch2_tmc_ncn_20220623T0234456620_d_img_d32.zip,2022-06-23T02:34:45.662Z,2022-06-23T03:04:42.902Z,4443088000,111.08,View,61.267198,-107.984558,61.252349,-109.548953,-28.763885,-107.278691,-28.771924,-108.104423,Selenographic,Equatorial
228,ch2_tmc_ncn_20201126T1610528086_d_img_d32.zip,2020-11-26T16:10:52.808Z,2020-11-26T16:30:28.354Z,2906160000,98.92,View,-30.053721,70.147443,-30.065547,70.911551,29.930354,71.193482,29.919494,71.951887,Selenographic,Equatorial
229,ch2_tmc_nca_20200129T1257183558_d_img_d18.zip,2020-01-29T12:57:18.355Z,2020-01-29T13:07:04.331Z,1448640000,89.72,View,-32.789524,94.27386,-32.794756,93.482904,-2.630005,94.841722,-2.638572,94.182036,Selenographic,Equatorial
230,ch2_tmc_ncn_20200730T1452348525_d_img_d18.zip,2020-07-30T14:52:34.852Z,2020-07-30T15:03:12.797Z,1577120000,118.28,View,31.297754,21.335309,31.295594,20.445233,-0.634796,21.21545,-0.636869,20.428817,Selenographic,Equatorial
231,ch2_tmc_nca_20211227T0258106264_d_img_d18.zip,2021-12-27T02:58:10.626Z,2021-12-27T03:17:26.715Z,2858056000,78.64,View,-63.123326,-103.436478,-63.099766,-104.960346,-2.952459,-102.306935,-2.94351,-102.872758,Selenographic,Equatorial
232,ch2_tmc_nca_20211124T1644051529_d_img_d18.zip,2021-11-24T16:44:05.152Z,2021-11-24T16:54:24.154Z,1530288000,109.1,View,-59.436094,-35.461031,-59.438892,-33.798569,-28.360962,-35.194521,-28.363941,-34.279465,Selenographic,Equatorial
233,ch2_tmc_ncf_20191215T0851578290_d_img_gds.zip,2019-12-15T08:51:57.829Z,2019-12-15T09:00:55.229Z,1328552000,85.22,View,1.358245,-30.10059,1.34292,-29.439909,29.175601,-30.141239,29.161191,-29.41959,Selenographic,Equatorial
234,ch2_tmc_ncn_20220602T0411113533_d_img_d32.zip,2022-06-02T04:11:11.353Z,2022-06-02T04:41:11.266Z,4449680000,124.02,View,61.419412,167.583154,61.414684,169.117955,-28.553698,167.100508,-28.555222,168.014387,Selenographic,Equatorial
235,ch2_tmc_nca_20220708T1711196157_d_img_d32.zip,2022-07-08T17:11:19.615Z,2022-07-08T17:19:35.308Z,1224760000,120.75,View,59.437826,46.793668,59.427053,45.122489,34.528821,46.735096,34.52116,45.64255,Selenographic,Equatorial
236,ch2_tmc_ncf_20211204T0142031075_d_img_d18.zip,2021-12-04T01:42:03.107Z,2021-12-04T02:00:08.929Z,2682280000,92.02,View,-1.594021,-158.33717,-1.59576,-157.688754,54.266662,-158.97823,54.267594,-157.878167,Selenographic,Equatorial
237,ch2_tmc_ncn_20220518T2239379187_d_img_d18.zip,2022-05-18T22:39:37.918Z,2022-05-18T22:45:52.315Z,925584000,114.07,View,31.075853,-4.769725,31.071079,-3.885291,12.298022,-4.835473,12.294749,-4.057016,Selenographic,Equatorial
238,ch2_tmc_ncf_20220531T0458002784_d_img_d32.zip,2022-05-31T04:58:00.278Z,2022-05-31T05:08:01.485Z,1486296000,121.08,View,-9.953757,-166.356739,-10.031682,-165.3794,-39.89791,-166.614752,-39.968489,-165.379061,Selenographic,Equatorial
239,ch2_tmc_nca_20220605T0733298540_d_img_d32.zip,2022-06-05T07:33:29.854Z,2022-06-05T08:03:27.944Z,4443080000,122.5,View,63.57944,125.074581,63.487789,126.937809,-25.698113,121.848498,-25.877263,122.83437,Selenographic,Equatorial
240,ch2_tmc_ncf_20200527T0859584815_d_img_d18.zip,2020-05-27T08:59:58.481Z,2020-05-27T09:09:46.973Z,1455936000,95.38,View,59.214202,146.808142,59.218648,148.08879,28.901001,147.168037,28.903706,147.951484,Selenographic,Equatorial
241,ch2_tmc_nca_20211210T1310001462_d_img_d32.zip,2021-12-10T13:10:00.146Z,2021-12-10T13:39:16.304Z,4341528000,98.81,View,-29.644408,115.655499,-29.652603,116.468983,60.349254,116.627758,60.333291,118.091274,Selenographic,Equatorial
242,ch2_tmc_ncf_20221201T1153148447_d_img_n18.zip,2022-12-01T11:53:14.844Z,2022-12-01T12:01:02.521Z,1156184000,113.71,View,43.17859,105.424888,43.168775,106.48075,66.791981,105.450474,66.774372,107.525617,Selenographic,Equatorial
243,ch2_tmc_nca_20200207T0716469418_d_img_d18.zip,2020-02-07T07:16:46.941Z,2020-02-07T07:26:29.594Z,1440424000,84.93,View,-32.816004,-20.559374,-32.815437,-21.377979,-2.642303,-20.672652,-2.641949,-21.310483,Selenographic,Equatorial
244,ch2_tmc_ncf_20220608T1258481856_d_img_d32.zip,2022-06-08T12:58:48.185Z,2022-06-08T13:08:41.357Z,1466048000,107.03,View,-30.277912,83.7356,-30.265064,84.649412,-60.238963,84.198083,-60.217291,85.775884,Selenographic,Equatorial
245,ch2_tmc_ncf_20210530T2321067538_d_img_d18.zip,2021-05-30T23:21:06.753Z,2021-05-30T23:37:44.254Z,2466000000,99.17,View,-38.322418,-32.710323,-38.325756,-31.663093,-88.982983,-50.907431,-88.96129,-9.309351,Polar stereographic,South
246,ch2_tmc_ncn_20220127T0039185733_d_img_d18.zip,2022-01-27T00:39:18.573Z,2022-01-27T00:54:25.832Z,2242912000,97.06,View,-74.416998,29.248506,-74.41782,32.008203,-59.614227,-148.69919,-59.615801,-149.965939,Selenographic,Equatorial
247,ch2_tmc_ncn_20220130T0713123542_d_img_d18.zip,2022-01-30T07:13:12.354Z,2022-01-30T07:28:09.501Z,2217912000,89.39,View,-74.528458,-14.306729,-74.531313,-11.822536,-59.497246,167.823438,-59.499796,166.661112,Selenographic,Equatorial
248,ch2_tmc_nca_20220127T0039185765_d_img_d18.zip,2022-01-27T00:39:18.576Z,2022-01-27T00:54:25.832Z,2242904000,97.06,View,-72.675781,29.251216,-72.676089,32.020007,-61.116874,-148.588402,-61.11914,-150.062297,Selenographic,Equatorial
249,ch2_tmc_nca_20220709T1057151934_d_img_d32.zip,2022-07-09T10:57:15.193Z,2022-07-09T11:11:36.437Z,2129136000,123,View,59.470121,37.673249,59.46949,36.020093,16.233586,37.199121,16.232444,36.244925,Selenographic,Equatorial
250,ch2_tmc_nca_20200607T2239162106_d_img_d18.zip,2020-06-07T22:39:16.210Z,2020-06-07T22:49:52.240Z,1572384000,108.15,View,63.225291,-6.111775,63.236567,-4.357287,31.087514,-5.485553,31.095701,-4.537129,Selenographic,Equatorial
251,ch2_tmc_nca_20220712T1754088924_d_img_d32.zip,2022-07-12T17:54:08.892Z,2022-07-12T18:09:11.334Z,2230192000,122.47,View,59.332814,-5.352449,59.389861,-7.106213,14.368002,-6.361335,14.425917,-7.308768,Selenographic,Equatorial
252,ch2_tmc_ncn_20200623T0853439522_d_img_d18.zip,2020-06-23T08:53:43.952Z,2020-06-23T09:04:17.804Z,1567000000,110.23,View,61.801955,150.900088,61.806002,152.29585,29.673573,151.255663,29.676089,152.088823,Selenographic,Equatorial
253,ch2_tmc_nca_20211116T1924288609_d_img_d18.zip,2021-11-16T19:24:28.860Z,2021-11-16T19:35:32.406Z,1640408000,100.8,View,-88.620092,-51.259021,-89.17895,-79.396238,-56.977956,67.367516,-56.995795,68.723914,Polar stereographic,South
254,ch2_tmc_ncf_20220520T0156388262_d_img_d18.zip,2022-05-20T01:56:38.826Z,2022-05-20T02:06:34.893Z,1473592000,114.47,View,59.179019,-20.025536,59.170622,-18.368302,29.273568,-20.117496,29.268575,-19.132181,Selenographic,Equatorial
255,ch2_tmc_nca_20220715T1720251601_d_img_d32.zip,2022-07-15T17:20:25.160Z,2022-07-15T17:35:17.430Z,2204792000,105.42,View,-10.533749,-45.49118,-10.53425,-46.376866,-55.293216,-45.455424,-55.293188,-46.834951,Selenographic,Equatorial
256,ch2_tmc_ncf_20220718T1957202135_d_img_d18.zip,2022-07-18T19:57:20.213Z,2022-07-18T20:07:00.697Z,1435064000,128.13,View,63.409063,-86.98006,63.384503,-89.040428,34.690117,-86.698037,34.672821,-87.850456,Selenographic,Equatorial
257,ch2_tmc_nca_20210521T2109258812_d_img_hw1.zip,2021-05-21T21:09:25.881Z,2021-05-21T21:13:33.495Z,612152000,114.53,View,-69.504648,-130.948492,-70.660612,-58.290596,-58.741156,-117.121053,-59.489786,-70.745657,Selenographic,Equatorial
258,ch2_tmc_ncf_20221128T0658252934_d_img_d32.zip,2022-11-28T06:58:25.293Z,2022-11-28T07:06:20.771Z,1175472000,119.5,View,43.166308,146.51549,43.163298,147.60419,66.993194,145.27698,66.997679,147.431151,Selenographic,Equatorial
259,ch2_tmc_ncn_20220520T0156388262_d_img_d18.zip,2022-05-20T01:56:38.826Z,2022-05-20T02:06:34.896Z,1473600000,114.47,View,60.975194,-19.954932,60.967074,-18.379232,31.091266,-20.065623,31.086528,-19.161979,Selenographic,Equatorial
260,ch2_tmc_nca_20201121T0958412880_d_img_d18.zip,2020-11-21T09:58:41.288Z,2020-11-21T10:09:02.972Z,1536920000,98.73,View,0.194625,139.971708,0.191632,140.61897,32.266098,139.973764,32.261974,140.829213,Selenographic,Equatorial
261,ch2_tmc_ncf_20221123T0045573910_d_img_d32.zip,2022-11-23T00:45:57.391Z,2022-11-23T00:53:45.151Z,1156392000,102.18,View,43.308512,-143.431774,43.311238,-142.499213,67.204919,-144.135007,67.209165,-142.281577,Selenographic,Equatorial
262,ch2_tmc_ncf_20220101T0506523847_d_img_d18.zip,2022-01-01T05:06:52.384Z,2022-01-01T05:26:07.579Z,2855848000,79.33,View,-60.202562,-167.710984,-60.21791,-169.090496,-0.465862,-168.804996,-0.472997,-169.403274,Selenographic,Equatorial
263,ch2_tmc_ncf_20200704T1637018932_d_img_d18.zip,2020-07-04T16:37:01.893Z,2020-07-04T16:42:07.166Z,754696000,114.47,View,78.926343,3.756211,78.911412,-0.408192,63.644149,3.178962,63.637137,1.290737,Selenographic,Equatorial
264,ch2_tmc_ncf_20211127T1936383301_d_img_d18.zip,2021-11-27T19:36:38.330Z,2021-11-27T19:46:53.927Z,1519808000,103.37,View,-63.042181,-78.536351,-63.08647,-76.840159,-31.795045,-77.072958,-31.827383,-76.209405,Selenographic,Equatorial
265,ch2_tmc_ncn_20211225T1926394313_d_img_d18.zip,2021-12-25T19:26:39.431Z,2021-12-25T19:35:26.822Z,1303808000,89.01,View,-61.511189,-86.076855,-61.487622,-87.427187,-34.448809,-85.42187,-34.436188,-86.125445,Selenographic,Equatorial
266,ch2_tmc_ncf_20211116T1924288577_d_img_d18.zip,2021-11-16T19:24:28.857Z,2021-11-16T19:35:32.406Z,1640416000,100.8,View,-85.905599,-93.822842,-86.058343,-104.473357,-60.097377,67.150504,-60.117482,68.631261,Polar stereographic,South
267,ch2_tmc_ncf_20200131T1010006367_d_img_d18.zip,2020-01-31T10:10:00.636Z,2020-01-31T10:19:44.441Z,1443272000,83.03,View,-30.722178,69.513933,-30.708822,68.78025,-0.480831,70.003706,-0.469688,69.386657,Selenographic,Equatorial
268,ch2_tmc_nca_20220625T2345282084_d_img_d32.zip,2022-06-25T23:45:28.208Z,2022-06-25T23:55:26.995Z,1480304000,111.45,View,-0.507871,-145.860649,-0.508897,-146.707483,-30.406744,-145.999886,-30.406861,-146.911911,Selenographic,Equatorial
269,ch2_tmc_ncf_20191201T1457503374_d_img_gds.zip,2019-12-01T14:57:50.337Z,2019-12-01T15:07:21.725Z,1412576000,95.18,View,-1.256342,150.877712,-1.249376,151.507446,28.053996,150.801111,28.064189,151.594479,Selenographic,Equatorial
270,ch2_tmc_ncf_20221123T0442392585_d_img_d32.zip,2022-11-23T04:42:39.258Z,2022-11-23T04:50:26.210Z,1154392000,102.05,View,43.422365,-145.63472,43.415437,-144.710128,67.314897,-146.391142,67.308906,-144.54987,Selenographic,Equatorial
271,ch2_tmc_ncn_20221128T0856469820_d_img_d32.zip,2022-11-28T08:56:46.982Z,2022-11-28T09:04:32.266Z,1152456000,119.41,View,44.95476,145.468921,44.963388,146.475199,68.418065,144.193869,68.434762,146.244052,Selenographic,Equatorial
272,ch2_tmc_ncf_20210523T1109145540_d_img_d18.zip,2021-05-23T11:09:14.554Z,2021-05-23T11:17:39.522Z,1248376000,115.81,View,-59.415942,67.357865,-59.383102,69.108327,-84.651367,71.283637,-84.51497,80.129436,Polar stereographic,South
273,ch2_tmc_ncf_20220722T0453004942_d_img_d32.zip,2022-07-22T04:53:00.494Z,2022-07-22T05:16:42.932Z,3516472000,131.11,View,63.252376,-131.050393,63.24184,-133.127432,-6.655032,-131.257827,-6.660047,-132.203111,Selenographic,Equatorial
274,ch2_tmc_nca_20210517T1310144473_d_img_d18.zip,2021-05-17T13:10:14.447Z,2021-05-17T13:20:10.541Z,1473656000,111.98,View,-55.222825,144.310356,-55.248233,145.865933,-85.195756,140.873247,-85.212179,150.945268,Polar stereographic,South
275,ch2_tmc_nca_20220130T0515221473_d_img_d18.zip,2022-01-30T05:15:22.147Z,2022-01-30T05:30:19.162Z,2217584000,89.72,View,-73.019191,-13.187821,-73.021384,-10.654556,-60.860168,169.015345,-60.863306,167.66482,Selenographic,Equatorial
276,ch2_tmc_ncn_20211225T1935192015_d_img_d18.zip,2021-12-25T19:35:19.201Z,2021-12-25T19:45:04.296Z,1446464000,82.2,View,-34.812533,-85.424663,-34.801953,-86.148416,-4.493025,-85.036718,-4.484869,-85.586664,Selenographic,Equatorial
277,ch2_tmc_ncn_20211114T1617333024_d_img_d18.zip,2021-11-14T16:17:33.302Z,2021-11-14T16:28:06.594Z,1565616000,92.31,View,-87.597153,-51.45878,-87.852112,-65.855152,-59.568624,95.219994,-59.58728,96.422367,Polar stereographic,South
278,ch2_tmc_ncn_20220707T1729565940_d_img_d32.zip,2022-07-07T17:29:56.594Z,2022-07-07T17:35:04.828Z,762016000,116.72,View,61.211365,57.933148,61.181849,56.348515,45.728316,58.38802,45.707985,57.242715,Selenographic,Equatorial
279,ch2_tmc_ncf_20200712T2028064170_d_img_d18.zip,2020-07-12T20:28:06.417Z,2020-07-12T20:38:38.871Z,1564472000,105.85,View,-23.41491,-104.053503,-23.401765,-104.916877,-55.412656,-102.844985,-55.407266,-104.182523,Selenographic,Equatorial
280,ch2_tmc_ncf_20220622T0100261683_d_img_d32.zip,2022-06-22T01:00:26.168Z,2022-06-22T01:10:22.133Z,1473336000,115.91,View,63.041004,-92.776854,62.966804,-94.678625,33.220752,-92.980626,33.14418,-94.024572,Selenographic,Equatorial
281,ch2_tmc_ncn_20210514T0803114100_d_img_d18.zip,2021-05-14T08:03:11.410Z,2021-05-14T08:13:02.306Z,1460808000,103.46,View,-57.644596,-173.696756,-57.641398,-172.250774,-87.460973,179.416771,-87.452256,-164.454071,Polar stereographic,South
282,ch2_tmc_ncf_20220706T0954582422_d_img_d32.zip,2022-07-06T09:54:58.242Z,2022-07-06T10:04:57.103Z,1480496000,119.98,View,62.957159,74.668168,62.984289,72.741962,33.066013,75.66071,33.11908,74.561131,Selenographic,Equatorial
283,ch2_tmc_nca_20220627T0653129716_d_img_d32.zip,2022-06-27T06:53:12.971Z,2022-06-27T07:06:30.786Z,1972344000,117.55,View,59.598315,-161.880472,59.59057,-163.504984,19.558531,-162.884878,19.543446,-163.790682,Selenographic,Equatorial
284,ch2_tmc_ncn_20220623T0442486954_d_img_d32.zip,2022-06-23T04:42:48.695Z,2022-06-23T05:02:44.848Z,2957080000,111.24,View,31.178719,-108.843175,31.170341,-109.748851,-28.727692,-108.399606,-28.734951,-109.227708,Selenographic,Equatorial
285,ch2_tmc_ncn_20221201T1351354757_d_img_d32.zip,2022-12-01T13:51:35.475Z,2022-12-01T13:59:25.406Z,1162816000,114.35,View,44.820735,104.409527,44.814638,105.38988,68.670403,104.481709,68.656349,106.513267,Selenographic,Equatorial
286,ch2_tmc_nca_20220706T0756306281_d_img_d32.zip,2022-07-06T07:56:30.628Z,2022-07-06T08:06:28.748Z,1478656000,119.77,View,59.448404,78.357751,59.513221,76.648869,29.394143,78.305923,29.462015,77.255649,Selenographic,Equatorial
287,ch2_tmc_ncn_20221123T0045573910_d_img_d32.zip,2022-11-23T00:45:57.391Z,2022-11-23T00:53:45.151Z,1156392000,102.18,View,44.742935,-143.409446,44.746538,-142.549524,68.727033,-144.13293,68.732335,-142.354012,Selenographic,Equatorial
288,ch2_tmc_ncn_20221202T0934517421_d_img_d32.zip,2022-12-02T09:34:51.742Z,2022-12-02T09:42:42.903Z,1164800000,116.4,View,44.701477,93.66486,44.694019,94.639209,68.586001,93.870514,68.56895,95.916684,Selenographic,Equatorial
289,ch2_tmc_ncf_20191129T1155451301_d_img_d18.zip,2019-11-29T11:55:45.130Z,2019-11-29T12:05:13.569Z,1405288000,88.72,View,-1.545809,179.27826,-1.549209,179.866679,27.768227,179.261984,27.764565,179.978518,Selenographic,Equatorial
290,ch2_tmc_ncf_20211225T1935191982_d_img_d18.zip,2021-12-25T19:35:19.198Z,2021-12-25T19:45:04.296Z,1446472000,82.2,View,-33.420117,-85.350658,-33.408695,-86.140439,-3.209835,-84.972699,-3.199708,-85.581563,Selenographic,Equatorial
291,ch2_tmc_ncn_20200711T0113133860_d_img_d18.zip,2020-07-11T01:13:13.386Z,2020-07-11T01:23:42.242Z,1554648000,101.58,View,-28.980458,-80.17283,-28.997645,-80.948931,-60.910749,-78.594035,-60.938601,-79.956925,Selenographic,Equatorial
292,ch2_tmc_ncn_20220703T1050539240_d_img_d32.zip,2022-07-03T10:50:53.924Z,2022-07-03T11:00:49.475Z,1473312000,115.21,View,61.059912,114.158949,61.028826,112.573003,31.102872,114.894067,31.088382,113.970495,Selenographic,Equatorial
293,ch2_tmc_ncn_20221202T1331333518_d_img_n18.zip,2022-12-02T13:31:33.351Z,2022-12-02T13:39:28.510Z,1174680000,116.67,View,44.736663,91.49336,44.728327,92.465702,68.831201,91.70645,68.813106,93.774218,Selenographic,Equatorial
294,ch2_tmc_nca_20220102T0643359636_d_img_d18.zip,2022-01-02T06:43:35.963Z,2022-01-02T07:02:48.984Z,2850472000,79.27,View,-62.887111,177.675527,-62.894004,176.190952,-2.801739,176.871029,-2.808031,176.269991,Selenographic,Equatorial
295,ch2_tmc_ncn_20200112T0024407810_d_img_m65.zip,2020-01-12T00:24:40.781Z,2020-01-12T00:34:37.212Z,1473968000,100.33,View,-22.673728,-34.055711,-22.672009,-34.836584,7.566729,-34.093824,7.568218,-34.775308,Selenographic,Equatorial
296,ch2_tmc_nca_20210520T1701224921_d_img_d18.zip,2021-05-20T17:01:22.492Z,2021-05-20T17:11:19.599Z,1476160000,111.96,View,-55.370515,103.671031,-55.344823,105.177265,-85.569081,109.598485,-85.399471,119.844081,Polar stereographic,South
297,ch2_tmc_ncn_20211226T0121199228_d_img_d18.zip,2021-12-26T01:21:19.922Z,2021-12-26T01:34:50.989Z,2005104000,84.34,View,-61.519168,-89.371892,-61.496971,-90.707576,-19.745228,-88.481551,-19.736127,-89.061315,Selenographic,Equatorial
298,ch2_tmc_ncn_20200620T0405094886_d_img_d18.zip,2020-06-20T04:05:09.488Z,2020-06-20T04:15:00.712Z,1461616000,117.74,View,62.472867,-167.348117,62.475559,-165.806447,32.791578,-167.033179,32.793647,-166.126351,Selenographic,Equatorial
299,ch2_tmc_ncf_20200727T0635146893_d_img_d18.zip,2020-07-27T06:35:14.689Z,2020-07-27T06:45:56.858Z,1587560000,118.9,View,-26.826427,65.481638,-26.843739,64.462359,-58.853356,66.736685,-58.879982,65.045028,Selenographic,Equatorial
300,ch2_tmc_ncn_20220710T1038197115_d_img_d32.zip,2022-07-10T10:38:19.711Z,2022-07-10T10:53:17.871Z,2220392000,122.55,,61.244522,25.295866,61.252326,23.697533,16.344016,24.299596,16.347447,23.437816,Selenographic,Equatorial
301,ch2_tmc_ncn_20220701T0533051818_d_img_d32.zip,2022-07-01T05:33:05.181Z,2022-07-01T05:49:33.339Z,2442880000,111.83,View,61.195138,146.099957,61.199236,144.689985,11.221598,145.299401,11.223486,144.556852,Selenographic,Equatorial
302,ch2_tmc_ncf_20220130T0515221440_d_img_d18.zip,2022-01-30T05:15:22.144Z,2022-01-30T05:30:19.165Z,2217600000,89.72,View,-76.141344,-13.51141,-76.144884,-10.426803,-58.083707,168.939593,-58.08602,167.697508,Selenographic,Equatorial
303,ch2_tmc_ncf_20220625T2345282084_d_img_d32.zip,2022-06-25T23:45:28.208Z,2022-06-25T23:55:26.995Z,1480272000,111.45,View,3.059286,-145.862084,3.062649,-146.708173,-27.085399,-146.011838,-27.081468,-146.893303,Selenographic,Equatorial
304,ch2_tmc_ncf_20210517T1712004436_d_img_hw1.zip,2021-05-17T17:12:00.443Z,2021-05-17T17:16:04.491Z,603336000,112.07,View,-72.35906,141.84104,-72.358824,144.742792,-84.566602,140.898077,-84.515626,149.919331,Polar stereographic,South
305,ch2_tmc_ncf_20220801T0747415174_d_img_d18.zip,2022-08-01T07:47:41.517Z,2022-08-01T07:59:07.524Z,1695936000,131.88,View,32.305004,95.120547,32.287679,93.980792,-1.487529,95.40651,-1.502535,94.424657,Selenographic,Equatorial
306,ch2_tmc_ncn_20220119T2342535252_d_img_d32.zip,2022-01-19T23:42:53.525Z,2022-01-19T23:57:57.715Z,2235296000,99.83,View,-74.539475,123.660911,-74.515169,126.309495,-59.587269,-57.194852,-59.576418,-58.495998,Selenographic,Equatorial
307,ch2_tmc_ncn_20200722T0439298494_d_img_d32.zip,2020-07-22T04:39:29.849Z,2020-07-22T04:50:06.826Z,1574592000,111.51,View,-29.118973,132.315842,-29.125435,131.458868,-61.139982,133.183938,-61.15464,131.654017,Selenographic,Equatorial
308,ch2_tmc_ncn_20220608T1031106843_d_img_d32.zip,2022-06-08T10:31:10.684Z,2022-06-08T11:00:46.424Z,4389944000,107.65,View,61.463736,82.99702,61.482809,84.439846,-28.481293,84.838285,-28.47064,85.666039,Selenographic,Equatorial
309,ch2_tmc_nca_20221120T2327186073_d_img_d32.zip,2022-11-20T23:27:18.607Z,2022-11-20T23:35:03.778Z,1149992000,100.74,View,46.141404,-116.251237,46.130527,-115.299801,70.131491,-116.114837,70.112106,-114.064582,Selenographic,Equatorial
310,ch2_tmc_ncf_20220112T1458093645_d_img_d32.zip,2022-01-12T14:58:09.364Z,2022-01-12T15:13:05.486Z,2215336000,89.18,View,-76.072312,-140.35032,-76.05731,-137.357746,-58.102018,40.052143,-58.096587,38.817127,Selenographic,Equatorial
311,ch2_tmc_ncn_20191129T0602237470_d_img_d18.zip,2019-11-29T06:02:23.747Z,2019-11-29T06:11:52.193Z,1405304000,88.55,View,-0.422148,-177.416818,-0.396697,-176.89047,29.106749,-177.4636,29.13481,-176.816365,Selenographic,Equatorial
312,ch2_tmc_ncn_20201122T1329344614_d_img_d18.zip,2020-11-22T13:29:34.461Z,2020-11-22T13:39:53.785Z,1529336000,95.36,View,-1.114309,125.014761,-1.119932,125.585694,30.712566,125.274165,30.705031,125.998015,Selenographic,Equatorial
313,ch2_tmc_nca_20220802T0530199469_d_img_d18.zip,2022-08-02T05:30:19.946Z,2022-08-02T05:40:14.312Z,1469384000,134.53,View,28.320862,83.234955,28.300379,82.123718,-0.951618,83.488218,-0.97072,82.491211,Selenographic,Equatorial
314,ch2_tmc_ncn_20220124T2332413686_d_img_d18.zip,2022-01-24T23:32:41.368Z,2022-01-24T23:47:50.800Z,2248280000,98.57,View,-74.087581,57.936473,-74.059196,60.708784,-59.958271,-123.131534,-59.946116,-124.430901,Selenographic,Equatorial
315,ch2_tmc_ncf_20220607T1500572343_d_img_d32.zip,2022-06-07T15:00:57.234Z,2022-06-07T15:30:30.582Z,4384544000,106.36,View,29.716508,94.994325,29.731665,95.871474,-60.23551,96.211522,-60.20866,97.803374,Selenographic,Equatorial
316,ch2_tmc_nca_20220710T1038197019_d_img_d32.zip,2022-07-10T10:38:19.701Z,2022-07-10T10:53:17.874Z,2220440000,122.55,View,59.442247,25.306255,59.450914,23.62308,14.404221,24.336636,14.408352,23.385896,Selenographic,Equatorial
317,ch2_tmc_ncn_20221203T1708208906_d_img_d32.zip,2022-12-03T17:08:20.890Z,2022-12-03T17:16:06.113Z,1150120000,115.63,View,44.84493,76.310969,44.837857,77.260105,68.504431,76.450904,68.488356,78.453003,Selenographic,Equatorial
318,ch2_tmc_ncf_20221130T0816281622_d_img_n18.zip,2022-11-30T08:16:28.162Z,2022-11-30T08:24:22.702Z,1173152000,113.22,View,43.173061,120.310235,43.170326,121.353783,67.138572,120.006324,67.132265,122.078162,Selenographic,Equatorial
319,ch2_tmc_nca_20211230T0352162129_d_img_d18.zip,2021-12-30T03:52:16.212Z,2021-12-30T04:11:32.430Z,2858376000,76.16,View,-62.906289,-141.626098,-62.903684,-143.161977,-2.617251,-141.805041,-2.616556,-142.363773,Selenographic,Equatorial
320,ch2_tmc_ncn_20191201T1102192527_d_img_d18.zip,2019-12-01T11:02:19.252Z,2019-12-01T11:11:50.763Z,1412880000,94.98,View,0.018875,153.068863,0.019321,153.632219,29.447087,152.99009,29.447214,153.708811,Selenographic,Equatorial
321,ch2_tmc_ncn_20220608T1427113168_d_img_d32.zip,2022-06-08T14:27:11.316Z,2022-06-08T14:56:47.506Z,4389928000,107.89,View,61.497021,80.819873,61.517241,82.263302,-28.407352,82.701015,-28.395249,83.526452,Selenographic,Equatorial
322,ch2_tmc_ncn_20210515T0550183574_d_img_d18.zip,2021-05-15T05:50:18.357Z,2021-05-15T05:56:58.700Z,990600000,105.64,View,-63.285224,174.588015,-63.278101,176.296404,-83.499001,172.9845,-83.483206,179.392965,Polar stereographic,South
323,ch2_tmc_ncn_20211112T1109037919_d_img_d18.zip,2021-11-12T11:09:03.791Z,2021-11-12T11:18:24.117Z,1385232000,103.52,View,-87.748121,-32.477555,-87.895998,-51.106009,-63.672939,124.828928,-63.684028,126.36958,Polar stereographic,South
324,ch2_tmc_ncf_20201125T1827104830_d_img_d32.zip,2020-11-25T18:27:10.483Z,2020-11-25T18:55:35.358Z,4083664000,101.66,View,-43.856347,79.730136,-43.938348,80.774806,40.060344,83.379124,40.009614,84.362257,Selenographic,Equatorial
325,ch2_tmc_ncf_20200722T0439298494_d_img_d32.zip,2020-07-22T04:39:29.849Z,2020-07-22T04:50:06.826Z,1574592000,111.51,View,-27.362403,132.329488,-27.368693,131.3943,-59.405917,133.098289,-59.41883,131.488789,Selenographic,Equatorial
326,ch2_tmc_ncn_20221129T1233092765_d_img_d32.zip,2022-11-29T12:33:09.276Z,2022-11-29T12:41:03.508Z,1172392000,115.1,View,44.804139,130.795537,44.807055,131.769339,68.794951,130.001085,68.800119,132.019187,Selenographic,Equatorial
327,ch2_tmc_ncf_20220127T0039185733_d_img_d18.zip,2022-01-27T00:39:18.573Z,2022-01-27T00:54:25.829Z,2242904000,97.06,View,-76.155283,28.898704,-76.156743,32.339441,-58.111564,-148.666231,-58.112877,-150.01186,Selenographic,Equatorial
328,ch2_tmc_ncf_20210518T1656112224_d_img_d18.zip,2021-05-18T16:56:11.222Z,2021-05-18T17:05:41.273Z,1409816000,103.45,View,-76.207475,129.340322,-76.175232,133.446966,-75.112428,-50.290215,-75.086638,-53.847535,Polar stereographic,South
329,ch2_tmc_ncf_20201126T1808573643_d_img_d32.zip,2020-11-26T18:08:57.364Z,2020-11-26T18:17:10.433Z,1218960000,98.26,View,-31.51208,68.985229,-31.526112,69.849313,-6.32986,69.498899,-6.340601,70.235295,Selenographic,Equatorial
330,ch2_tmc_ncf_20220719T1938314859_d_img_d18.zip,2022-07-19T19:38:31.485Z,2022-07-19T19:48:00.600Z,1408040000,130.23,View,63.459913,-98.526767,63.380843,-100.643147,35.368603,-98.84298,35.28329,-100.047704,Selenographic,Equatorial
331,ch2_tmc_ncn_20220605T1154498366_d_img_d32.zip,2022-06-05T11:54:49.836Z,2022-06-05T12:11:30.408Z,2473560000,120.78,View,-8.177554,123.697066,-8.17247,124.511823,-58.107007,123.705428,-58.097418,125.212354,Selenographic,Equatorial
332,ch2_tmc_ncf_20210521T1103414600_d_img_d18.zip,2021-05-21T11:03:41.460Z,2021-05-21T11:13:28.435Z,1451112000,113.78,View,-59.393677,94.125792,-59.362177,95.837744,-88.673333,121.285274,-88.127338,144.433081,Polar stereographic,South
333,ch2_tmc_nca_20200112T0024407810_d_img_m65.zip,2020-01-12T00:24:40.781Z,2020-01-12T00:34:36.998Z,1473960000,100.33,View,-24.365476,-34.009925,-24.363469,-34.889886,5.979846,-34.063896,5.981285,-34.819242,Selenographic,Equatorial
334,ch2_tmc_ncn_20211226T0329181142_d_img_d18.zip,2021-12-26T03:29:18.114Z,2021-12-26T03:48:30.120Z,2848216000,80.85,View,-31.429304,-89.717731,-31.420129,-90.400617,28.4778,-88.84184,28.486555,-89.456547,Selenographic,Equatorial
335,ch2_tmc_nca_20200717T0442596471_d_img_d18.zip,2020-07-17T04:42:59.647Z,2020-07-17T04:53:32.913Z,1566992000,107.46,View,-30.762077,-162.276094,-30.762601,-163.272965,-62.614922,-161.97088,-62.614455,-163.74904,Selenographic,Equatorial
336,ch2_tmc_ncf_20221124T1017238920_d_img_d32.zip,2022-11-24T10:17:23.892Z,2022-11-24T10:25:09.419Z,1150872000,108.31,View,43.25211,-162.220953,43.257489,-161.235935,66.908166,-163.524001,66.922431,-161.590865,Selenographic,Equatorial
337,ch2_tmc_nca_20211113T1650236525_d_img_d18.zip,2021-11-13T16:50:23.652Z,2021-11-13T17:01:30.269Z,1648000000,96.39,View,-79.716691,103.901884,-79.771915,107.891149,-45.731577,108.922704,-45.744661,109.93555,Polar stereographic,South
338,ch2_tmc_nca_20200719T0750312953_d_img_d32.zip,2020-07-19T07:50:31.295Z,2020-07-19T08:01:07.195Z,1572064000,111.27,View,-30.945687,170.067153,-30.970172,169.056304,-62.832425,170.617544,-62.859196,168.771456,Selenographic,Equatorial
339,ch2_tmc_ncn_20200717T0442596796_d_img_d18.zip,2020-07-17T04:42:59.679Z,2020-07-17T04:53:32.916Z,1566992000,107.46,View,-28.960112,-162.343589,-28.959616,-163.22275,-60.894302,-162.115626,-60.892953,-163.626047,Selenographic,Equatorial
340,ch2_tmc_nca_20220524T0022547922_d_img_d18.zip,2022-05-24T00:22:54.792Z,2022-05-24T00:42:43.657Z,2939088000,101.37,View,2.955956,-71.642522,2.965324,-70.813616,-57.204187,-71.11233,-57.188906,-69.751511,Selenographic,Equatorial
341,ch2_tmc_nca_20220609T1024238513_d_img_d32.zip,2022-06-09T10:24:23.851Z,2022-06-09T10:36:45.919Z,1834528000,109.33,View,11.397598,71.471794,11.409174,72.290975,-26.033034,71.777624,-26.020581,72.676283,Selenographic,Equatorial
342,ch2_tmc_ncn_20220125T0135473485_d_img_d18.zip,2022-01-25T01:35:47.348Z,2022-01-25T01:45:48.671Z,1486584000,98.3,View,-89.766074,113.608991,-89.068733,138.393877,-59.638893,-124.171614,-59.627098,-125.455041,Polar stereographic,South
343,ch2_tmc_nca_20191129T1155451269_d_img_d18.zip,2019-11-29T11:55:45.126Z,2019-11-29T12:05:13.573Z,1405304000,88.72,View,0.934689,179.285572,0.924742,179.872668,30.448558,179.262703,30.437427,179.99659,Selenographic,Equatorial
344,ch2_tmc_ncf_20220102T0445228360_d_img_d18.zip,2022-01-02T04:45:22.836Z,2022-01-02T05:04:37.516Z,2853312000,79.28,View,-60.05966,178.661216,-60.062395,177.307101,-0.229125,177.971838,-0.231855,177.372786,Selenographic,Equatorial
345,ch2_tmc_ncf_20221202T0934517421_d_img_d32.zip,2022-12-02T09:34:51.742Z,2022-12-02T09:42:42.903Z,1164800000,116.4,View,43.076291,93.600449,43.060965,94.652379,66.830933,93.744375,66.805505,95.851939,Selenographic,Equatorial
346,ch2_tmc_nca_20201118T0520179091_d_img_d18.zip,2020-11-18T05:20:17.909Z,2020-11-18T05:30:36.519Z,1529320000,93.07,View,0.01937,-177.688004,0.004665,-177.077356,32.121347,-177.770527,32.107527,-176.989284,Selenographic,Equatorial
347,ch2_tmc_ncn_20220718T2155473949_d_img_d18.zip,2022-07-18T21:55:47.394Z,2022-07-18T22:15:57.886Z,2992552000,125.83,View,61.396342,-88.245814,61.373686,-89.977068,1.437375,-87.626479,1.425919,-88.462483,Selenographic,Equatorial
348,ch2_tmc_nca_20191230T0934252172_d_img_d18.zip,2019-12-30T09:34:25.217Z,2019-12-30T09:43:57.628Z,1415104000,88.3,View,-0.917373,132.242715,-0.913769,131.634771,28.615839,132.528161,28.61958,131.805681,Selenographic,Equatorial
349,ch2_tmc_ncn_20211224T0005528926_d_img_d32.zip,2021-12-24T00:05:52.892Z,2021-12-24T00:20:27.369Z,2161856000,86.46,View,-61.374039,-61.65689,-61.360172,-63.012469,-16.373807,-61.197889,-16.369119,-61.795971,Selenographic,Equatorial
350,ch2_tmc_ncf_20221128T1055037508_d_img_d32.zip,2022-11-28T10:55:03.750Z,2022-11-28T11:02:53.831Z,1162128000,119.42,View,43.214346,144.401261,43.219604,145.493107,66.7823,143.220135,66.794934,145.358863,Selenographic,Equatorial
351,ch2_tmc_ncn_20220603T0601364611_d_img_d32.zip,2022-06-03T06:01:36.461Z,2022-06-03T06:28:07.534Z,3933400000,123.52,View,51.370039,153.606239,51.365987,154.748822,-28.448508,152.991768,-28.451684,153.908952,Selenographic,Equatorial
352,ch2_tmc_ncn_20220122T1835221477_d_img_d18.zip,2022-01-22T18:35:22.147Z,2022-01-22T18:45:17.677Z,1472256000,98.89,View,-89.356464,138.738119,-88.722205,158.359205,-60.151629,-94.676656,-60.132492,-95.98721,Polar stereographic,South
353,ch2_tmc_ncn_20220628T0857539252_d_img_d32.zip,2022-06-28T08:57:53.925Z,2022-06-28T09:07:48.952Z,1471016000,110.02,View,-28.744745,-178.033712,-28.731512,-178.951598,-58.684657,-178.610349,-58.660079,179.899844,Selenographic,Equatorial
354,ch2_tmc_ncn_20210521T2109258812_d_img_hw1.zip,2021-05-21T21:09:25.881Z,2021-05-21T21:13:33.495Z,612152000,114.53,View,-52.284787,107.495039,-52.915954,70.029616,-63.707782,115.871022,-64.564099,62.69475,Selenographic,Equatorial
355,ch2_tmc_ncn_20210523T1709451213_d_img_d18.zip,2021-05-23T17:09:45.121Z,2021-05-23T17:19:44.482Z,1480928000,116.15,View,-57.481456,64.004176,-57.459678,65.521339,-87.514174,72.709228,-87.282197,88.875834,Polar stereographic,South
356,ch2_tmc_ncn_20221128T1253226820_d_img_d32.zip,2022-11-28T12:53:22.682Z,2022-11-28T13:01:13.604Z,1162864000,119.3,View,44.913294,143.362208,44.921431,144.368361,68.597815,142.115626,68.613539,144.184887,Selenographic,Equatorial
357,ch2_tmc_ncf_20211112T1109037919_d_img_d18.zip,2021-11-12T11:09:03.791Z,2021-11-12T11:18:24.101Z,1385192000,103.52,View,-86.115151,-40.890368,-86.208249,-52.767471,-65.274622,124.62994,-65.287851,126.442822,Polar stereographic,South
358,ch2_tmc_ncn_20211227T2240229331_d_img_d18.zip,2021-12-27T22:40:22.933Z,2021-12-27T22:59:39.207Z,2860592000,75.54,View,-61.813184,-113.94085,-61.795203,-115.24721,-1.773775,-113.144417,-1.767062,-113.626323,Selenographic,Equatorial
359,ch2_tmc_nca_20220109T1615439862_d_img_d32.zip,2022-01-09T16:15:43.986Z,2022-01-09T16:30:41.131Z,2217888000,94.47,View,-73.598715,-98.958469,-73.557512,-96.360099,-60.465221,78.351301,-60.44476,76.947469,Polar stereographic,South
360,ch2_tmc_nca_20191129T0800374115_d_img_d18.zip,2019-11-29T08:00:37.411Z,2019-11-29T08:09:39.542Z,1340248000,88.61,View,2.250515,-178.594295,2.257503,-178.003153,30.471279,-178.617955,30.482277,-177.884526,Selenographic,Equatorial
361,ch2_tmc_ncn_20221202T1331333518_d_img_d32.zip,2022-12-02T13:31:33.351Z,2022-12-02T13:39:27.633Z,1171104000,116.67,View,44.73679,91.491296,44.728247,92.464594,68.758485,91.700909,68.740411,93.763352,Selenographic,Equatorial
362,ch2_tmc_nca_20221127T0520227538_d_img_d32.zip,2022-11-27T05:20:22.753Z,2022-11-27T05:28:13.209Z,1163056000,116.84,View,46.423857,160.46739,46.434562,161.571088,70.281652,158.913361,70.303261,161.311109,Selenographic,Equatorial
363,ch2_tmc_ncn_20220625T0207153430_d_img_d32.zip,2022-06-25T02:07:15.343Z,2022-06-25T02:17:16.424Z,1485976000,112.72,View,1.371844,-134.405607,1.352916,-135.173409,-28.714216,-133.86009,-28.708047,-134.680257,Selenographic,Equatorial
364,ch2_tmc_ncn_20220720T1929479289_d_img_d32.zip,2022-07-20T19:29:47.928Z,2022-07-20T19:43:19.499Z,2005208000,129.85,View,31.618658,-112.699124,31.608714,-113.717707,-8.305468,-112.542559,-8.314175,-113.388531,Selenographic,Equatorial
365,ch2_tmc_nca_20200711T2251223931_d_img_d18.zip,2020-07-11T22:51:22.393Z,2020-07-11T23:01:51.252Z,1554656000,103.05,View,-31.01577,-92.004329,-31.152189,-92.882526,-62.616968,-90.972133,-62.737445,-92.552629,Selenographic,Equatorial
366,ch2_tmc_ncn_20220101T0705055111_d_img_d18.zip,2022-01-01T07:05:05.511Z,2022-01-01T07:24:18.612Z,2850672000,79.41,View,-61.476644,-169.116404,-61.481244,-170.374219,-1.599994,-169.969056,-1.602417,-170.493211,Selenographic,Equatorial
367,ch2_tmc_nca_20220517T2258012156_d_img_d18.zip,2022-05-17T22:58:01.215Z,2022-05-17T23:07:32.362Z,1411984000,112.36,View,62.879583,8.502979,62.869953,10.277918,34.197669,8.366297,34.193279,9.384651,Selenographic,Equatorial
368,ch2_tmc_ncf_20220709T1057151902_d_img_d32.zip,2022-07-09T10:57:15.190Z,2022-07-09T11:11:36.278Z,2128744000,123,View,63.013738,37.742269,63.01236,35.895256,20.106718,37.196672,20.105272,36.222981,Selenographic,Equatorial
369,ch2_tmc_ncn_20220603T0419084026_d_img_d32.zip,2022-06-03T04:19:08.402Z,2022-06-03T04:29:08.460Z,1483456000,123.57,View,1.430294,154.404064,1.393523,155.170539,-28.506062,154.068377,-28.546012,154.96984,Selenographic,Equatorial
370,ch2_tmc_ncn_20210530T0526425305_d_img_hw1.zip,2021-05-30T05:26:42.530Z,2021-05-30T05:33:30.366Z,1008248000,101.08,View,-59.116264,-22.864066,-59.116724,-21.507375,-79.932969,-24.044292,-79.931998,-20.221217,Polar stereographic,South
371,ch2_tmc_ncn_20210515T0350274731_d_img_d18.zip,2021-05-15T03:50:27.473Z,2021-05-15T03:57:07.609Z,989216000,106.71,View,-59.716602,175.714066,-59.709974,177.256639,-79.886731,174.816872,-79.874842,179.007423,Polar stereographic,South
372,ch2_tmc_nca_20220101T0506523880_d_img_d18.zip,2022-01-01T05:06:52.388Z,2022-01-01T05:26:07.579Z,2855840000,79.33,View,-63.099134,-167.585893,-63.108672,-169.10324,-2.997829,-168.774505,-2.999196,-169.374517,Selenographic,Equatorial
373,ch2_tmc_ncf_20220716T2040532747_d_img_d18.zip,2022-07-16T20:40:53.274Z,2022-07-16T20:42:00.663Z,167216000,121.75,View,45.205144,-60.650014,45.195078,-61.914369,41.83785,-60.646496,41.828247,-61.844566,Selenographic,Equatorial
374,ch2_tmc_ncf_20211205T0714574962_d_img_d18.zip,2021-12-05T07:14:57.496Z,2021-12-05T07:34:46.371Z,2939112000,97.36,View,-1.553197,-174.581604,-1.551664,-173.912861,59.354584,-175.318848,59.35775,-173.968046,Selenographic,Equatorial
375,ch2_tmc_ncn_20220625T0543144363_d_img_d32.zip,2022-06-25T05:43:14.436Z,2022-06-25T06:13:17.825Z,4458272000,112.44,View,61.37145,-135.854675,61.364863,-137.43948,-28.589493,-136.058176,-28.592441,-136.872098,Selenographic,Equatorial
376,ch2_tmc_nca_20191207T1040107224_d_img_d18.zip,2019-12-07T10:40:10.722Z,2019-12-07T10:49:47.356Z,1425544000,90.56,View,1.61617,74.499957,1.652693,75.151652,31.306607,74.97313,31.339806,75.751709,Selenographic,Equatorial
377,ch2_tmc_nca_20191126T0920267219_d_img_d18.zip,2019-11-26T09:20:26.721Z,2019-11-26T09:29:52.972Z,1397712000,82.11,View,0.851513,-139.690961,0.844995,-139.144658,30.307758,-139.512074,30.300411,-138.856893,Selenographic,Equatorial
378,ch2_tmc_ncf_20221118T2208306200_d_img_n18.zip,2022-11-18T22:08:30.620Z,2022-11-18T22:16:19.755Z,1159792000,103.78,View,43.150923,-89.102081,43.139566,-88.117306,67.047662,-88.7606,67.026295,-86.852015,Selenographic,Equatorial
379,ch2_tmc_nca_20210514T1200279656_d_img_d18.zip,2021-05-14T12:00:27.965Z,2021-05-14T12:10:19.832Z,1463208000,104.1,View,-55.85319,-175.765074,-55.848853,-174.282893,-85.918073,-179.032015,-85.894927,-168.316258,Polar stereographic,South
380,ch2_tmc_ncf_20220607T0906549902_d_img_d32.zip,2022-06-07T09:06:54.990Z,2022-06-07T09:36:27.268Z,4381384000,105.46,View,29.732128,98.229339,29.738865,99.104074,-60.117968,93.688644,-60.178098,95.26042,Selenographic,Equatorial
381,ch2_tmc_nca_20221201T1153148447_d_img_d32.zip,2022-12-01T11:53:14.844Z,2022-12-01T12:01:02.521Z,1156184000,113.71,View,46.434957,105.437121,46.437148,106.555211,70.244953,105.443293,70.238087,107.863025,Selenographic,Equatorial
382,ch2_tmc_ncf_20220117T1445324291_d_img_d32.zip,2022-01-17T14:45:32.429Z,2022-01-17T15:00:43.747Z,2252896000,105.51,View,-75.984222,152.372673,-75.992508,155.764781,-58.15144,-24.487765,-58.155956,-25.952863,Selenographic,Equatorial
383,ch2_tmc_nca_20211113T1451387578_d_img_d18.zip,2021-11-13T14:51:38.757Z,2021-11-13T15:02:36.734Z,1626640000,96.57,View,-83.396702,101.599868,-83.479889,107.843906,-49.890404,109.889252,-49.903568,110.995834,Selenographic,Equatorial
384,ch2_tmc_ncf_20200720T0132068149_d_img_d18.zip,2020-07-20T01:32:06.814Z,2020-07-20T01:42:42.715Z,1572064000,113.71,View,-26.988536,160.423012,-26.991538,159.455712,-58.878665,160.71745,-58.88314,159.059539,Selenographic,Equatorial
385,ch2_tmc_nca_20211211T0852165675_d_img_d32.zip,2021-12-11T08:52:16.567Z,2021-12-11T09:11:43.924Z,2885896000,94.86,View,-29.688453,107.962113,-29.472274,108.732096,30.227003,105.559128,30.377523,106.353341,Selenographic,Equatorial
386,ch2_tmc_ncf_20220603T1155168900_d_img_d32.zip,2022-06-03T11:55:16.890Z,2022-06-03T12:25:07.884Z,4427632000,123.45,View,59.905814,150.246007,59.903751,151.782571,-30.448266,149.878602,-30.44262,150.913116,Selenographic,Equatorial
387,ch2_tmc_ncn_20200101T0442246060_d_img_d18.zip,2020-01-01T04:42:24.606Z,2020-01-01T04:51:58.460Z,1417648000,85,View,0.449754,108.711939,0.45368,108.16082,30.188486,109.287595,30.195498,108.625849,Selenographic,Equatorial
388,ch2_tmc_ncf_20220517T2258012964_d_img_d18.zip,2022-05-17T22:58:01.296Z,2022-05-17T23:07:32.356Z,1411768000,112.36,View,59.460545,8.525473,59.450852,10.115459,30.64451,8.36952,30.640355,9.346994,Selenographic,Equatorial
389,ch2_tmc_nca_20200722T0439298819_d_img_d32.zip,2020-07-22T04:39:29.881Z,2020-07-22T04:50:06.501Z,1574576000,111.51,View,-30.874518,132.391739,-30.879896,131.42049,-62.876428,133.385737,-62.890982,131.582298,Selenographic,Equatorial
390,ch2_tmc_nca_20220101T0705055111_d_img_d18.zip,2022-01-01T07:05:05.511Z,2022-01-01T07:24:18.612Z,2850672000,79.41,View,-62.884331,-168.990247,-62.890119,-170.453908,-2.827762,-169.934493,-2.830717,-170.516711,Selenographic,Equatorial
391,ch2_tmc_ncn_20220728T0506565399_d_img_d32.zip,2022-07-28T05:06:56.539Z,2022-07-28T05:27:02.905Z,2982312000,124.56,View,30.320504,150.144929,30.327468,149.226924,-29.587622,149.604744,-29.579957,148.672906,Selenographic,Equatorial
392,ch2_tmc_nca_20200801T1621579855_d_img_d18.zip,2020-08-01T16:21:57.985Z,2020-08-01T16:32:31.834Z,1566992000,106.97,View,-30.751124,-5.89234,-30.755847,-6.877038,-62.561437,-5.374116,-62.568135,-7.096251,Selenographic,Equatorial
393,ch2_tmc_nca_20210517T1712004436_d_img_hw1.zip,2021-05-17T17:12:00.443Z,2021-05-17T17:16:04.488Z,603328000,112.07,View,-68.654062,142.33956,-68.680709,144.710503,-80.96452,141.127755,-80.959287,146.494077,Polar stereographic,South
394,ch2_tmc_ncn_20221119T2148474171_d_img_d32.zip,2022-11-19T21:48:47.417Z,2022-11-19T21:56:35.222Z,1156504000,105.27,View,44.831562,-102.277701,44.821155,-101.371998,68.722351,-101.68925,68.705861,-99.833291,Selenographic,Equatorial
395,ch2_tmc_ncf_20201126T1610528118_d_img_d32.zip,2020-11-26T16:10:52.811Z,2020-11-26T16:30:28.357Z,2906144000,98.92,View,-31.607975,69.958262,-31.634445,70.822948,28.393628,71.134419,28.371514,71.966095,Selenographic,Equatorial
396,ch2_tmc_ncf_20220525T2157424805_d_img_d18.zip,2022-05-25T21:57:42.480Z,2022-05-25T22:17:12.389Z,2892224000,114.7,View,-0.26772,-96.050423,-0.326869,-95.174437,-58.709625,-95.932316,-58.742697,-94.332882,Selenographic,Equatorial
397,ch2_tmc_ncf_20220123T0023596061_d_img_d18.zip,2022-01-23T00:23:59.606Z,2022-01-23T00:39:04.947Z,2238168000,98.2,View,-76.209122,84.927984,-76.156804,88.303645,-58.078423,-97.797262,-58.058141,-99.1553,Selenographic,Equatorial
398,ch2_tmc_ncf_20220731T0806391746_d_img_d18.zip,2022-07-31T08:06:39.174Z,2022-07-31T08:17:43.166Z,1248288000,129.21,View,24.626097,108.172867,24.505478,107.123304,-0.429489,108.408236,-0.542021,107.455119,Selenographic,Equatorial
399,ch2_tmc_ncf_20220802T0530199501_d_img_d18.zip,2022-08-02T05:30:19.950Z,2022-08-02T05:40:14.316Z,1469384000,134.53,View,32.446707,83.173051,32.428551,82.01588,3.250377,83.422506,3.234317,82.42574,Selenographic,Equatorial
400,ch2_tmc_ncf_20200802T1557437507_d_img_d18.zip,2020-08-02T15:57:43.750Z,2020-08-02T16:08:13.635Z,1557192000,101.39,,-27.425008,-19.150795,-27.427618,-20.067607,-59.455137,-18.779616,-59.459565,-20.259801,Selenographic,Equatorial
401,ch2_tmc_ncf_20221127T1115191730_d_img_d32.zip,2022-11-27T11:15:19.173Z,2022-11-27T11:23:15.816Z,1178352000,118.27,View,43.183014,157.274645,43.19285,158.328536,67.110079,155.973523,67.128857,158.073565,Selenographic,Equatorial
402,ch2_tmc_ncf_20191230T0934252172_d_img_d18.zip,2019-12-30T09:34:25.217Z,2019-12-30T09:43:57.628Z,1415104000,88.3,View,1.653497,132.264582,1.659162,131.655237,31.295416,132.559483,31.301445,131.815759,Selenographic,Equatorial
403,ch2_tmc_ncn_20220603T1155168900_d_img_d32.zip,2022-06-03T11:55:16.890Z,2022-06-03T12:25:07.884Z,4427648000,123.45,View,61.509323,150.298636,61.504385,151.755109,-28.462633,149.730706,-28.465144,150.64455,Selenographic,Equatorial
404,ch2_tmc_ncn_20220103T1018188923_d_img_d18.zip,2022-01-03T10:18:18.892Z,2022-01-03T10:37:31.163Z,2848256000,80.76,View,-61.603109,162.219341,-61.606513,161.024397,-1.645976,161.46562,-1.647913,160.932648,Selenographic,Equatorial
405,ch2_tmc_ncf_20200725T0921189310_d_img_d18.zip,2020-07-25T09:21:18.931Z,2020-07-25T09:25:10.209Z,571768000,117.07,View,-27.010344,90.363268,-27.03001,89.395273,-38.58119,90.716283,-38.603386,89.619559,Selenographic,Equatorial
406,ch2_tmc_ncn_20220731T1203303928_d_img_d18.zip,2022-07-31T12:03:30.392Z,2022-07-31T12:15:10.281Z,1731128000,129.24,View,30.350041,106.004756,30.337316,105.015315,-4.248146,106.222654,-4.259499,105.362932,Selenographic,Equatorial
407,ch2_tmc_ncn_20221125T0957072054_d_img_d32.zip,2022-11-25T09:57:07.205Z,2022-11-25T10:05:03.754Z,1178120000,111.17,View,44.605564,-175.155711,44.613999,-174.241081,68.823873,-176.471609,68.840583,-174.562114,Selenographic,Equatorial
408,ch2_tmc_ncn_20200131T1010006367_d_img_d18.zip,2020-01-31T10:10:00.636Z,2020-01-31T10:19:44.441Z,1443272000,83.03,View,-32.054427,69.453333,-32.04291,68.781885,-1.781802,69.953406,-1.772419,69.396345,Selenographic,Equatorial
409,ch2_tmc_nca_20221129T0638098959_d_img_d32.zip,2022-11-29T06:38:09.895Z,2022-11-29T06:46:00.706Z,1162360000,116.18,View,46.373765,133.822719,46.379898,134.940948,70.218606,132.705339,70.23036,135.119065,Selenographic,Equatorial
410,ch2_tmc_ncf_20211226T2301424636_d_img_d18.zip,2021-12-26T23:01:42.463Z,2021-12-26T23:21:01.752Z,2865968000,78.94,View,-60.253065,-101.113319,-60.227598,-102.509032,-0.504336,-100.077435,-0.49092,-100.644198,Selenographic,Equatorial
411,ch2_tmc_ncn_20220704T1032133138_d_img_d32.zip,2022-07-04T10:32:13.313Z,2022-07-04T10:42:10.294Z,1475848000,115.35,View,61.085489,97.613042,60.946105,96.036135,31.163456,101.188503,31.170321,100.246431,Selenographic,Equatorial
412,ch2_tmc_ncf_20220704T1032133072_d_img_d32.zip,2022-07-04T10:32:13.307Z,2022-07-04T10:42:10.294Z,1475864000,115.35,View,62.26915,93.487019,62.057457,91.689144,32.964515,101.058947,33.057891,99.992699,Selenographic,Equatorial
413,ch2_tmc_nca_20211225T2135027835_d_img_d18.zip,2021-12-25T21:35:02.783Z,2021-12-25T21:44:14.156Z,1363096000,81.65,View,-31.519847,-86.406841,-31.510631,-87.163795,-2.824314,-86.064964,-2.815899,-86.667324,Selenographic,Equatorial
414,ch2_tmc_nca_20211224T0005528926_d_img_d32.zip,2021-12-24T00:05:52.892Z,2021-12-24T00:20:27.373Z,2161832000,86.46,View,-62.905877,-61.61863,-62.884987,-63.202673,-17.716409,-61.162729,-17.706928,-61.831575,Selenographic,Equatorial
415,ch2_tmc_ncf_20220603T0419084059_d_img_d32.zip,2022-06-03T04:19:08.405Z,2022-06-03T04:29:08.464Z,1483448000,123.57,View,-0.363707,154.358394,-0.410225,155.208617,-30.358986,153.991827,-30.410066,155.01076,Selenographic,Equatorial
416,ch2_tmc_ncf_20220726T0803441675_d_img_d32.zip,2022-07-26T08:03:44.167Z,2022-07-26T08:13:43.203Z,1480928000,114.11,View,-26.699211,175.205951,-26.794463,174.111059,-56.767704,175.53126,-56.863385,173.894694,Selenographic,Equatorial
417,ch2_tmc_ncf_20220608T1427113135_d_img_d32.zip,2022-06-08T14:27:11.313Z,2022-06-08T14:56:47.506Z,4389936000,107.89,View,59.84919,80.878103,59.870146,82.399618,-30.03916,82.673172,-30.026109,83.60395,Selenographic,Equatorial
418,ch2_tmc_ncf_20201117T0941201883_d_img_d18.zip,2020-11-17T09:41:20.188Z,2020-11-17T09:51:40.853Z,1534400000,92.3,View,-2.073292,-166.775397,-2.07863,-166.167102,29.8529,-166.934627,29.846201,-166.180715,Selenographic,Equatorial
419,ch2_tmc_nca_20210530T2321067538_d_img_d18.zip,2021-05-30T23:21:06.753Z,2021-05-30T23:37:44.250Z,2465992000,99.17,View,-34.852002,-32.733196,-34.852533,-31.728854,-85.935581,-36.761352,-85.931083,-26.417696,Polar stereographic,South
420,ch2_tmc_nca_20220727T0526148858_d_img_d32.zip,2022-07-27T05:26:14.885Z,2022-07-27T05:46:26.274Z,2994736000,125.1,View,28.208339,163.167574,28.212106,162.130329,-31.773881,162.705203,-31.769575,161.637106,Selenographic,Equatorial
421,ch2_tmc_nca_20220104T0402056549_d_img_d18.zip,2022-01-04T04:02:05.654Z,2022-01-04T04:21:16.630Z,2845416000,82.38,View,-62.754422,152.573929,-62.761762,151.225583,-2.841386,151.744092,-2.847104,151.143534,Selenographic,Equatorial
422,ch2_tmc_nca_20220110T1352097864_d_img_d32.zip,2022-01-10T13:52:09.786Z,2022-01-10T14:07:04.753Z,2212504000,90.68,View,-73.609534,-111.460136,-73.576729,-108.8903,-60.400296,66.714299,-60.38488,65.369219,Polar stereographic,South
423,ch2_tmc_ncn_20220708T1115585981_d_img_d32.zip,2022-07-08T11:15:58.598Z,2022-07-08T11:23:46.452Z,1156624000,120.09,View,61.185854,49.776888,61.173738,48.203374,37.744306,49.817484,37.735768,48.800759,Selenographic,Equatorial
424,ch2_tmc_ncf_20220126T0302597871_d_img_d18.zip,2022-01-26T03:02:59.787Z,2022-01-26T03:18:06.213Z,2240376000,96.29,View,-76.344114,42.045231,-76.324676,45.502134,-57.939214,-137.47397,-57.932524,-138.801984,Selenographic,Equatorial
425,ch2_tmc_ncf_20221129T0638098992_d_img_d32.zip,2022-11-29T06:38:09.899Z,2022-11-29T06:46:00.447Z,1162288000,116.18,View,43.11814,133.894323,43.123306,134.948501,66.776303,133.010568,66.785419,135.076697,Selenographic,Equatorial
426,ch2_tmc_ncn_20211212T0821149122_d_img_d32.zip,2021-12-12T08:21:14.912Z,2021-12-12T08:50:21.972Z,4319032000,92.58,View,-61.021691,90.427321,-61.041813,91.715019,28.954015,92.660666,28.943446,93.358575,Selenographic,Equatorial
427,ch2_tmc_ncf_20200717T0442596471_d_img_d18.zip,2020-07-17T04:42:59.647Z,2020-07-17T04:53:32.913Z,1566992000,107.46,View,-27.154093,-162.314081,-27.153884,-163.273439,-59.166928,-162.084042,-59.165964,-163.674264,Selenographic,Equatorial
428,ch2_tmc_nca_20220530T0307541950_d_img_d32.zip,2022-05-30T03:07:54.195Z,2022-05-30T03:27:54.444Z,2967224000,114.4,View,3.75819,-153.061225,3.785042,-152.092467,-56.345807,-153.622601,-56.329718,-152.035003,Selenographic,Equatorial
429,ch2_tmc_ncn_20200118T1731219963_d_img_d18.zip,2020-01-18T17:31:21.996Z,2020-01-18T17:41:08.875Z,1450872000,90.2,View,-32.439019,-123.213969,-32.428195,-123.982938,-2.344744,-122.876515,-2.336433,-123.472548,Selenographic,Equatorial
430,ch2_tmc_ncn_20220728T0110084987_d_img_d32.zip,2022-07-28T01:10:08.498Z,2022-07-28T01:30:15.912Z,2984904000,124.61,View,30.355511,152.345785,30.360309,151.418918,-29.600241,151.805834,-29.595148,150.866212,Selenographic,Equatorial
431,ch2_tmc_nca_20220106T0540467561_d_img_d32.zip,2022-01-06T05:40:46.756Z,2022-01-06T05:57:07.859Z,2425448000,102.98,View,-63.221466,124.640936,-63.183878,122.869883,-13.217701,124.835744,-13.187609,124.06796,Selenographic,Equatorial
432,ch2_tmc_nca_20191229T0015253876_d_img_d18.zip,2019-12-29T00:15:25.387Z,2019-12-29T00:24:59.973Z,1420480000,91.8,View,2.925254,149.738946,2.950708,150.357512,32.818651,149.587155,32.854587,150.373565,Selenographic,Equatorial
433,ch2_tmc_ncf_20220630T0413216949_d_img_d32.zip,2022-06-30T04:13:21.694Z,2022-06-30T04:23:19.834Z,1478680000,115.6,View,3.27153,159.482249,3.274109,158.63767,-26.795787,159.230261,-26.794839,158.276134,Selenographic,Equatorial
434,ch2_tmc_nca_20220103T1018188955_d_img_d18.zip,2022-01-03T10:18:18.895Z,2022-01-03T10:37:31.132Z,2848240000,80.76,View,-62.934502,162.332353,-62.938734,160.945683,-2.894561,161.499535,-2.896982,160.907509,Selenographic,Equatorial
435,ch2_tmc_ncf_20210514T1200279624_d_img_d18.zip,2021-05-14T12:00:27.962Z,2021-05-14T12:10:19.832Z,1463216000,104.1,View,-59.364218,-175.808948,-59.36075,-174.180226,-89.112033,167.543061,-89.014887,-144.773323,Polar stereographic,South
436,ch2_tmc_nca_20200703T1535031622_d_img_d18.zip,2020-07-03T15:35:03.162Z,2020-07-03T15:40:07.166Z,751560000,120.53,View,-26.744977,17.009995,-26.743183,15.999861,-41.830195,17.052517,-41.828457,15.871028,Selenographic,Equatorial
437,ch2_tmc_nca_20220624T0033035183_d_img_d32.zip,2022-06-24T00:33:03.518Z,2022-06-24T00:43:01.655Z,1478704000,111.95,View,-0.49012,-119.486173,-0.506695,-120.340286,-30.314437,-119.329479,-30.330103,-120.245782,Selenographic,Equatorial
438,ch2_tmc_nca_20191219T0500136311_d_img_gds.zip,2019-12-19T05:00:13.631Z,2019-12-19T05:09:47.646Z,1417632000,83.67,View,2.637747,-81.004203,2.628127,-80.366055,32.310341,-80.492765,32.298785,-79.753784,Selenographic,Equatorial
439,ch2_tmc_ncf_20191226T0931403907_d_img_g26.zip,2019-12-26T09:31:40.390Z,2019-12-26T09:41:12.801Z,1415104000,84.82,View,-0.286153,-175.202129,-0.221053,-174.631553,29.418424,-175.366051,29.480349,-174.693577,Selenographic,Equatorial
440,ch2_tmc_nca_20200723T0811164382_d_img_d18.zip,2020-07-23T08:11:16.438Z,2020-07-23T08:21:52.335Z,1572056000,110.24,View,-30.429945,117.417801,-30.45637,116.44813,-62.355985,118.857376,-62.394459,117.103749,Selenographic,Equatorial
441,ch2_tmc_ncf_20220103T0621569707_d_img_d18.zip,2022-01-03T06:21:56.970Z,2022-01-03T06:41:09.987Z,2850464000,80.18,View,-60.238382,164.434546,-60.241951,163.160939,-0.347253,163.675322,-0.347459,163.091705,Selenographic,Equatorial
442,ch2_tmc_ncn_20200801T1028007908_d_img_d18.zip,2020-08-01T10:28:00.790Z,2020-08-01T10:38:35.795Z,1569848000,107.43,View,-28.921299,-2.644696,-28.925555,-3.516963,-60.888584,-2.198157,-60.894567,-3.672977,Selenographic,Equatorial
443,ch2_tmc_ncn_20221122T0700519332_d_img_d32.zip,2022-11-22T07:00:51.933Z,2022-11-22T07:08:33.695Z,1143640000,104.67,View,44.733566,-133.491141,44.731926,-132.648024,68.453885,-133.737478,68.449448,-132.005383,Selenographic,Equatorial
444,ch2_tmc_ncn_20220707T1333044015_d_img_d32.zip,2022-07-07T13:33:04.401Z,2022-07-07T13:42:40.393Z,1423960000,120.64,View,61.208992,61.253279,61.194178,59.715495,32.335141,61.452554,32.325218,60.504709,Selenographic,Equatorial
445,ch2_tmc_ncf_20220727T0129279054_d_img_d32.zip,2022-07-27T01:29:27.905Z,2022-07-27T01:49:38.270Z,2992168000,125.2,View,32.187714,165.394745,32.201335,164.313992,-27.741042,164.787391,-27.727626,163.768096,Selenographic,Equatorial
446,ch2_tmc_ncn_20191201T0311138983_d_img_d18.zip,2019-12-01T03:11:13.898Z,2019-12-01T03:20:45.412Z,1412888000,94.11,View,-0.13692,157.379624,-0.138565,157.937164,29.3093,157.303731,29.306859,158.012728,Selenographic,Equatorial
447,ch2_tmc_nca_20220130T0119401228_d_img_d18.zip,2022-01-30T01:19:40.122Z,2022-01-30T01:32:58.251Z,1973120000,91.44,View,-73.040907,-10.959714,-73.042613,-8.401374,-65.979397,171.391756,-65.982623,169.745031,Selenographic,Equatorial
448,ch2_tmc_ncn_20211230T0550281888_d_img_d18.zip,2021-12-30T05:50:28.188Z,2021-12-30T06:09:43.335Z,2855728000,76.17,View,-61.454925,-142.793768,-61.463105,-144.099912,-1.510308,-142.977785,-1.519368,-143.474728,Selenographic,Equatorial
449,ch2_tmc_ncf_20191213T0157194265_d_img_m65.zip,2019-12-13T01:57:19.426Z,2019-12-13T02:05:28.460Z,1208984000,85.56,View,-1.369971,-0.299176,-1.369848,0.333641,23.922995,-0.304533,23.922784,0.384529,Selenographic,Equatorial
450,ch2_tmc_nca_20220623T0442486921_d_img_d32.zip,2022-06-23T04:42:48.692Z,2022-06-23T05:02:44.848Z,2957104000,111.24,View,29.376135,-108.770348,29.369646,-109.759605,-30.437083,-108.331933,-30.442433,-109.268497,Selenographic,Equatorial
451,ch2_tmc_nca_20191224T0436128888_d_img_d18.zip,2019-12-24T04:36:12.888Z,2019-12-24T04:45:42.228Z,1407512000,78,View,1.755937,-146.200827,1.764732,-145.66326,31.355735,-146.129264,31.363874,-145.51314,Selenographic,Equatorial
452,ch2_tmc_ncn_20210601T0723309745_d_img_hw1.zip,2021-06-01T07:23:30.974Z,2021-06-01T07:30:42.951Z,1067928000,103.57,View,-62.094912,-77.2891,-62.765733,-77.406869,-68.425267,-21.009643,-68.863352,-19.601166,Polar stereographic,South
453,ch2_tmc_nca_20200721T0107425799_d_img_d32.zip,2020-07-21T01:07:42.579Z,2020-07-21T01:18:19.503Z,1574592000,114.71,View,-30.676212,147.454694,-30.678952,146.469246,-62.620169,147.999537,-62.625545,146.143392,Selenographic,Equatorial
454,ch2_tmc_ncf_20220803T0532523437_d_img_d18.zip,2022-08-03T05:32:52.343Z,2022-08-03T05:34:58.810Z,312656000,137.11,View,13.065001,70.254837,13.052539,69.219018,6.846503,70.294106,6.834807,69.277016,Selenographic,Equatorial
455,ch2_tmc_nca_20220623T0036439306_d_img_d32.zip,2022-06-23T00:36:43.930Z,2022-06-23T01:00:02.836Z,3458344000,114.88,View,59.524309,-106.828427,59.506351,-108.477738,-10.495057,-106.342628,-10.504822,-107.191978,Selenographic,Equatorial
456,ch2_tmc_nca_20191222T1718431309_d_img_cnb.zip,2019-12-22T17:18:43.130Z,2019-12-22T17:21:22.450Z,393872000,76.57,View,1.574231,-127.049272,1.567112,-126.496386,9.884465,-126.961295,9.878763,-126.408394,Selenographic,Equatorial
457,ch2_tmc_ncf_20200723T1009171258_d_img_d18.zip,2020-07-23T10:09:17.125Z,2020-07-23T10:19:51.997Z,1569520000,110.15,View,-26.938184,116.227953,-26.951766,115.290128,-58.908947,117.478365,-58.93146,115.903512,Selenographic,Equatorial
458,ch2_tmc_ncf_20220126T0105091944_d_img_d18.zip,2022-01-26T01:05:09.194Z,2022-01-26T01:20:14.532Z,2238160000,96.12,View,-76.3922,43.261246,-76.370484,46.726755,-57.930947,-136.46935,-57.923408,-137.794737,Selenographic,Equatorial
459,ch2_tmc_ncn_20220801T1144312591_d_img_d18.zip,2022-08-01T11:44:31.259Z,2022-08-01T11:56:12.630Z,1733920000,132.16,View,30.362859,92.924425,30.347341,91.916803,-4.211463,93.232482,-4.225504,92.345012,Selenographic,Equatorial
460,ch2_tmc_nca_20210513T1401073872_d_img_hw1.zip,2021-05-13T14:01:07.387Z,2021-05-13T14:04:21.130Z,478976000,121.81,View,-12.73146,-163.516107,-12.750143,-162.588309,-22.386896,-163.664613,-22.384691,-162.70363,Selenographic,Equatorial
461,ch2_tmc_ncf_20211114T1039153730_d_img_d18.zip,2021-11-14T10:39:15.373Z,2021-11-14T10:50:05.547Z,1607352000,93.36,View,-49.401121,99.096863,-49.416728,100.158037,-16.074426,99.9227,-16.085051,100.641665,Selenographic,Equatorial
462,ch2_tmc_ncf_20221203T1113183991_d_img_d32.zip,2022-12-03T11:13:18.399Z,2022-12-03T11:21:08.735Z,1163648000,114.21,View,43.202512,79.543415,43.192402,80.573562,66.983543,79.67275,66.963607,81.766179,Selenographic,Equatorial
463,ch2_tmc_ncf_20220601T0223403780_d_img_d32.zip,2022-06-01T02:23:40.378Z,2022-06-01T02:42:37.987Z,2812368000,123.16,View,59.978843,-178.711164,59.97331,-177.006168,2.981963,-178.834395,2.979922,-177.927048,Selenographic,Equatorial
464,ch2_tmc_nca_20200103T1555534119_d_img_m65.zip,2020-01-03T15:55:53.411Z,2020-01-03T16:05:46.432Z,1466056000,100.96,View,-32.182426,75.562289,-32.156404,74.676996,-2.027803,76.107758,-2.004437,75.359843,Selenographic,Equatorial
465,ch2_tmc_nca_20220719T2136595550_d_img_d18.zip,2022-07-19T21:36:59.555Z,2022-07-19T21:57:11.890Z,2997112000,128.85,View,59.416864,-101.057438,59.376395,-102.861505,-0.559268,-100.443116,-0.593668,-101.386442,Selenographic,Equatorial
466,ch2_tmc_nca_20200712T0048166620_d_img_d18.zip,2020-07-12T00:48:16.662Z,2020-07-12T00:58:47.440Z,1559400000,103.7,View,-27.762277,-92.935029,-27.801412,-93.8364,-59.570444,-91.375721,-59.627386,-92.891712,Selenographic,Equatorial
467,ch2_tmc_ncf_20220728T0506565399_d_img_d32.zip,2022-07-28T05:06:56.539Z,2022-07-28T05:27:02.902Z,2982312000,124.56,View,32.175672,150.20507,32.180438,149.164685,-27.677686,149.675727,-27.672933,148.65869,Selenographic,Equatorial
468,ch2_tmc_nca_20200719T0552325632_d_img_d32.zip,2020-07-19T05:52:32.563Z,2020-07-19T06:03:08.590Z,1572376000,110.96,View,-30.94888,171.131212,-30.944602,170.126371,-62.831846,171.704821,-62.83053,169.873685,Selenographic,Equatorial
469,ch2_tmc_ncf_20220627T0317141869_d_img_d32.zip,2022-06-27T03:17:14.186Z,2022-06-27T03:27:12.139Z,1478240000,112.15,View,3.048479,-160.984309,3.056857,-161.818498,-27.039279,-161.312177,-27.0307,-162.205885,Selenographic,Equatorial
470,ch2_tmc_ncf_20191201T0904339009_d_img_d18.zip,2019-12-01T09:04:33.900Z,2019-12-01T09:14:05.288Z,1412576000,94.87,View,-1.272079,154.113297,-1.267828,154.729564,27.980309,154.026306,27.985658,154.804376,Selenographic,Equatorial
471,ch2_tmc_ncn_20200607T2239162106_d_img_d18.zip,2020-06-07T22:39:16.210Z,2020-06-07T22:49:52.237Z,1572376000,108.15,View,61.560058,-5.940432,61.568179,-4.446613,29.375305,-5.413492,29.380998,-4.574675,Selenographic,Equatorial
472,ch2_tmc_ncf_20210517T1508532173_d_img_d18.zip,2021-05-17T15:08:53.217Z,2021-05-17T15:17:29.462Z,1276256000,112.17,View,-58.975091,143.303111,-58.963055,145.045833,-84.767388,140.76769,-84.733915,150.150328,Polar stereographic,South
473,ch2_tmc_ncf_20211111T1322553909_d_img_d18.zip,2021-11-11T13:22:55.390Z,2021-11-11T13:33:12.806Z,1526368000,99.56,View,-86.082803,-34.32997,-86.104807,-45.591994,-62.342347,137.375983,-62.344541,138.946846,Polar stereographic,South
474,ch2_tmc_ncn_20221124T0620457724_d_img_d32.zip,2022-11-24T06:20:45.772Z,2022-11-24T06:28:33.141Z,1155424000,105.89,View,44.701165,-159.992653,44.710476,-159.110322,68.562496,-161.338312,68.580346,-159.524505,Selenographic,Equatorial
475,ch2_tmc_ncn_20220130T0317307668_d_img_d18.zip,2022-01-30T03:17:30.766Z,2022-01-30T03:32:15.998Z,2188456000,90.19,View,-74.579038,-12.077834,-74.581377,-9.562706,-60.103117,170.021365,-60.10544,168.827109,Selenographic,Equatorial
476,ch2_tmc_ncn_20211214T1333204781_d_img_d32.zip,2021-12-14T13:33:20.478Z,2021-12-14T13:42:58.776Z,1427752000,81.12,View,-61.303762,61.60798,-61.319726,62.829727,-31.353197,62.591485,-31.359725,63.228661,Selenographic,Equatorial
477,ch2_tmc_ncf_20211231T0528483419_d_img_d18.zip,2021-12-31T05:28:48.341Z,2021-12-31T05:48:02.385Z,2853000000,77.24,View,-59.870638,-155.028653,-59.870307,-156.463649,-0.285265,-155.863201,-0.284725,-156.458715,Selenographic,Equatorial
478,ch2_tmc_nca_20211115T1549013951_d_img_d18.zip,2021-11-15T15:49:01.395Z,2021-11-15T16:00:05.959Z,1642928000,103.26,View,-88.574098,-24.937514,-89.249979,-44.737633,-56.711187,82.327368,-56.733111,83.706896,Polar stereographic,South
479,ch2_tmc_nca_20220124T2332413719_d_img_d18.zip,2022-01-24T23:32:41.371Z,2022-01-24T23:47:50.803Z,2248280000,98.57,View,-72.299966,57.713271,-72.27106,60.495187,-61.485481,-123.084172,-61.471668,-124.598482,Selenographic,Equatorial
480,ch2_tmc_nca_20220112T1102281990_d_img_d32.zip,2022-01-12T11:02:28.199Z,2022-01-12T11:17:24.318Z,2215344000,89.58,View,-73.018548,-137.917012,-73.002645,-135.432759,-60.890435,42.13609,-60.883624,40.786462,Selenographic,Equatorial
481,ch2_tmc_ncn_20220717T2214346238_d_img_d18.zip,2022-07-17T22:14:34.623Z,2022-07-17T22:34:39.805Z,2979424000,121.91,View,61.43373,-75.066105,61.414173,-76.750788,1.453454,-74.61661,1.443113,-75.431151,Selenographic,Equatorial
482,ch2_tmc_ncn_20191226T0338483816_d_img_d18.zip,2019-12-26T03:38:48.381Z,2019-12-26T03:48:20.922Z,1415424000,84.76,View,0.938581,-172.03948,0.935416,-171.515764,30.626683,-172.108847,30.62274,-171.486255,Selenographic,Equatorial
483,ch2_tmc_ncf_20210531T0528522041_d_img_hw1.zip,2021-05-31T05:28:52.204Z,2021-05-31T05:36:07.504Z,1076144000,100.17,View,-60.093971,-35.9115,-60.090964,-34.371924,-82.275612,-37.35848,-82.266748,-31.893261,Polar stereographic,South
484,ch2_tmc_ncf_20220622T2040406290_d_img_d32.zip,2022-06-22T20:40:40.629Z,2022-06-22T21:10:35.698Z,4437712000,110.55,View,63.060057,-104.816364,63.039946,-106.648648,-26.987715,-104.013274,-26.997745,-104.91002,Selenographic,Equatorial
485,ch2_tmc_ncf_20220613T2042274784_d_img_d32.zip,2022-06-13T20:42:27.478Z,2022-06-13T20:52:19.379Z,1462352000,104.98,View,-9.865334,13.729324,-9.873038,14.531508,-39.77109,13.290277,-39.779468,14.296933,Selenographic,Equatorial
486,ch2_tmc_nca_20220108T1457528874_d_img_d32.zip,2022-01-08T14:57:52.887Z,2022-01-08T15:27:12.112Z,4349080000,98.28,View,-62.681659,96.950051,-62.728598,95.39644,27.343816,93.943355,27.351716,93.116155,Selenographic,Equatorial
487,ch2_tmc_nca_20200212T2045445780_d_img_d18.zip,2020-02-12T20:45:44.578Z,2020-02-12T20:55:38.750Z,1468904000,118.19,View,-57.812543,86.345122,-57.777197,88.028624,-87.504777,101.973352,-87.130548,118.81345,Polar stereographic,South
488,ch2_tmc_ncn_20200129T1257183558_d_img_d18.zip,2020-01-29T12:57:18.355Z,2020-01-29T13:07:04.334Z,1448648000,89.72,View,-31.40375,94.268596,-31.389524,93.567121,-1.230085,94.849147,-1.218187,94.255416,Selenographic,Equatorial
489,ch2_tmc_ncn_20220715T1720251601_d_img_d32.zip,2022-07-15T17:20:25.160Z,2022-07-15T17:35:17.755Z,2204808000,105.42,View,-8.700518,-45.541308,-8.7007,-46.333072,-53.641425,-45.552418,-53.641119,-46.744163,Selenographic,Equatorial
490,ch2_tmc_ncf_20191225T1000201737_d_img_gds.zip,2019-12-25T10:00:20.173Z,2019-12-25T10:01:59.966Z,246712000,81.82,View,-0.413865,-162.364264,-0.41368,-161.827498,4.771491,-162.37737,4.771674,-161.839782,Selenographic,Equatorial
491,ch2_tmc_nca_20220707T1134371845_d_img_d32.zip,2022-07-07T11:34:37.184Z,2022-07-07T11:49:36.280Z,2222720000,124.19,View,59.490794,62.423549,59.482247,60.793993,14.335169,62.63421,14.333499,61.684353,Selenographic,Equatorial
492,ch2_tmc_ncf_20200624T0243201992_d_img_d18.zip,2020-06-24T02:43:20.199Z,2020-06-24T02:47:40.931Z,644584000,111,View,41.291186,141.219378,41.300044,142.251665,28.052752,141.332218,28.06141,142.243805,Selenographic,Equatorial
493,ch2_tmc_ncf_20200113T0552291023_d_img_gds.zip,2020-01-13T05:52:29.102Z,2020-01-13T06:00:23.148Z,1171600000,100.87,View,-22.833219,-50.499979,-22.819278,-51.34226,1.185296,-50.369243,1.19809,-51.120743,Selenographic,Equatorial
494,ch2_tmc_ncn_20200107T1812397441_d_img_d18.zip,2020-01-07T18:12:39.744Z,2020-01-07T18:22:30.716Z,1460992000,96.98,View,-26.20352,21.618682,-26.202923,20.906816,3.993187,21.551953,3.993542,20.915588,Selenographic,Equatorial
495,ch2_tmc_ncn_20220528T0126039872_d_img_d18.zip,2022-05-28T01:26:03.987Z,2022-05-28T01:39:27.955Z,1989752000,124.24,View,20.664509,-125.273294,20.679926,-124.387282,-19.335002,-125.082962,-19.320666,-124.237574,Selenographic,Equatorial
496,ch2_tmc_nca_20210514T0604317335_d_img_d18.zip,2021-05-14T06:04:31.733Z,2021-05-14T06:14:08.575Z,1426064000,103.61,View,-55.802801,-172.696754,-55.79494,-171.177521,-85.057226,-176.470376,-85.049917,-167.320682,Polar stereographic,South
497,ch2_tmc_nca_20200720T0330044397_d_img_d18.zip,2020-07-20T03:30:04.439Z,2020-07-20T03:40:41.359Z,1574584000,113.96,View,-30.588421,159.373865,-30.593302,158.374612,-62.529922,159.768711,-62.535825,157.910834,Selenographic,Equatorial
498,ch2_tmc_ncf_20211113T1650236492_d_img_d18.zip,2021-11-13T16:50:23.649Z,2021-11-13T17:01:30.269Z,1648008000,96.39,View,-82.696266,101.251732,-82.774591,106.839021,-48.714512,108.808276,-48.728902,109.877214,Polar stereographic,South
499,ch2_tmc_ncn_20191129T0206488221_d_img_cnb.zip,2019-11-29T02:06:48.822Z,2019-11-29T02:16:18.158Z,1407504000,88.48,View,-0.439811,-175.230406,-0.447051,-174.711588,29.080208,-175.292099,29.073834,-174.655144,Selenographic,Equatorial
500,ch2_tmc_ncn_20220621T0520071949_d_img_d32.zip,2022-06-21T05:20:07.194Z,2022-06-21T05:33:22.760Z,1966752000,112.97,,61.272947,-83.419538,61.253143,-84.974197,21.325515,-82.908756,21.315022,-83.708963,Selenographic,Equatorial
501,ch2_tmc_ncn_20200618T2233035392_d_img_d18.zip,2020-06-18T22:33:03.539Z,2020-06-18T22:43:06.743Z,1491232000,124.4,View,62.154257,-151.59468,62.164351,-149.943253,32.123485,-150.985693,32.130165,-150.025863,Selenographic,Equatorial
502,ch2_tmc_ncn_20191226T0931403907_d_img_g26.zip,2019-12-26T09:31:40.390Z,2019-12-26T09:41:12.801Z,1415104000,84.82,View,0.965776,-175.296859,0.960923,-174.777581,30.699182,-175.335323,30.693773,-174.716365,Selenographic,Equatorial
503,ch2_tmc_ncn_20211113T1650236492_d_img_d18.zip,2021-11-13T16:50:23.649Z,2021-11-13T17:01:30.269Z,1648008000,96.39,View,-81.214413,103.028982,-81.272874,107.2215,-47.224993,108.918885,-47.237386,109.855455,Polar stereographic,South
504,ch2_tmc_ncn_20220712T1754088924_d_img_d32.zip,2022-07-12T17:54:08.892Z,2022-07-12T18:09:11.334Z,2230224000,122.47,View,61.235653,-5.376646,61.241029,-7.04933,16.274105,-6.318646,16.275992,-7.179192,Selenographic,Equatorial
505,ch2_tmc_nca_20191213T2133547819_d_img_d18.zip,2019-12-13T21:33:54.781Z,2019-12-13T21:43:26.169Z,1412576000,85.06,View,1.850614,-10.831141,1.790139,-10.190928,31.411644,-10.834856,31.350938,-10.092197,Selenographic,Equatorial
506,ch2_tmc_ncf_20221125T0600289370_d_img_d32.zip,2022-11-25T06:00:28.937Z,2022-11-25T06:08:18.105Z,1159872000,109.91,View,43.113096,-173.005536,43.123802,-172.018628,66.875008,-174.24752,66.894289,-172.30564,Selenographic,Equatorial
507,ch2_tmc_nca_20200526T0526071367_d_img_d18.zip,2020-05-26T05:26:07.136Z,2020-05-26T05:35:59.355Z,1463208000,99.57,View,62.365694,161.850834,62.375876,163.342175,32.165823,162.28118,32.174541,163.131847,Selenographic,Equatorial
508,ch2_tmc_ncf_20200724T0945157336_d_img_d18.zip,2020-07-24T09:45:15.733Z,2020-07-24T09:55:53.689Z,1577120000,112.05,View,-26.915551,103.269928,-26.940022,102.323413,-58.977038,104.686226,-59.012806,103.089276,Selenographic,Equatorial
509,ch2_tmc_ncn_20220103T0423479436_d_img_d18.zip,2022-01-03T04:23:47.943Z,2022-01-03T04:42:58.193Z,2843192000,79.94,View,-39.849266,-174.67942,-40.387029,-175.02596,-3.307875,-151.02937,-2.844679,-151.331199,Selenographic,Equatorial
510,ch2_tmc_ncn_20220630T0413216949_d_img_d32.zip,2022-06-30T04:13:21.694Z,2022-06-30T04:23:19.831Z,1478680000,115.6,View,1.484153,159.428131,1.485166,158.679798,-28.603092,159.192028,-28.60438,158.329759,Selenographic,Equatorial
511,ch2_tmc_ncf_20210512T1417375174_d_img_hw1.zip,2021-05-12T14:17:37.517Z,2021-05-12T14:22:19.776Z,698952000,119.51,View,-16.550592,-150.531376,-16.54717,-149.587648,-30.582092,-150.554627,-30.575893,-149.547639,Selenographic,Equatorial
512,ch2_tmc_ncn_20221126T0342084593_d_img_d32.zip,2022-11-26T03:42:08.459Z,2022-11-26T03:50:00.724Z,1167528000,112.32,View,44.734981,175.001064,44.743927,175.929382,68.711396,173.844281,68.725694,175.772442,Selenographic,Equatorial
513,ch2_tmc_ncf_20191219T1053106529_d_img_gds.zip,2019-12-19T10:53:10.652Z,2019-12-19T11:02:44.653Z,1420488000,82.94,View,-0.105413,-84.23395,-0.085914,-83.604453,29.714928,-83.743173,29.729825,-83.034208,Selenographic,Equatorial
514,ch2_tmc_ncn_20220629T0432155000_d_img_d32.zip,2022-06-29T04:32:15.500Z,2022-06-29T04:42:12.617Z,1476168000,115.36,View,1.555617,172.177995,1.575105,171.388066,-28.414998,172.046386,-28.392722,171.161039,Selenographic,Equatorial
515,ch2_tmc_nca_20191201T0706462450_d_img_d18.zip,2019-12-01T07:06:46.245Z,2019-12-01T07:16:17.762Z,1412896000,94.68,View,1.21953,155.181085,1.207334,155.791536,30.790886,155.077571,30.778277,155.868321,Selenographic,Equatorial
516,ch2_tmc_nca_20221202T1728135184_d_img_d32.zip,2022-12-02T17:28:13.518Z,2022-12-02T17:36:05.851Z,1167696000,116.41,View,46.323643,89.287964,46.314429,90.393816,70.423099,89.443943,70.401883,91.911708,Selenographic,Equatorial
517,ch2_tmc_ncn_20220131T0845092848_d_img_d18.zip,2022-01-31T08:45:09.284Z,2022-01-31T09:00:00.283Z,2202712000,86.84,View,-74.531175,-28.690211,-74.537787,-26.34435,-59.590304,153.865917,-59.594419,152.733692,Selenographic,Equatorial
518,ch2_tmc_nca_20200723T1009171225_d_img_d18.zip,2020-07-23T10:09:17.122Z,2020-07-23T10:19:52.385Z,1569536000,110.15,View,-30.474255,116.332239,-30.486818,115.35787,-62.353773,117.8008,-62.377668,116.04034,Selenographic,Equatorial
519,ch2_tmc_ncn_20220122T0049334711_d_img_d18.zip,2022-01-22T00:49:33.471Z,2022-01-22T01:04:40.728Z,2242904000,100.32,View,-74.652806,97.814683,-74.610511,100.560959,-59.408186,-84.898953,-59.389189,-86.199136,Selenographic,Equatorial
520,ch2_tmc_nca_20200708T2320352200_d_img_d18.zip,2020-07-08T23:20:35.220Z,2020-07-08T23:31:13.295Z,1577440000,122.81,View,59.256733,-54.218861,59.273415,-55.954567,26.276661,-53.900626,26.305641,-54.926268,Selenographic,Equatorial
521,ch2_tmc_nca_20221126T0738482951_d_img_d32.zip,2022-11-26T07:38:48.295Z,2022-11-26T07:46:42.278Z,1171776000,112.61,View,46.279372,172.685837,46.28679,173.747627,70.42928,171.265612,70.445613,173.593813,Selenographic,Equatorial
522,ch2_tmc_nca_20191221T0601071304_d_img_g26.zip,2019-12-21T06:01:07.130Z,2019-12-21T06:04:13.706Z,461256000,79.78,View,1.492392,-107.927689,1.489762,-107.358539,11.179252,-107.774152,11.176779,-107.199779,Selenographic,Equatorial
523,ch2_tmc_ncf_20200721T1057382210_d_img_d32.zip,2020-07-21T10:57:38.221Z,2020-07-21T11:08:14.118Z,1572056000,114.38,View,-27.259848,141.967476,-27.28284,141.017662,-59.140621,142.478029,-59.163705,140.828505,Selenographic,Equatorial
524,ch2_tmc_ncf_20220702T1337449598_d_img_d32.zip,2022-07-02T13:37:44.959Z,2022-07-02T13:47:40.255Z,1471112000,111.35,View,-26.927364,127.187487,-26.85864,126.209097,-56.907814,127.177239,-56.833793,125.620037,Selenographic,Equatorial
525,ch2_tmc_nca_20191217T0003263102_d_img_d18.zip,2019-12-17T00:03:26.310Z,2019-12-17T00:13:13.165Z,1451504000,86.7,View,1.545389,-51.794601,1.538355,-51.130963,31.822027,-51.592453,31.813574,-50.826913,Selenographic,Equatorial
526,ch2_tmc_ncf_20220720T2138219039_d_img_d32.zip,2022-07-20T21:38:21.903Z,2022-07-20T21:58:26.121Z,2976984000,108.63,View,3.753772,-113.672351,3.679735,-114.618492,-56.410468,-112.137998,-56.494059,-113.523271,Selenographic,Equatorial
527,ch2_tmc_ncf_20221201T1549554094_d_img_d32.zip,2022-12-01T15:49:55.409Z,2022-12-01T15:57:46.244Z,1163992000,114.64,View,43.213163,103.272919,43.206318,104.332589,66.978837,103.299542,66.964165,105.402109,Selenographic,Equatorial
528,ch2_tmc_ncn_20191128T1222225951_d_img_cnb.zip,2019-11-28T12:22:22.595Z,2019-11-28T12:31:51.170Z,1405624000,87.8,View,-0.531775,-167.635375,-0.526686,-167.111095,28.926723,-167.730972,28.932003,-167.092085,Selenographic,Equatorial
529,ch2_tmc_nca_20221122T0304082104_d_img_n18.zip,2022-11-22T03:04:08.210Z,2022-11-22T03:11:58.373Z,1162800000,102.63,View,46.071847,-131.360455,46.06974,-130.409281,70.29587,-131.608064,70.289111,-129.527012,Selenographic,Equatorial
530,ch2_tmc_ncf_20220730T0627073188_d_img_d32.zip,2022-07-30T06:27:07.318Z,2022-07-30T06:47:17.684Z,2992216000,123.56,View,32.288832,122.566903,32.288414,121.466851,-27.709583,122.702779,-27.710199,121.685265,Selenographic,Equatorial
531,ch2_tmc_ncf_20220122T2028145778_d_img_d18.zip,2022-01-22T20:28:14.577Z,2022-01-22T20:43:10.609Z,2215152000,98.7,View,-76.186911,87.056008,-76.135018,90.429404,-58.58144,-95.637155,-58.560934,-97.021871,Selenographic,Equatorial
532,ch2_tmc_ncf_20211220T1520129063_d_img_d32.zip,2021-12-20T15:20:12.906Z,2021-12-20T15:34:48.551Z,2164728000,86.85,View,-62.722597,-17.930273,-62.770554,-16.295366,-17.564013,-17.012155,-17.591873,-16.327545,Selenographic,Equatorial
533,ch2_tmc_ncf_20210512T0829023624_d_img_d18.zip,2021-05-12T08:29:02.362Z,2021-05-12T08:38:26.891Z,1395624000,104.22,View,-38.482176,-147.27662,-38.487352,-146.132945,-66.79504,-147.416879,-66.795006,-145.372867,Selenographic,Equatorial
534,ch2_tmc_ncf_20221203T1708208906_d_img_n18.zip,2022-12-03T17:08:20.890Z,2022-12-03T17:16:06.113Z,1150120000,115.63,View,43.261629,76.247037,43.253385,77.273234,66.778365,76.325421,66.761545,78.393015,Selenographic,Equatorial
535,ch2_tmc_ncf_20221117T0442592594_d_img_n18.zip,2022-11-17T04:42:59.259Z,2022-11-17T04:50:54.122Z,1173952000,107.89,View,43.007671,-66.511954,43.010282,-65.468222,67.093685,-66.468322,67.087391,-64.449756,Selenographic,Equatorial
536,ch2_tmc_ncf_20220621T2104175877_d_img_d32.zip,2022-06-21T21:04:17.587Z,2022-06-21T21:17:35.273Z,1972016000,115.08,View,63.324227,-92.126091,63.23261,-93.999954,23.302563,-91.463456,23.22397,-92.387775,Selenographic,Equatorial
537,ch2_tmc_nca_20200722T0637288740_d_img_d32.zip,2020-07-22T06:37:28.874Z,2020-07-22T06:48:03.748Z,1569528000,111.25,View,-30.852289,131.354376,-30.874883,130.373593,-62.770075,132.364507,-62.798641,130.551681,Selenographic,Equatorial
538,ch2_tmc_ncn_20210516T0532068398_d_img_d18.zip,2021-05-16T05:32:06.839Z,2021-05-16T05:40:42.927Z,1277736000,109.57,View,-57.350591,161.765805,-57.349563,163.233471,-83.306543,159.399845,-83.303947,165.810842,Polar stereographic,South
539,ch2_tmc_nca_20200618T2233035392_d_img_d18.zip,2020-06-18T22:33:03.539Z,2020-06-18T22:43:06.743Z,1491232000,124.4,View,63.944269,-151.809788,63.99846,-149.857258,34.023391,-151.054875,34.075931,-149.964103,Selenographic,Equatorial
540,ch2_tmc_ncf_20220723T0507548104_d_img_d32.zip,2022-07-23T05:07:54.810Z,2022-07-23T05:14:31.969Z,979680000,107.21,View,-36.770048,-144.582301,-36.776898,-145.694145,-56.972253,-144.508394,-56.979189,-146.003927,Selenographic,Equatorial
541,ch2_tmc_ncf_20220711T1227442830_d_img_d32.zip,2022-07-11T12:27:44.283Z,2022-07-11T12:42:46.203Z,2229704000,119.71,View,33.137486,10.490937,33.145374,9.424475,-11.861654,9.941336,-11.855075,9.040942,Selenographic,Equatorial
542,ch2_tmc_ncn_20211204T0142031075_d_img_d18.zip,2021-12-04T01:42:03.107Z,2021-12-04T02:00:08.929Z,2682280000,92.02,View,-0.221776,-158.291177,-0.220573,-157.706467,55.625006,-158.964979,55.628085,-157.938311,Selenographic,Equatorial
543,ch2_tmc_nca_20191128T0431218361_d_img_d18.zip,2019-11-28T04:31:21.836Z,2019-11-28T04:40:50.282Z,1405304000,86.86,View,0.66698,-163.334125,0.714117,-162.786999,30.230757,-163.483959,30.282345,-162.809506,Selenographic,Equatorial
544,ch2_tmc_nca_20200131T2157371957_d_img_gds.zip,2020-01-31T21:57:37.195Z,2020-01-31T22:07:16.773Z,1432824000,80.09,View,-33.360832,62.942005,-33.349136,62.226274,-3.167297,63.403906,-3.157773,62.809542,Selenographic,Equatorial
545,ch2_tmc_nca_20200723T0415158460_d_img_d18.zip,2020-07-23T04:15:15.846Z,2020-07-23T04:25:50.847Z,1569840000,110.41,View,-30.402569,119.550124,-30.426801,118.57989,-62.300411,120.91823,-62.333704,119.163329,Selenographic,Equatorial
546,ch2_tmc_ncf_20221122T0304081779_d_img_n18.zip,2022-11-22T03:04:08.177Z,2022-11-22T03:11:58.697Z,1163608000,102.63,View,43.289055,-131.349456,43.285247,-130.444125,67.34936,-131.555355,67.341914,-129.735714,Selenographic,Equatorial
547,ch2_tmc_ncn_20200627T0527573150_d_img_d18.zip,2020-06-27T05:27:57.315Z,2020-06-27T05:38:35.393Z,1577448000,116.73,View,61.771845,98.736495,61.726855,97.200231,29.684277,100.27597,29.675683,99.364125,Selenographic,Equatorial
548,ch2_tmc_nca_20200708T1922156288_d_img_d18.zip,2020-07-08T19:22:15.628Z,2020-07-08T19:32:55.183Z,1582496000,122.72,View,59.280956,-51.936704,59.259305,-53.674333,27.217351,-51.638256,27.203015,-52.670591,Selenographic,Equatorial
549,ch2_tmc_ncf_20220127T2215296303_d_img_d18.zip,2022-01-27T22:15:29.630Z,2022-01-27T22:30:29.826Z,2225400000,94.13,View,-76.008712,16.392835,-76.02086,19.635426,-58.356104,-160.234812,-58.361781,-161.548441,Selenographic,Equatorial
550,ch2_tmc_ncf_20191129T0206488254_d_img_cnb.zip,2019-11-29T02:06:48.825Z,2019-11-29T02:16:18.161Z,1407504000,88.48,View,-1.656983,-175.261607,-1.670771,-174.685249,27.770332,-175.308566,27.756517,-174.609719,Selenographic,Equatorial
551,ch2_tmc_nca_20221201T1549554127_d_img_d32.zip,2022-12-01T15:49:55.412Z,2022-12-01T15:57:46.214Z,1163912000,114.64,View,46.478132,103.282155,46.471515,104.405466,70.454304,103.298908,70.437605,105.760066,Selenographic,Equatorial
552,ch2_tmc_ncn_20210523T2308228364_d_img_hw1.zip,2021-05-23T23:08:22.836Z,2021-05-23T23:10:58.427Z,383704000,123.9,View,-51.315835,60.613864,-51.297226,61.961412,-59.06103,60.779901,-59.038189,62.391056,Selenographic,Equatorial
553,ch2_tmc_ncf_20220624T0408587903_d_img_d32.zip,2022-06-24T04:08:58.790Z,2022-06-24T04:39:03.202Z,4460808000,112.09,View,63.169556,-121.705622,63.155244,-123.637981,-26.915706,-121.600764,-26.923167,-122.499622,Selenographic,Equatorial
554,ch2_tmc_ncf_20220709T1652316061_d_img_d32.zip,2022-07-09T16:52:31.606Z,2022-07-09T17:07:30.666Z,2222632000,123.3,View,62.998174,34.726357,63.002932,32.877954,18.214608,33.984122,18.218328,33.017591,Selenographic,Equatorial
555,ch2_tmc_ncn_20221130T1411303803_d_img_n18.zip,2022-11-30T14:11:30.380Z,2022-11-30T14:19:21.134Z,1164640000,113.34,View,44.827069,117.199,44.823618,118.160417,68.721319,117.028353,68.713217,119.015929,Selenographic,Equatorial
556,ch2_tmc_ncn_20200724T1341163667_d_img_d18.zip,2020-07-24T13:41:16.366Z,2020-07-24T13:51:54.308Z,1577112000,112.94,View,-28.804561,101.145797,-28.820647,100.26783,-60.779936,102.684971,-60.80938,101.146256,Selenographic,Equatorial
557,ch2_tmc_ncn_20200714T0159298018_d_img_d18.zip,2020-07-14T01:59:29.801Z,2020-07-14T02:10:00.447Z,1559072000,102.92,View,-28.686345,-120.42463,-28.700723,-121.261514,-60.550524,-119.182973,-60.572801,-120.556205,Selenographic,Equatorial
558,ch2_tmc_nca_20191201T0311138950_d_img_d18.zip,2019-12-01T03:11:13.895Z,2019-12-01T03:20:45.412Z,1412896000,94.11,View,1.164835,157.357516,1.159003,157.976302,30.755729,157.262454,30.748246,158.061155,Selenographic,Equatorial
559,ch2_tmc_ncf_20220526T2324568892_d_img_d18.zip,2022-05-26T23:24:56.889Z,2022-05-26T23:44:54.801Z,2961456000,124.55,View,59.963892,-112.005552,59.988821,-110.24606,0.20553,-110.797951,0.225279,-109.892516,Selenographic,Equatorial
560,ch2_tmc_ncf_20200716T2249059733_d_img_d18.zip,2020-07-16T22:49:05.973Z,2020-07-16T22:59:39.951Z,1567312000,106.27,View,-27.121848,-159.053689,-27.124679,-159.977547,-59.187591,-158.730066,-59.191214,-160.247375,Selenographic,Equatorial
561,ch2_tmc_ncn_20220729T0646071241_d_img_d32.zip,2022-07-29T06:46:07.124Z,2022-07-29T07:06:16.345Z,2989672000,124.22,View,30.393278,135.791305,30.39278,134.862202,-29.584362,135.538674,-29.584941,134.618658,Selenographic,Equatorial
562,ch2_tmc_ncn_20200727T0635146893_d_img_d18.zip,2020-07-27T06:35:14.689Z,2020-07-27T06:45:56.861Z,1587568000,118.9,View,-28.752581,65.486303,-28.768841,64.552651,-60.698938,66.853843,-60.725819,65.244539,Selenographic,Equatorial
563,ch2_tmc_ncn_20200722T0637288772_d_img_d32.zip,2020-07-22T06:37:28.877Z,2020-07-22T06:48:03.748Z,1569520000,111.25,View,-29.11383,131.286372,-29.122354,130.420746,-61.027246,132.166324,-61.041755,130.628275,Selenographic,Equatorial
564,ch2_tmc_nca_20200123T0536588960_d_img_d18.zip,2020-01-23T05:36:58.896Z,2020-01-23T05:46:48.712Z,1458136000,94.76,View,-32.993721,178.054713,-32.991531,177.209102,-2.763843,178.030319,-2.762234,177.334899,Selenographic,Equatorial
565,ch2_tmc_ncf_20220120T2317117968_d_img_d18.zip,2022-01-20T23:17:11.796Z,2022-01-20T23:32:15.986Z,2235320000,98.78,View,-75.998459,111.529609,-75.955211,114.74821,-58.203188,-70.548901,-58.185716,-71.92093,Selenographic,Equatorial
566,ch2_tmc_ncf_20200723T0613166295_d_img_d18.zip,2020-07-23T06:13:16.629Z,2020-07-23T06:23:50.481Z,1567000000,110.34,View,-26.942581,118.389608,-26.956968,117.460654,-58.836065,119.577586,-58.860009,118.019028,Selenographic,Equatorial
567,ch2_tmc_nca_20210513T1018118014_d_img_d18.zip,2021-05-13T10:18:11.801Z,2021-05-13T10:27:17.701Z,1349568000,101.61,View,-55.940655,-161.832563,-55.93911,-160.377449,-83.755217,-164.53965,-83.752528,-157.682887,Polar stereographic,South
568,ch2_tmc_ncf_20210514T0803114068_d_img_d18.zip,2021-05-14T08:03:11.406Z,2021-05-14T08:13:02.306Z,1460816000,103.46,View,-59.46147,-173.80055,-59.458869,-172.100503,-89.081511,163.316854,-89.054921,-146.13507,Polar stereographic,South
569,ch2_tmc_ncf_20220519T1806046521_d_img_d18.zip,2022-05-19T18:06:04.652Z,2022-05-19T18:13:50.502Z,1151672000,114.53,View,59.269232,-15.728252,59.26287,-14.079648,35.86132,-15.761909,35.856984,-14.700584,Selenographic,Equatorial
570,ch2_tmc_ncn_20200728T1205129291_d_img_d18.zip,2020-07-28T12:05:12.929Z,2020-07-28T12:15:54.751Z,1585032000,117.24,View,-28.925743,49.475138,-28.939037,48.54745,-60.87317,50.656996,-60.895249,49.060429,Selenographic,Equatorial
571,ch2_tmc_nca_20221203T1708208906_d_img_n18.zip,2022-12-03T17:08:20.890Z,2022-12-03T17:16:06.113Z,1150120000,115.63,View,46.421863,76.266736,46.414142,77.352154,70.223579,76.3578,70.204361,78.769486,Selenographic,Equatorial
572,ch2_tmc_ncf_20221125T0758491264_d_img_d32.zip,2022-11-25T07:58:49.126Z,2022-11-25T08:06:44.909Z,1176224000,111.07,View,43.153806,-174.082632,43.162952,-173.09454,67.244015,-175.341579,67.261432,-173.367091,Selenographic,Equatorial
573,ch2_tmc_ncn_20220519T2201208300_d_img_d18.zip,2022-05-19T22:01:20.830Z,2022-05-19T22:10:11.866Z,1314856000,114.61,View,61.101827,-17.79965,61.09417,-16.225299,34.428674,-17.880155,34.424301,-16.941369,Selenographic,Equatorial
574,ch2_tmc_ncf_20200708T2320352200_d_img_d18.zip,2020-07-08T23:20:35.220Z,2020-07-08T23:31:13.295Z,1577440000,122.81,View,62.921868,-54.324334,62.922378,-56.269368,31.242092,-53.936757,31.255214,-55.009377,Selenographic,Equatorial
575,ch2_tmc_ncn_20200607T1446398956_d_img_d18.zip,2020-06-07T14:46:39.895Z,2020-06-07T14:57:15.744Z,1571936000,107.85,View,61.49758,-1.492073,61.504695,-0.008136,29.309105,-0.986463,29.313579,-0.151237,Selenographic,Equatorial
576,ch2_tmc_nca_20211113T0855227698_d_img_d18.zip,2021-11-13T08:55:22.769Z,2021-11-13T09:06:01.569Z,1579232000,102.87,View,-88.794061,5.79594,-89.487884,-24.789831,-58.092509,112.698602,-58.109598,114.126282,Polar stereographic,South
577,ch2_tmc_nca_20191213T1738373173_d_img_d18.zip,2019-12-13T17:38:37.317Z,2019-12-13T17:48:08.391Z,1412576000,85.32,View,1.791461,-8.719581,1.794918,-8.076432,31.338869,-8.748222,31.342091,-7.999302,Selenographic,Equatorial
578,ch2_tmc_ncf_20220729T1042559804_d_img_d32.zip,2022-07-29T10:42:55.980Z,2022-07-29T11:03:05.313Z,2989656000,123.84,View,32.304295,133.632759,32.302448,132.571225,-27.706783,133.436539,-27.708857,132.433099,Selenographic,Equatorial
579,ch2_tmc_ncf_20220122T2226079102_d_img_d18.zip,2022-01-22T22:26:07.910Z,2022-01-22T22:41:12.429Z,2238160000,98.39,View,-76.200775,85.99103,-76.148643,89.366629,-58.091569,-96.710266,-58.071328,-98.071546,Selenographic,Equatorial
580,ch2_tmc_nca_20220607T0906549902_d_img_d32.zip,2022-06-07T09:06:54.990Z,2022-06-07T09:36:27.268Z,4381384000,105.46,View,32.538048,98.194964,32.424471,99.085905,-54.346886,87.45291,-54.65159,88.698896,Selenographic,Equatorial
581,ch2_tmc_nca_20191206T0122222471_d_img_gds.zip,2019-12-06T01:22:22.247Z,2019-12-06T01:29:10.979Z,1010464000,95.15,View,9.38826,92.898437,9.383426,93.605745,30.335104,93.291843,30.327721,94.112858,Selenographic,Equatorial
582,ch2_tmc_nca_20200723T0613166295_d_img_d18.zip,2020-07-23T06:13:16.629Z,2020-07-23T06:23:50.481Z,1567000000,110.34,View,-30.443451,118.482349,-30.452219,117.517656,-62.260348,119.868514,-62.280216,118.128187,Selenographic,Equatorial
583,ch2_tmc_nca_20220122T2226079427_d_img_d18.zip,2022-01-22T22:26:07.942Z,2022-01-22T22:41:12.432Z,2238160000,98.39,View,-72.782266,85.568905,-72.739655,88.300792,-61.137965,-96.819855,-61.116235,-98.314848,Selenographic,Equatorial
584,ch2_tmc_nca_20211230T0550281921_d_img_d18.zip,2021-12-30T05:50:28.192Z,2021-12-30T06:09:43.339Z,2855728000,76.17,View,-62.911248,-142.706274,-62.923392,-144.228533,-2.67112,-142.962897,-2.683834,-143.514488,Selenographic,Equatorial
585,ch2_tmc_ncn_20200721T1057382210_d_img_d32.zip,2020-07-21T10:57:38.221Z,2020-07-21T11:08:14.121Z,1572064000,114.38,View,-29.049469,141.960742,-29.063976,141.090363,-60.938877,142.481641,-60.954514,140.912082,Selenographic,Equatorial
586,ch2_tmc_nca_20220711T1227442830_d_img_d32.zip,2022-07-11T12:27:44.283Z,2022-07-11T12:42:46.203Z,2229712000,119.71,View,29.363687,10.445068,29.370162,9.419128,-15.584904,9.931847,-15.579375,9.015867,Selenographic,Equatorial
587,ch2_tmc_ncn_20220622T2040406290_d_img_d32.zip,2022-06-22T20:40:40.629Z,2022-06-22T21:10:35.694Z,4437720000,110.55,View,61.299952,-104.866712,61.280556,-106.425333,-28.676516,-103.980329,-28.688185,-104.801442,Selenographic,Equatorial
588,ch2_tmc_ncf_20220114T1405515898_d_img_d32.zip,2022-01-14T14:05:51.589Z,2022-01-14T14:20:53.857Z,2230520000,96.08,View,-76.086333,-168.312476,-76.096643,-165.144627,-58.06513,14.910982,-58.070327,13.580938,Selenographic,Equatorial
589,ch2_tmc_ncf_20220518T1834222383_d_img_d18.zip,2022-05-18T18:34:22.238Z,2022-05-18T18:44:19.150Z,1475680000,113.54,View,59.440578,-2.611204,59.435052,-1.000411,29.372687,-2.621035,29.368563,-1.646029,Selenographic,Equatorial
590,ch2_tmc_ncf_20220709T1454084172_d_img_d32.zip,2022-07-09T14:54:08.417Z,2022-07-09T15:09:04.412Z,2215064000,123.29,View,62.886953,35.732749,62.883642,33.887983,18.25821,35.070809,18.252986,34.102754,Selenographic,Equatorial
591,ch2_tmc_nca_20220127T2215296335_d_img_d18.zip,2022-01-27T22:15:29.633Z,2022-01-27T22:30:29.803Z,2225336000,94.13,View,-72.701128,16.86146,-72.709712,19.496201,-61.270645,-160.120877,-61.277814,-161.556847,Selenographic,Equatorial
592,ch2_tmc_nca_20210523T1709451526_d_img_d18.zip,2021-05-23T17:09:45.152Z,2021-05-23T17:19:44.482Z,1480920000,116.15,View,-55.564149,63.869991,-55.540684,65.475382,-85.730782,68.200337,-85.575789,79.285306,Polar stereographic,South
593,ch2_tmc_ncn_20211214T1729454222_d_img_d32.zip,2021-12-14T17:29:45.422Z,2021-12-14T17:44:11.835Z,2141920000,79.53,View,-61.351587,59.47922,-61.372175,60.692423,-16.318031,60.684917,-16.330722,61.241092,Selenographic,Equatorial
594,ch2_tmc_nca_20220705T1212032133_d_img_d32.zip,2022-07-05T12:12:03.213Z,2022-07-05T12:21:57.246Z,1468560000,117.37,View,59.373803,86.752563,59.267946,85.078243,29.480411,87.641395,29.390098,86.606655,Selenographic,Equatorial
595,ch2_tmc_nca_20220615T2142565106_d_img_d32.zip,2022-06-15T21:42:56.510Z,2022-06-15T21:44:25.184Z,219224000,108.73,View,22.6957,-13.438621,22.692584,-12.570456,18.213394,-13.461177,18.210417,-12.6211,Selenographic,Equatorial
596,ch2_tmc_nca_20191225T1000201737_d_img_gds.zip,2019-12-25T10:00:20.173Z,2019-12-25T10:01:59.969Z,246720000,81.82,View,1.859148,-162.366811,1.859765,-161.827382,7.040329,-162.380897,7.040945,-161.838691,Selenographic,Equatorial
597,ch2_tmc_ncf_20220621T2302203383_d_img_d32.zip,2022-06-21T23:02:20.338Z,2022-06-21T23:15:37.134Z,1969824000,115.32,View,63.205465,-93.044653,63.217608,-94.909498,23.234635,-92.617332,23.257986,-93.539004,Selenographic,Equatorial
598,ch2_tmc_ncf_20211112T1705195887_d_img_d18.zip,2021-11-12T17:05:19.588Z,2021-11-12T17:16:28.256Z,1653072000,102.72,View,-86.112683,-42.697652,-86.225885,-54.615913,-59.730903,121.572376,-59.744297,123.06534,Polar stereographic,South
599,ch2_tmc_nca_20220518T1459006607_d_img_d18.zip,2022-05-18T14:59:00.660Z,2022-05-18T15:07:42.577Z,1290280000,110.13,View,2.904708,-0.557897,2.90228,0.276293,-23.37108,-0.776343,-23.375158,0.104753,Selenographic,Equatorial
600,ch2_tmc_ncf_20210521T2109258812_d_img_hw1.zip,2021-05-21T21:09:25.881Z,2021-05-21T21:13:33.495Z,612152000,114.53,,-1.394378,96.112062,-1.687662,79.018247,-13.635237,96.542211,-13.928315,78.9353,Selenographic,Equatorial
601,ch2_tmc_nca_20220629T0809114606_d_img_d32.zip,2022-06-29T08:09:11.460Z,2022-06-29T08:39:05.215Z,4435432000,115.6,View,59.915621,171.194053,59.965345,169.605806,-30.23298,168.183533,-30.153893,167.230056,Selenographic,Equatorial
602,ch2_tmc_ncn_20191229T1201056358_d_img_gds.zip,2019-12-29T12:01:05.635Z,2019-12-29T12:10:42.525Z,1426176000,91.31,View,1.692711,143.423271,1.690498,143.988804,31.443586,143.433275,31.440698,144.139066,Selenographic,Equatorial
603,ch2_tmc_nca_20191226T0338483816_d_img_d18.zip,2019-12-26T03:38:48.381Z,2019-12-26T03:48:20.922Z,1415424000,84.76,View,2.157382,-172.069184,2.154809,-171.486918,31.890692,-172.137937,31.886936,-171.436714,Selenographic,Equatorial
604,ch2_tmc_ncn_20220531T0458002752_d_img_d32.zip,2022-05-31T04:58:00.275Z,2022-05-31T05:08:01.489Z,1486312000,121.08,View,-7.980805,-166.307534,-7.984528,-165.435746,-37.972403,-166.556665,-37.970874,-165.47894,Selenographic,Equatorial
605,ch2_tmc_nca_20201121T0800465954_d_img_d18.zip,2020-11-21T08:00:46.595Z,2020-11-21T08:11:09.183Z,1539152000,98.95,View,0.161589,141.058981,0.157568,141.696885,32.273066,141.03022,32.268034,141.875333,Selenographic,Equatorial
606,ch2_tmc_ncf_20220708T1711196157_d_img_d32.zip,2022-07-08T17:11:19.615Z,2022-07-08T17:19:35.244Z,1224744000,120.75,View,63.024492,46.787778,63.013055,44.917067,38.328825,46.717499,38.321325,45.571654,Selenographic,Equatorial
607,ch2_tmc_ncf_20220623T0036439338_d_img_d32.zip,2022-06-23T00:36:43.933Z,2022-06-23T01:00:02.836Z,3458336000,114.88,View,63.062925,-106.907375,63.043645,-108.751335,-6.986172,-106.388938,-6.995073,-107.229224,Selenographic,Equatorial
608,ch2_tmc_nca_20210515T0550183240_d_img_d18.zip,2021-05-15T05:50:18.324Z,2021-05-15T05:56:58.696Z,990600000,105.64,View,-61.479103,174.52484,-61.471876,176.303567,-81.793258,173.141007,-81.779265,178.76108,Polar stereographic,South
609,ch2_tmc_nca_20201122T1527272295_d_img_d18.zip,2020-11-22T15:27:27.229Z,2020-11-22T15:37:48.921Z,1536936000,95.15,View,0.073958,123.9282,0.066845,124.563113,32.185678,124.194632,32.175817,125.012614,Selenographic,Equatorial
610,ch2_tmc_nca_20220720T2336503946_d_img_d32.zip,2022-07-20T23:36:50.394Z,2022-07-20T23:56:52.554Z,2971928000,108.36,View,-0.359585,-114.709074,-0.369954,-115.658923,-59.86317,-113.819563,-59.877944,-115.348883,Selenographic,Equatorial
611,ch2_tmc_ncn_20221121T0720438477_d_img_d32.zip,2022-11-21T07:20:43.847Z,2022-11-21T07:28:23.949Z,1137232000,101.35,View,44.813416,-120.519475,44.82566,-119.685503,68.508997,-120.430694,68.516868,-118.721983,Selenographic,Equatorial
612,ch2_tmc_nca_20220726T0336355381_d_img_d32.zip,2022-07-26T03:36:35.538Z,2022-07-26T03:46:38.793Z,1491344000,129.58,View,59.422492,176.442862,59.3354,174.653192,29.409863,176.188073,29.32754,175.077252,Selenographic,Equatorial
613,ch2_tmc_ncn_20220622T0516236831_d_img_d32.zip,2022-06-22T05:16:23.683Z,2022-06-22T05:26:19.648Z,1473336000,108.77,View,1.354374,-95.032475,1.344692,-95.8228,-28.61715,-94.631278,-28.631983,-95.489622,Selenographic,Equatorial
614,ch2_tmc_ncn_20211225T2124517900_d_img_d18.zip,2021-12-25T21:24:51.790Z,2021-12-25T21:35:09.637Z,1527432000,87.43,View,-61.42926,-87.159325,-61.40859,-88.519815,-29.680751,-86.452498,-29.671038,-87.11666,Selenographic,Equatorial
615,ch2_tmc_ncf_20221201T1351354757_d_img_n18.zip,2022-12-01T13:51:35.475Z,2022-12-01T13:59:25.406Z,1162816000,114.35,View,43.187224,104.347614,43.179454,105.406818,66.930771,104.369926,66.915271,106.465316,Selenographic,Equatorial
616,ch2_tmc_nca_20191201T1102192560_d_img_d18.zip,2019-12-01T11:02:19.256Z,2019-12-01T11:11:50.766Z,1412880000,94.98,View,1.335694,153.040773,1.340955,153.666278,30.905071,152.94538,30.910375,153.755621,Selenographic,Equatorial
617,ch2_tmc_nca_20210601T0723309777_d_img_hw1.zip,2021-06-01T07:23:30.977Z,2021-06-01T07:30:42.938Z,1067888000,103.57,View,-62.438687,-82.768677,-63.172362,-83.022552,-67.517665,-25.101559,-68.048168,-23.718957,Polar stereographic,South
618,ch2_tmc_ncf_20220703T1050539240_d_img_d32.zip,2022-07-03T10:50:53.924Z,2022-07-03T11:00:49.442Z,1473304000,115.21,View,62.808271,114.12148,62.840405,112.247338,32.903059,114.903788,32.957668,113.855062,Selenographic,Equatorial
619,ch2_tmc_nca_20210516T0730466892_d_img_d18.zip,2021-05-16T07:30:46.689Z,2021-05-16T07:40:19.208Z,1415376000,109.78,View,-55.642422,160.638134,-55.640435,162.192138,-84.484749,157.23321,-84.480212,165.800794,Polar stereographic,South
620,ch2_tmc_nca_20220610T1745099775_d_img_d32.zip,2022-06-10T17:45:09.977Z,2022-06-10T17:55:54.486Z,1593344000,112.46,View,33.240377,54.230756,33.255963,55.195253,0.966902,54.478981,0.98207,55.321506,Selenographic,Equatorial
621,ch2_tmc_ncf_20200131T2157371957_d_img_gds.zip,2020-01-31T21:57:37.195Z,2020-01-31T22:07:16.777Z,1432832000,80.09,View,-30.837066,62.990868,-30.825235,62.295991,-0.661988,63.444636,-0.652014,62.852292,Selenographic,Equatorial
622,ch2_tmc_ncf_20200719T0552325632_d_img_d32.zip,2020-07-19T05:52:32.563Z,2020-07-19T06:03:08.586Z,1572368000,110.96,View,-27.315685,171.082726,-27.312048,170.1158,-59.306087,171.528281,-59.305483,169.895373,Selenographic,Equatorial
623,ch2_tmc_nca_20220614T1810117259_d_img_d32.zip,2022-06-14T18:10:11.725Z,2022-06-14T18:12:09.899Z,292144000,108.09,View,24.49469,2.002903,24.493101,2.881538,18.557664,1.999775,18.547734,2.841911,Selenographic,Equatorial
624,ch2_tmc_ncn_20220124T2134498841_d_img_d18.zip,2022-01-24T21:34:49.884Z,2022-01-24T21:49:59.312Z,2248272000,98.69,View,-74.101318,59.023114,-74.072478,61.800121,-59.95029,-122.087066,-59.937922,-123.387604,Selenographic,Equatorial
625,ch2_tmc_nca_20220122T2028145745_d_img_d18.zip,2022-01-22T20:28:14.574Z,2022-01-22T20:43:10.560Z,2215040000,98.7,View,-72.767161,86.637386,-72.724716,89.367652,-61.640156,-95.749307,-61.618094,-97.273272,Selenographic,Equatorial
626,ch2_tmc_ncf_20220123T2007488409_d_img_d18.zip,2022-01-23T20:07:48.840Z,2022-01-23T20:17:45.621Z,1475352000,96.47,View,-88.456686,-122.006821,-88.111942,-145.389316,-58.281703,-108.417129,-58.264163,-109.758953,Polar stereographic,South
627,ch2_tmc_ncf_20191223T1057316717_d_img_g26.zip,2019-12-23T10:57:31.671Z,2019-12-23T11:06:59.636Z,1404112000,78.31,View,-0.546774,-136.589391,-0.53493,-136.048027,29.103973,-136.390157,29.113307,-135.776825,Selenographic,Equatorial
628,ch2_tmc_nca_20220705T0616412352_d_img_d32.zip,2022-07-05T06:16:41.235Z,2022-07-05T06:26:36.599Z,1472352000,116.62,View,59.494666,89.992842,59.382852,88.338023,29.492278,90.898499,29.395177,89.879893,Selenographic,Equatorial
629,ch2_tmc_ncn_20191224T1029534900_d_img_m65.zip,2019-12-24T10:29:53.490Z,2019-12-24T10:38:36.887Z,1291960000,78.03,View,3.129939,-149.359258,3.126479,-148.867017,30.409066,-149.327018,30.403852,-148.765672,Selenographic,Equatorial
630,ch2_tmc_nca_20211206T0653331982_d_img_d18.zip,2021-12-06T06:53:33.198Z,2021-12-06T07:12:48.300Z,2854952000,98.51,View,1.421972,172.156065,1.419565,172.830177,60.656472,171.518329,60.655131,172.956407,Selenographic,Equatorial
631,ch2_tmc_ncn_20220608T1635028638_d_img_d32.zip,2022-06-08T16:35:02.863Z,2022-06-08T17:04:42.574Z,4399752000,107.01,View,31.540184,80.897305,31.552229,81.736155,-58.440149,82.104453,-58.42048,83.490525,Selenographic,Equatorial
632,ch2_tmc_nca_20221203T1311391932_d_img_n18.zip,2022-12-03T13:11:39.193Z,2022-12-03T13:19:31.451Z,1167512000,115.5,View,46.399533,78.459036,46.391804,79.550122,70.553039,78.587169,70.533664,81.05202,Selenographic,Equatorial
633,ch2_tmc_nca_20191130T0733339294_d_img_d18.zip,2019-11-30T07:33:33.929Z,2019-11-30T07:43:02.372Z,1405296000,89.83,View,1.028191,168.259965,1.029756,168.854104,30.535865,168.213,30.537012,168.965458,Selenographic,Equatorial
634,ch2_tmc_ncf_20210524T1311568494_d_img_d18.zip,2021-05-24T13:11:56.849Z,2021-05-24T13:20:11.543Z,1222976000,117.02,View,-59.215747,53.067934,-59.194113,54.836988,-83.920267,55.177203,-83.82341,63.177783,Polar stereographic,South
635,ch2_tmc_ncf_20220627T0119152606_d_img_d32.zip,2022-06-27T01:19:15.260Z,2022-06-27T01:29:15.202Z,1483144000,112.02,View,3.090553,-159.940736,3.075677,-160.770151,-27.108163,-160.228678,-27.120258,-161.114968,Selenographic,Equatorial
636,ch2_tmc_ncf_20220619T1953327651_d_img_d32.zip,2022-06-19T19:53:32.765Z,2022-06-19T20:23:12.469Z,4399744000,103.86,View,60.000127,-66.22008,60.017555,-64.569191,-29.87717,-64.907125,-29.864529,-63.995956,Selenographic,Equatorial
637,ch2_tmc_nca_20200105T1902278938_d_img_mad.zip,2020-01-05T19:02:27.893Z,2020-01-05T19:12:16.688Z,1455608000,95.34,View,-29.277904,47.36603,-29.267649,46.576787,0.869595,47.687951,0.878352,46.99602,Selenographic,Equatorial
638,ch2_tmc_nca_20200620T0008528647_d_img_d18.zip,2020-06-20T00:08:52.864Z,2020-06-20T00:19:34.787Z,1586952000,118.83,View,64.117169,-165.336118,64.121568,-163.505148,32.060666,-164.929155,32.063944,-163.916564,Selenographic,Equatorial
639,ch2_tmc_nca_20220803T0532523437_d_img_d18.zip,2022-08-03T05:32:52.343Z,2022-08-03T05:34:58.807Z,312648000,137.11,View,8.808345,70.308038,8.796167,69.288007,2.582803,70.356013,2.568228,69.346153,Selenographic,Equatorial
640,ch2_tmc_ncn_20221202T0935115593_d_img_n18.zip,2022-12-02T09:35:11.559Z,2022-12-02T09:42:44.566Z,1119920000,116.4,View,45.710975,93.671755,45.703444,94.668641,68.670226,93.872272,68.653027,95.930174,Selenographic,Equatorial
641,ch2_tmc_ncf_20220201T0225455725_d_img_d18.zip,2022-02-01T02:25:45.572Z,2022-02-01T02:39:47.727Z,2081960000,87.3,View,-76.124555,-38.225786,-76.126533,-35.313345,-60.668468,144.179542,-60.669787,142.873951,Selenographic,Equatorial
642,ch2_tmc_nca_20200629T1039007613_d_img_d18.zip,2020-06-29T10:39:00.761Z,2020-06-29T10:49:43.955Z,1590096000,121.83,View,60.223394,70.3968,60.193004,68.748288,27.863939,71.288368,27.845838,70.263712,Selenographic,Equatorial
643,ch2_tmc_ncf_20210515T0350274731_d_img_d18.zip,2021-05-15T03:50:27.473Z,2021-05-15T03:57:07.570Z,989120000,106.71,View,-61.544941,175.602449,-61.537929,177.427,-81.612037,174.276701,-81.59688,179.911277,Polar stereographic,South
644,ch2_tmc_ncn_20200108T0600101701_d_img_gds.zip,2020-01-08T06:00:10.170Z,2020-01-08T06:10:01.142Z,1460992000,97.82,View,-25.67449,15.194671,-25.675065,14.467361,4.468775,15.094606,4.468135,14.450646,Selenographic,Equatorial
645,ch2_tmc_ncn_20201125T1827104604_d_img_d32.zip,2020-11-25T18:27:10.460Z,2020-11-25T18:30:45.827Z,532432000,101.92,View,-45.079838,81.443608,-45.098977,82.414518,-34.13238,81.866364,-34.148468,82.693416,Selenographic,Equatorial
646,ch2_tmc_ncf_20200724T0351171314_d_img_d18.zip,2020-07-24T03:51:17.131Z,2020-07-24T04:01:53.256Z,1572048000,110.88,View,-26.928217,106.513937,-26.931455,105.576379,-58.937612,107.909255,-58.953198,106.332546,Selenographic,Equatorial
647,ch2_tmc_nca_20201119T1246555088_d_img_d18.zip,2020-11-19T12:46:55.508Z,2020-11-19T12:57:16.177Z,1534408000,95.55,View,0.049158,164.737862,0.046773,165.348895,32.139718,164.638474,32.13674,165.439131,Selenographic,Equatorial
648,ch2_tmc_ncn_20191129T0404363486_d_img_d18.zip,2019-11-29T04:04:36.348Z,2019-11-29T04:14:04.662Z,1404976000,88.51,View,-0.075489,-176.315026,-0.076497,-175.794953,29.344585,-176.360386,29.343168,-175.719613,Selenographic,Equatorial
649,ch2_tmc_nca_20220726T0803441675_d_img_d32.zip,2022-07-26T08:03:44.167Z,2022-07-26T08:13:43.203Z,1480896000,114.11,View,-30.864122,175.246588,-30.79554,174.102013,-60.579721,175.73171,-60.52771,173.89693,Selenographic,Equatorial
650,ch2_tmc_nca_20200727T0635146925_d_img_d18.zip,2020-07-27T06:35:14.692Z,2020-07-27T06:45:56.861Z,1587560000,118.9,View,-30.670406,65.59399,-30.69769,64.534842,-62.534044,67.035547,-62.571847,65.13541,Selenographic,Equatorial
651,ch2_tmc_ncf_20221127T1313362145_d_img_d32.zip,2022-11-27T13:13:36.214Z,2022-11-27T13:21:34.401Z,1182168000,118.63,View,43.093478,156.175542,43.093151,157.233946,67.088454,154.870239,67.096671,156.98007,Selenographic,Equatorial
652,ch2_tmc_ncf_20220629T0809114281_d_img_d32.zip,2022-06-29T08:09:11.428Z,2022-06-29T08:39:05.215Z,4435464000,115.6,View,63.274067,171.199878,63.285116,169.424612,-26.721551,169.497434,-26.705159,168.569513,Selenographic,Equatorial
653,ch2_tmc_ncn_20220702T1110076818_d_img_d32.zip,2022-07-02T11:10:07.681Z,2022-07-02T11:19:23.510Z,1374104000,113.02,View,59.322825,130.25695,59.330203,128.787936,31.323379,129.628972,31.324625,128.726337,Selenographic,Equatorial
654,ch2_tmc_nca_20220704T1230397316_d_img_d32.zip,2022-07-04T12:30:39.731Z,2022-07-04T12:40:35.683Z,1473304000,115.38,View,59.43758,102.289086,59.49998,100.613706,29.341124,102.164671,29.405679,101.148224,Selenographic,Equatorial
655,ch2_tmc_ncf_20220623T2235048788_d_img_d32.zip,2022-06-23T22:35:04.878Z,2022-06-23T22:45:03.782Z,1480600000,111.87,View,2.97118,-119.039789,3.031336,-119.917569,-27.152161,-118.923658,-27.092745,-119.83571,Selenographic,Equatorial
656,ch2_tmc_ncf_20221202T1137451210_d_img_n18.zip,2022-12-02T11:37:45.121Z,2022-12-02T11:41:08.870Z,503712000,116.39,View,56.872358,92.588438,56.858953,94.053558,67.114737,92.669385,67.095005,94.796596,Selenographic,Equatorial
657,ch2_tmc_ncf_20220119T1947094956_d_img_d32.zip,2022-01-19T19:47:09.495Z,2022-01-19T20:02:16.439Z,2243216000,100.19,View,-76.125988,125.501801,-76.099535,128.775979,-57.965864,-54.834967,-57.955633,-56.217765,Selenographic,Equatorial
658,ch2_tmc_ncn_20220626T0341284775_d_img_d32.zip,2022-06-26T03:41:28.477Z,2022-06-26T03:51:27.513Z,1480920000,111.47,View,1.240969,-148.049965,1.244505,-148.805476,-28.769522,-148.269975,-28.765586,-149.07062,Selenographic,Equatorial
659,ch2_tmc_ncn_20220729T0249172595_d_img_d32.zip,2022-07-29T02:49:17.259Z,2022-07-29T03:09:26.424Z,2989208000,124.54,View,30.453332,138.003451,30.454148,137.075391,-29.525588,137.69238,-29.524855,136.767617,Selenographic,Equatorial
660,ch2_tmc_nca_20210514T0405521758_d_img_d18.zip,2021-05-14T04:05:52.175Z,2021-05-14T04:14:07.334Z,1224128000,105.23,View,-55.887971,-171.527637,-55.884985,-170.048921,-81.031719,-173.034287,-81.02473,-168.079847,Polar stereographic,South
661,ch2_tmc_ncf_20200725T0924179646_d_img_d18.zip,2020-07-25T09:24:17.964Z,2020-07-25T09:31:57.899Z,1139192000,114.35,View,-35.922451,90.623907,-35.943939,89.563262,-59.028101,91.896647,-59.060709,90.26966,Selenographic,Equatorial
662,ch2_tmc_ncf_20221126T0738482951_d_img_d32.zip,2022-11-26T07:38:48.295Z,2022-11-26T07:46:42.278Z,1171776000,112.61,View,43.18499,172.768726,43.190311,173.772792,67.143224,171.630677,67.155285,173.633611,Selenographic,Equatorial
663,ch2_tmc_nca_20221129T1233092765_d_img_d32.zip,2022-11-29T12:33:09.276Z,2022-11-29T12:41:03.508Z,1172392000,115.1,View,46.422169,130.712011,46.425452,131.826941,70.504345,129.751269,70.510565,132.18527,Selenographic,Equatorial
664,ch2_tmc_ncn_20200608T1622389722_d_img_d18.zip,2020-06-08T16:22:38.972Z,2020-06-08T16:33:16.917Z,1577120000,109.12,View,61.664385,-15.818372,61.671526,-14.282728,29.441858,-15.328447,29.446897,-14.48003,Selenographic,Equatorial
665,ch2_tmc_ncn_20200207T0716469418_d_img_d18.zip,2020-02-07T07:16:46.941Z,2020-02-07T07:26:29.594Z,1440424000,84.93,View,-31.364776,-20.606206,-31.364248,-21.33163,-1.29613,-20.705147,-1.29582,-21.279189,Selenographic,Equatorial
666,ch2_tmc_ncf_20200711T0311149219_d_img_d18.zip,2020-07-11T03:11:14.921Z,2020-07-11T03:21:43.970Z,1557176000,101.55,View,-27.311579,-81.295003,-27.383379,-82.157679,-59.32237,-79.711698,-59.402924,-81.173226,Selenographic,Equatorial
667,ch2_tmc_ncn_20220623T0036439306_d_img_d32.zip,2022-06-23T00:36:43.930Z,2022-06-23T01:00:02.833Z,3458336000,114.88,View,61.289584,-106.951137,61.272778,-108.516776,-8.745257,-106.401964,-8.753885,-107.161699,Selenographic,Equatorial
668,ch2_tmc_ncf_20200804T1310425663_d_img_d18.zip,2020-08-04T13:10:42.566Z,2020-08-04T13:19:47.460Z,1347080000,103.01,View,-27.238258,-43.680451,-27.244357,-44.586497,-54.915043,-43.192572,-54.924099,-44.50727,Selenographic,Equatorial
669,ch2_tmc_nca_20221126T0342084626_d_img_d32.zip,2022-11-26T03:42:08.462Z,2022-11-26T03:50:00.695Z,1167448000,112.32,View,46.276563,174.90401,46.28863,175.964604,70.345744,173.555413,70.365125,175.870186,Selenographic,Equatorial
670,ch2_tmc_ncn_20191222T1718431309_d_img_cnb.zip,2019-12-22T17:18:43.130Z,2019-12-22T17:21:22.450Z,393872000,76.57,View,0.410285,-127.036538,0.408823,-126.538844,8.731418,-126.941944,8.730715,-126.445678,Selenographic,Equatorial
671,ch2_tmc_nca_20221202T0935115593_d_img_n18.zip,2022-12-02T09:35:11.559Z,2022-12-02T09:42:44.566Z,1119920000,116.4,View,47.338709,93.617188,47.329994,94.75939,70.427841,93.771531,70.407492,96.257063,Selenographic,Equatorial
672,ch2_tmc_ncf_20221122T0304081779_d_img_d32.zip,2022-11-22T03:04:08.177Z,2022-11-22T03:11:58.697Z,1163608000,102.63,View,43.287029,-131.350269,43.284179,-130.444526,67.349505,-131.55684,67.343141,-129.736295,Selenographic,Equatorial
673,ch2_tmc_nca_20200527T0859584815_d_img_d18.zip,2020-05-27T08:59:58.481Z,2020-05-27T09:09:46.973Z,1455936000,95.38,View,61.984172,146.697367,61.989914,148.095983,31.800168,147.132086,31.804081,147.94091,Selenographic,Equatorial
674,ch2_tmc_ncn_20220707T1531297571_d_img_d32.zip,2022-07-07T15:31:29.757Z,2022-07-07T15:41:02.454Z,1415816000,120.6,View,61.248062,60.203942,61.233173,58.664183,32.537068,60.390379,32.527022,59.439933,Selenographic,Equatorial
675,ch2_tmc_ncn_20221129T0638098959_d_img_d32.zip,2022-11-29T06:38:09.895Z,2022-11-29T06:46:00.706Z,1162360000,116.18,View,44.748536,133.923915,44.7539,134.900596,68.501927,132.981028,68.51123,134.984202,Selenographic,Equatorial
676,ch2_tmc_ncf_20220620T2325574590_d_img_d32.zip,2022-06-20T23:25:57.459Z,2022-06-20T23:55:40.361Z,4407648000,105.17,View,59.880736,-81.541903,59.893043,-79.885198,-29.86259,-80.151769,-29.860979,-79.250582,Selenographic,Equatorial
677,ch2_tmc_nca_20220718T0013016367_d_img_d18.zip,2022-07-18T00:13:01.636Z,2022-07-18T00:33:07.870Z,2979896000,122.12,View,59.491499,-76.021544,59.471587,-77.793776,-0.496735,-75.630122,-0.507461,-76.538676,Selenographic,Equatorial
678,ch2_tmc_ncn_20191202T0639511671_d_img_d18.zip,2019-12-02T06:39:51.167Z,2019-12-02T06:49:26.781Z,1423024000,94.52,View,-0.42006,142.398768,-0.422019,142.947811,29.221437,142.413622,29.218986,143.112984,Selenographic,Equatorial
679,ch2_tmc_ncf_20221128T0856469495_d_img_d32.zip,2022-11-28T08:56:46.949Z,2022-11-28T09:04:32.590Z,1153264000,119.41,View,43.283818,145.459245,43.290343,146.544699,66.662184,144.272742,66.676252,146.386027,Selenographic,Equatorial
680,ch2_tmc_nca_20220603T0601364579_d_img_d32.zip,2022-06-03T06:01:36.457Z,2022-06-03T06:28:07.534Z,3933392000,123.52,View,53.054657,153.549006,52.993973,154.864532,-26.228511,150.928566,-26.338201,151.922612,Selenographic,Equatorial
681,ch2_tmc_ncf_20211115T1549013919_d_img_d18.zip,2021-11-15T15:49:01.391Z,2021-11-15T16:00:05.963Z,1642944000,103.26,View,-86.06306,-75.52671,-86.25419,-86.569525,-59.906249,82.07462,-59.930854,83.582873,Polar stereographic,South
682,ch2_tmc_ncf_20220703T1249203534_d_img_d32.zip,2022-07-03T12:49:20.353Z,2022-07-03T13:19:11.449Z,4427856000,114.58,View,62.792029,114.324466,62.774679,112.54315,-27.065482,114.910136,-27.075209,113.973602,Selenographic,Equatorial
683,ch2_tmc_ncn_20221130T0816281622_d_img_d32.zip,2022-11-30T08:16:28.162Z,2022-11-30T08:24:22.702Z,1173152000,113.23,View,44.783631,120.352054,44.78105,121.316851,68.844519,120.06282,68.838581,122.068978,Selenographic,Equatorial
684,ch2_tmc_nca_20220715T2106027065_d_img_d32.zip,2022-07-15T21:06:02.706Z,2022-07-15T21:08:52.108Z,418800000,120.9,View,22.9033,-47.480718,22.90147,-48.462068,14.465549,-47.531188,14.463292,-48.460051,Selenographic,Equatorial
685,ch2_tmc_ncn_20200620T0801247846_d_img_d18.zip,2020-06-20T08:01:24.784Z,2020-06-20T08:12:07.739Z,1589504000,117.86,View,62.616556,-169.553774,62.619938,-168.014615,30.333167,-169.200502,30.335683,-168.318216,Selenographic,Equatorial
686,ch2_tmc_ncn_20221201T0756351211_d_img_n18.zip,2022-12-01T07:56:35.121Z,2022-12-01T08:04:28.593Z,1170512000,113.36,View,44.847727,107.638643,44.84141,108.608264,68.863128,107.696326,68.849417,109.717855,Selenographic,Equatorial
687,ch2_tmc_ncn_20220625T0405179516_d_img_d32.zip,2022-06-25T04:05:17.951Z,2022-06-25T04:15:16.916Z,1478704000,112.61,View,1.237367,-134.711323,1.241247,-135.474718,-28.597375,-134.882872,-28.603252,-135.697456,Selenographic,Equatorial
688,ch2_tmc_ncn_20220123T1809512954_d_img_d18.zip,2022-01-23T18:09:51.295Z,2022-01-23T18:19:54.201Z,1490496000,96.42,View,-89.400804,120.388555,-88.793913,143.501697,-59.728251,-107.487656,-59.711674,-108.749541,Polar stereographic,South
689,ch2_tmc_ncf_20191213T2133547819_d_img_d18.zip,2019-12-13T21:33:54.781Z,2019-12-13T21:43:26.166Z,1412568000,85.06,View,-0.872897,-10.828892,-0.880512,-10.188852,28.708282,-10.844749,28.700793,-10.121734,Selenographic,Equatorial
690,ch2_tmc_ncn_20191129T1155451269_d_img_d18.zip,2019-11-29T11:55:45.126Z,2019-11-29T12:05:13.569Z,1405296000,88.72,View,-0.300945,179.308264,-0.306679,179.838122,29.115859,179.296619,29.109672,179.950065,Selenographic,Equatorial
691,ch2_tmc_ncf_20220719T0152362976_d_img_d18.zip,2022-07-19T01:52:36.297Z,2022-07-19T02:12:47.811Z,2995080000,126.38,View,63.48542,-90.657136,63.436731,-92.712452,3.545254,-89.770723,3.517946,-90.702612,Selenographic,Equatorial
692,ch2_tmc_nca_20210601T0716026076_d_img_hw1.zip,2021-06-01T07:16:02.607Z,2021-06-01T07:23:39.446Z,1129392000,103.5,View,-36.341595,-49.547728,-36.334448,-48.60629,-59.532392,-49.476062,-59.520475,-47.97569,Selenographic,Equatorial
693,ch2_tmc_ncn_20210530T2321067571_d_img_d18.zip,2021-05-30T23:21:06.757Z,2021-05-30T23:37:44.254Z,2465992000,99.17,View,-36.589463,-32.667473,-36.591214,-31.745278,-87.473345,-38.720049,-87.466511,-23.757788,Polar stereographic,South
694,ch2_tmc_ncn_20211115T1945316759_d_img_d18.zip,2021-11-15T19:45:31.675Z,2021-11-15T19:56:36.376Z,1643264000,103.13,View,-87.534416,-65.601068,-87.820302,-81.133943,-58.30732,80.114124,-58.328258,81.409247,Polar stereographic,South
695,ch2_tmc_ncf_20200619T0229205016_d_img_d18.zip,2020-06-19T02:29:20.501Z,2020-06-19T02:40:06.637Z,1597368000,124.18,View,60.446079,-153.647974,60.456113,-151.93742,28.152946,-153.120557,28.160425,-152.108311,Selenographic,Equatorial
696,ch2_tmc_ncn_20220615T2142565106_d_img_d32.zip,2022-06-15T21:42:56.510Z,2022-06-15T21:44:25.187Z,219232000,108.73,View,21.004198,-13.398242,21.001158,-12.626771,16.527961,-13.422876,16.525022,-12.67438,Selenographic,Equatorial
697,ch2_tmc_ncn_20200618T0449412238_d_img_d18.zip,2020-06-18T04:49:41.223Z,2020-06-18T05:00:12.399Z,1560384000,124.28,View,61.868869,-142.294453,61.886234,-140.683866,30.44062,-141.315031,30.451318,-140.385302,Selenographic,Equatorial
698,ch2_tmc_ncf_20200622T0123141151_d_img_d18.zip,2020-06-22T01:23:14.115Z,2020-06-22T01:33:56.287Z,1587568000,117.01,View,60.050636,167.914184,60.101901,169.468644,27.594836,168.395219,27.648731,169.345996,Selenographic,Equatorial
699,ch2_tmc_ncf_20210528T0107502575_d_img_hw1.zip,2021-05-28T01:07:50.257Z,2021-05-28T01:13:32.832Z,846912000,119.97,View,-20.550193,6.428551,-20.551881,7.414263,-37.601501,6.309498,-37.602777,7.42229,Selenographic,Equatorial
700,ch2_tmc_ncf_20220603T1155167929_d_img_d32.zip,2022-06-03T11:55:16.792Z,2022-06-03T12:25:07.884Z,4427872000,123.45,,59.910183,150.249652,59.916852,151.782871,-30.420427,150.367025,-30.395489,151.398539,Selenographic,Equatorial
701,ch2_tmc_ncf_20220120T1921277908_d_img_d18.zip,2022-01-20T19:21:27.790Z,2022-01-20T19:36:08.211Z,2176560000,98.94,View,-76.000079,113.583139,-75.958579,116.799984,-59.406951,-68.355682,-59.389551,-69.778503,Selenographic,Equatorial
702,ch2_tmc_ncn_20200126T0025369991_d_img_d18.zip,2020-01-26T00:25:36.999Z,2020-01-26T00:35:27.201Z,1459088000,97.48,View,-32.370775,141.070958,-32.367241,140.336914,-2.190382,141.129981,-2.187518,140.498373,Selenographic,Equatorial
703,ch2_tmc_ncn_20220102T0247118835_d_img_d18.zip,2022-01-02T02:47:11.883Z,2022-01-02T03:06:24.904Z,2850472000,79.29,View,-61.273119,179.774465,-61.275454,178.542726,-1.347053,179.08779,-1.348185,178.564471,Selenographic,Equatorial
704,ch2_tmc_ncf_20200123T0536588960_d_img_d18.zip,2020-01-23T05:36:58.896Z,2020-01-23T05:46:48.716Z,1458144000,94.76,View,-29.998585,178.053845,-29.995844,177.235859,0.169676,178.038126,0.171855,177.344313,Selenographic,Equatorial
705,ch2_tmc_nca_20220728T0506565399_d_img_d32.zip,2022-07-28T05:06:56.539Z,2022-07-28T05:27:02.908Z,2982336000,124.56,View,28.48004,150.168074,28.474546,149.165098,-31.479679,149.732445,-31.486429,148.675027,Selenographic,Equatorial
706,ch2_tmc_ncn_20220613T2042274784_d_img_d32.zip,2022-06-13T20:42:27.478Z,2022-06-13T20:52:19.544Z,1462344000,104.98,View,-8.194328,13.778646,-8.202321,14.497977,-38.138385,13.345325,-38.147145,14.231755,Selenographic,Equatorial
707,ch2_tmc_ncn_20220131T0053488486_d_img_d18.zip,2022-01-31T00:53:48.848Z,2022-01-31T01:07:50.100Z,2079728000,87.57,View,-74.53368,-24.209802,-74.538447,-21.837969,-62.178173,158.265655,-62.182673,157.0274,Selenographic,Equatorial
708,ch2_tmc_nca_20211111T1521391797_d_img_d18.zip,2021-11-11T15:21:39.179Z,2021-11-11T15:32:38.961Z,1631104000,99.59,View,-89.182062,-3.415674,-89.318493,-64.425834,-57.100588,136.407564,-57.102462,137.752281,Polar stereographic,South
709,ch2_tmc_ncn_20221123T0839171051_d_img_d32.zip,2022-11-23T08:39:17.105Z,2022-11-23T08:47:07.120Z,1161968000,103.54,View,44.759861,-147.805022,44.764343,-146.984147,68.871006,-148.720028,68.879254,-147.006249,Selenographic,Equatorial
710,ch2_tmc_ncn_20201117T0941201916_d_img_d18.zip,2020-11-17T09:41:20.191Z,2020-11-17T09:51:40.853Z,1534392000,92.3,View,-0.784494,-166.72855,-0.786781,-166.180028,31.236374,-166.898208,31.232399,-166.208497,Selenographic,Equatorial
711,ch2_tmc_ncf_20221204T1053173965_d_img_d32.zip,2022-12-04T10:53:17.396Z,2022-12-04T11:01:07.308Z,1161712000,117.99,View,43.28233,66.307639,43.275605,67.318722,66.994341,66.162928,66.981594,68.255515,Selenographic,Equatorial
712,ch2_tmc_nca_20210601T2102004103_d_img_d32.zip,2021-06-01T21:02:00.410Z,2021-06-01T21:17:25.122Z,2286056000,105.16,View,-35.192988,-57.989071,-35.144366,-57.06349,-81.008467,-78.269113,-81.319513,-73.749325,Polar stereographic,South
713,ch2_tmc_ncn_20200714T0555291513_d_img_d18.zip,2020-07-14T05:55:29.151Z,2020-07-14T06:06:01.847Z,1562256000,103.15,View,-28.672224,-122.637055,-28.687204,-123.473568,-60.589381,-121.415269,-60.612375,-122.789758,Selenographic,Equatorial
714,ch2_tmc_ncn_20220707T1134371845_d_img_d32.zip,2022-07-07T11:34:37.184Z,2022-07-07T11:49:36.280Z,2222704000,124.19,View,61.232618,62.313749,61.224208,60.769073,16.272255,62.569131,16.270538,61.708339,Selenographic,Equatorial
715,ch2_tmc_ncf_20220125T2109207590_d_img_d18.zip,2022-01-25T21:09:20.759Z,2022-01-25T21:24:24.391Z,2235632000,96.2,View,-76.128327,45.66981,-76.102823,49.079325,-58.260371,-134.455253,-58.25115,-135.794111,Selenographic,Equatorial
716,ch2_tmc_ncf_20210513T0223433535_d_img_d18.zip,2021-05-13T02:23:43.353Z,2021-05-13T02:31:41.426Z,1181888000,99.93,View,-59.40519,-157.545063,-59.402723,-155.906343,-83.52483,-160.162143,-83.523246,-153.355201,Polar stereographic,South
717,ch2_tmc_ncf_20220625T0009146797_d_img_d32.zip,2022-06-25T00:09:14.679Z,2022-06-25T00:19:13.716Z,1480920000,112.82,View,3.213692,-133.244007,3.178658,-134.096101,-26.956563,-132.681054,-26.968797,-133.575095,Selenographic,Equatorial
718,ch2_tmc_ncn_20220107T1127582478_d_img_d32.zip,2022-01-07T11:27:58.247Z,2022-01-07T11:57:24.420Z,4366840000,100.63,View,-61.182779,107.526734,-61.163308,106.155415,28.756145,108.660492,28.76243,107.903473,Selenographic,Equatorial
719,ch2_tmc_nca_20221203T1113183666_d_img_n18.zip,2022-12-03T11:13:18.366Z,2022-12-03T11:21:09.557Z,1164448000,114.21,View,46.374517,79.557808,46.366734,80.647596,70.459877,79.710164,70.43994,82.160444,Selenographic,Equatorial
720,ch2_tmc_ncf_20220629T0630428169_d_img_d32.zip,2022-06-29T06:30:42.816Z,2022-06-29T06:40:37.752Z,1470792000,115.48,View,3.277011,171.821387,3.212834,170.944245,-26.583506,171.713264,-26.650808,170.746392,Selenographic,Equatorial
721,ch2_tmc_ncf_20200620T0008527417_d_img_d18.zip,2020-06-20T00:08:52.741Z,2020-06-20T00:19:34.787Z,1587256000,118.83,View,60.760304,-165.201416,60.764699,-163.571229,28.44392,-164.895582,28.447207,-163.924055,Selenographic,Equatorial
722,ch2_tmc_nca_20220128T0409055940_d_img_d18.zip,2022-01-28T04:09:05.594Z,2022-01-28T04:24:07.730Z,2230248000,93.07,View,-73.021467,13.538112,-73.031206,16.186392,-60.778429,-163.357053,-60.785858,-164.754955,Selenographic,Equatorial
723,ch2_tmc_ncn_20220720T0133461871_d_img_d32.zip,2022-07-20T01:33:46.187Z,2022-07-20T02:04:03.781Z,4493416000,121.55,View,61.625469,-103.344696,61.603865,-105.069255,-28.307494,-102.483215,-28.319684,-103.385333,Selenographic,Equatorial
724,ch2_tmc_ncn_20191230T0934252172_d_img_d18.zip,2019-12-30T09:34:25.217Z,2019-12-30T09:43:57.628Z,1415104000,88.3,View,0.365816,132.224711,0.370037,131.676148,29.954717,132.508083,29.959162,131.847649,Selenographic,Equatorial
725,ch2_tmc_ncn_20200720T1121569340_d_img_d18.zip,2020-07-20T11:21:56.934Z,2020-07-20T11:32:33.850Z,1574576000,114.54,View,-28.884867,154.967192,-28.889262,154.097045,-60.811647,155.255066,-60.816413,153.686624,Selenographic,Equatorial
726,ch2_tmc_ncn_20200723T0613166327_d_img_d18.zip,2020-07-23T06:13:16.632Z,2020-07-23T06:23:50.481Z,1566992000,110.34,View,-28.694388,118.388348,-28.703788,117.537073,-60.551381,119.628497,-60.569859,118.148973,Selenographic,Equatorial
727,ch2_tmc_ncn_20221130T1411303803_d_img_d32.zip,2022-11-30T14:11:30.380Z,2022-11-30T14:19:21.134Z,1164640000,113.34,View,44.82681,117.198844,44.823294,118.160795,68.721579,117.02857,68.713374,119.017221,Selenographic,Equatorial
728,ch2_tmc_ncf_20220112T1102281958_d_img_d32.zip,2022-01-12T11:02:28.195Z,2022-01-12T11:17:24.318Z,2215360000,89.58,View,-76.083101,-137.910203,-76.064637,-134.900024,-58.118313,42.139618,-58.111471,40.898862,Selenographic,Equatorial
729,ch2_tmc_nca_20220126T0302597903_d_img_d18.zip,2022-01-26T03:02:59.790Z,2022-01-26T03:18:06.180Z,2240360000,96.29,View,-72.889526,42.102375,-72.873229,44.882204,-60.921222,-137.468149,-60.91454,-138.92132,Selenographic,Equatorial
730,ch2_tmc_ncn_20210516T1326375466_d_img_d18.zip,2021-05-16T13:26:37.546Z,2021-05-16T13:36:33.507Z,1473328000,110.78,View,-57.307323,157.336483,-57.308442,158.807573,-87.193529,150.539482,-87.193336,165.880033,Polar stereographic,South
731,ch2_tmc_nca_20221203T1113183666_d_img_d32.zip,2022-12-03T11:13:18.366Z,2022-12-03T11:21:09.557Z,1164448000,114.21,View,46.374343,79.554841,46.368129,80.645105,70.458542,79.701966,70.440707,82.153273,Selenographic,Equatorial
732,ch2_tmc_ncn_20220719T2136595550_d_img_d18.zip,2022-07-19T21:36:59.555Z,2022-07-19T21:57:11.890Z,2997112000,128.85,View,61.342252,-101.19344,61.32101,-102.914825,1.422103,-100.603902,1.410901,-101.452081,Selenographic,Equatorial
733,ch2_tmc_ncn_20200622T0717449080_d_img_d18.zip,2020-06-22T07:17:44.908Z,2020-06-22T07:28:25.315Z,1582504000,115.89,View,61.611159,164.822559,61.616176,166.26928,29.377313,165.224595,29.380781,166.084965,Selenographic,Equatorial
734,ch2_tmc_nca_20200702T1355037620_d_img_d18.zip,2020-07-02T13:55:03.762Z,2020-07-02T14:00:06.860Z,749320000,128.27,View,-15.30239,31.153391,-15.314395,30.15071,-30.273924,31.234219,-30.286636,30.119617,Selenographic,Equatorial
735,ch2_tmc_ncn_20200711T2251223899_d_img_d18.zip,2020-07-11T22:51:22.389Z,2020-07-11T23:01:51.249Z,1554656000,103.05,View,-29.378321,-92.013028,-29.395859,-92.800997,-61.230166,-90.328772,-61.259638,-91.700881,Selenographic,Equatorial
736,ch2_tmc_nca_20220120T2119203091_d_img_d18.zip,2022-01-20T21:19:20.309Z,2022-01-20T21:34:24.492Z,2235304000,98.74,View,-72.725897,112.256561,-72.690808,114.884232,-61.230675,-69.522476,-61.21233,-71.026217,Selenographic,Equatorial
737,ch2_tmc_ncn_20191225T1000201737_d_img_gds.zip,2019-12-25T10:00:20.173Z,2019-12-25T10:01:59.969Z,246720000,81.82,View,0.720687,-162.339106,0.721023,-161.853802,5.904049,-162.352613,5.904384,-161.865686,Selenographic,Equatorial
738,ch2_tmc_ncn_20220610T1349093481_d_img_d32.zip,2022-06-10T13:49:09.348Z,2022-06-10T14:04:01.370Z,2205224000,113.7,View,31.606434,56.408238,31.615108,57.263115,-13.311899,56.709015,-13.303594,57.499513,Selenographic,Equatorial
739,ch2_tmc_nca_20200608T2023424886_d_img_d18.zip,2020-06-08T20:23:42.488Z,2020-06-08T20:29:34.790Z,870960000,109.07,View,48.994214,-17.77066,49.001602,-16.526468,31.212209,-17.583619,31.218578,-16.626396,Selenographic,Equatorial
740,ch2_tmc_ncf_20191128T0826519003_d_img_d18.zip,2019-11-28T08:26:51.900Z,2019-11-28T08:36:20.343Z,1405296000,87.37,View,-1.367479,-165.507291,-1.367384,-164.94192,28.00662,-165.632258,28.006654,-164.949242,Selenographic,Equatorial
741,ch2_tmc_nca_20220117T1841091083_d_img_d32.zip,2022-01-17T18:41:09.108Z,2022-01-17T18:56:21.611Z,2255832000,105.96,View,-72.431724,150.686319,-72.437243,153.417925,-61.463387,-26.553453,-61.468732,-28.180969,Selenographic,Equatorial
742,ch2_tmc_ncf_20200706T1755015013_d_img_d18.zip,2020-07-06T17:55:01.501Z,2020-07-06T18:00:05.881Z,752488000,122.27,View,67.64323,-24.078253,67.633387,-26.431877,52.520913,-24.357307,52.513958,-25.863603,Selenographic,Equatorial
743,ch2_tmc_ncf_20220624T0033035183_d_img_d32.zip,2022-06-24T00:33:03.518Z,2022-06-24T00:43:01.658Z,1478712000,111.95,View,3.116478,-119.52754,3.10018,-120.381581,-26.974797,-119.382166,-26.989504,-120.26837,Selenographic,Equatorial
744,ch2_tmc_ncf_20220803T0526153454_d_img_d18.zip,2022-08-03T05:26:15.345Z,2022-08-03T05:33:02.524Z,1006624000,137.02,View,32.618914,70.15505,32.604491,68.958055,12.589721,70.264927,12.577323,69.219371,Selenographic,Equatorial
745,ch2_tmc_ncf_20200204T1820552927_d_img_g26.zip,2020-02-04T18:20:55.292Z,2020-02-04T18:30:38.747Z,1440744000,82.59,View,-29.472407,12.373974,-29.472155,11.65083,0.674882,12.271879,0.675004,11.670301,Selenographic,Equatorial
746,ch2_tmc_nca_20220119T2145008842_d_img_d32.zip,2022-01-19T21:45:00.884Z,2022-01-19T22:00:07.115Z,2240344000,100,View,-72.821647,124.445729,-72.798318,127.107326,-61.097078,-55.99898,-61.085416,-57.516406,Selenographic,Equatorial
747,ch2_tmc_nca_20220630T0413216981_d_img_d32.zip,2022-06-30T04:13:21.698Z,2022-06-30T04:23:19.834Z,1478680000,115.6,View,-0.244778,159.459618,-0.243835,158.639612,-30.356141,159.250896,-30.35894,158.287294,Selenographic,Equatorial
748,ch2_tmc_ncf_20200724T1143164310_d_img_d18.zip,2020-07-24T11:43:16.431Z,2020-07-24T11:53:53.480Z,1574904000,112.5,View,-26.968261,102.211531,-26.979637,101.252117,-58.970121,103.636982,-58.994123,102.01797,Selenographic,Equatorial
749,ch2_tmc_nca_20191210T0124539756_d_img_gds.zip,2019-12-10T01:24:53.975Z,2019-12-10T01:34:38.806Z,1445808000,87.97,View,1.253683,39.503754,1.247674,40.126359,31.559553,39.666423,31.552751,40.434592,Selenographic,Equatorial
750,ch2_tmc_nca_20210519T0657397427_d_img_d18.zip,2021-05-19T06:57:39.742Z,2021-05-19T07:06:24.768Z,1297960000,111.37,View,-55.574827,122.860366,-55.589919,124.404338,-82.122987,124.105629,-82.056836,130.229152,Polar stereographic,South
751,ch2_tmc_ncf_20220721T2129474630_d_img_d32.zip,2022-07-21T21:29:47.463Z,2022-07-21T21:39:42.395Z,1470760000,108.27,View,-26.882784,-126.747073,-26.868094,-127.752299,-56.983742,-126.328542,-56.973863,-127.769835,Selenographic,Equatorial
752,ch2_tmc_ncn_20220103T0225349470_d_img_d18.zip,2022-01-03T02:25:34.947Z,2022-01-03T02:44:47.675Z,2848248000,79.74,View,-61.613182,166.542301,-61.608117,165.312306,-1.682121,165.879471,-1.675524,165.34318,Selenographic,Equatorial
753,ch2_tmc_ncf_20221130T1411303803_d_img_d32.zip,2022-11-30T14:11:30.380Z,2022-11-30T14:19:21.134Z,1164640000,113.34,View,43.22432,117.152413,43.219959,118.191527,67.024074,116.953519,67.015044,119.00626,Selenographic,Equatorial
754,ch2_tmc_ncf_20210720T2341395856_d_img_d32.zip,2021-07-20T23:41:39.585Z,2021-07-20T23:43:07.854Z,218224000,115.32,View,-17.030424,15.877864,-16.989805,14.984925,-21.457091,15.855491,-21.416056,14.939585,Selenographic,Equatorial
755,ch2_tmc_nca_20200720T1121569308_d_img_d18.zip,2020-07-20T11:21:56.930Z,2020-07-20T11:32:33.853Z,1574592000,114.54,View,-30.667001,155.033453,-30.672868,154.047948,-62.60287,155.421978,-62.609664,153.572433,Selenographic,Equatorial
756,ch2_tmc_ncn_20221204T1449565611_d_img_n18.zip,2022-12-04T14:49:56.561Z,2022-12-04T14:57:44.273Z,1156272000,118.96,View,44.885886,64.149506,44.882863,65.083004,68.646733,63.99271,68.637717,66.017701,Selenographic,Equatorial
757,ch2_tmc_ncf_20220102T0247118868_d_img_d18.zip,2022-01-02T02:47:11.886Z,2022-01-02T03:06:24.907Z,2850472000,79.29,View,-59.884735,179.802521,-59.88715,178.493903,-0.121192,179.113622,-0.122251,178.533785,Selenographic,Equatorial
758,ch2_tmc_nca_20220712T1417205778_d_img_d32.zip,2022-07-12T14:17:20.577Z,2022-07-12T14:32:19.589Z,2222504000,112.77,View,-0.639711,-4.205979,-0.635693,-5.104424,-45.504878,-4.466415,-45.499475,-5.656926,Selenographic,Equatorial
759,ch2_tmc_ncn_20200606T1904309386_d_img_d18.zip,2020-06-06T19:04:30.938Z,2020-06-06T19:15:05.942Z,1569848000,106.62,View,63.414287,9.635762,63.418622,11.195314,31.217722,10.006819,31.221054,10.849437,Selenographic,Equatorial
760,ch2_tmc_ncn_20220112T1300186367_d_img_d32.zip,2022-01-12T13:00:18.636Z,2022-01-12T13:15:15.781Z,2217864000,89.38,View,-74.542352,-138.98555,-74.528478,-136.542822,-59.448663,41.032948,-59.443162,39.872565,Selenographic,Equatorial
761,ch2_tmc_nca_20220729T1042559804_d_img_d32.zip,2022-07-29T10:42:55.980Z,2022-07-29T11:03:05.313Z,2989608000,123.84,View,28.495883,133.632222,28.492749,132.609426,-31.410993,133.477557,-31.41483,132.434612,Selenographic,Equatorial
762,ch2_tmc_ncn_20220722T0453004845_d_img_d32.zip,2022-07-22T04:53:00.484Z,2022-07-22T05:16:42.935Z,3516488000,131.11,View,61.273612,-131.16457,61.263314,-132.914224,-8.641171,-131.284911,-8.647061,-132.139175,Selenographic,Equatorial
763,ch2_tmc_nca_20220119T1947094956_d_img_d32.zip,2022-01-19T19:47:09.495Z,2022-01-19T20:02:16.436Z,2243216000,100.19,View,-72.800684,125.430185,-72.778793,128.091518,-61.068877,-54.855895,-61.058024,-56.374914,Selenographic,Equatorial
764,ch2_tmc_nca_20211225T1926394313_d_img_d18.zip,2021-12-25T19:26:39.431Z,2021-12-25T19:35:26.841Z,1303856000,89.01,View,-63.020423,-86.071446,-62.992705,-87.648026,-35.808617,-85.405999,-35.794229,-86.200081,Selenographic,Equatorial
765,ch2_tmc_ncf_20221127T0520227538_d_img_d32.zip,2022-11-27T05:20:22.753Z,2022-11-27T05:28:13.209Z,1163056000,116.84,View,43.213849,160.568543,43.223851,161.61038,66.873152,159.324823,66.891358,161.380335,Selenographic,Equatorial
766,ch2_tmc_ncf_20220708T1512532546_d_img_d32.zip,2022-07-08T15:12:53.254Z,2022-07-08T15:21:23.568Z,1261592000,120.86,View,62.976323,47.800172,62.964252,45.937495,37.537709,47.763161,37.529866,46.629526,Selenographic,Equatorial
767,ch2_tmc_ncf_20220605T0733298507_d_img_d32.zip,2022-06-05T07:33:29.850Z,2022-06-05T08:03:27.944Z,4443096000,122.5,View,60.015449,125.186135,59.9979,126.852953,-30.046073,124.554229,-30.092348,125.59658,Selenographic,Equatorial
768,ch2_tmc_nca_20220718T2155473949_d_img_d18.zip,2022-07-18T21:55:47.394Z,2022-07-18T22:15:57.889Z,2992560000,125.83,View,59.484985,-88.094505,59.458677,-89.907749,-0.524339,-87.546142,-0.540041,-88.474653,Selenographic,Equatorial
769,ch2_tmc_nca_20220713T2144027798_d_img_d32.zip,2022-07-13T21:44:02.779Z,2022-07-13T21:47:08.553Z,461000000,121.18,View,23.729547,-21.527721,23.733271,-22.524445,14.455582,-21.65205,14.459146,-22.584995,Selenographic,Equatorial
770,ch2_tmc_ncn_20221202T1529533603_d_img_n18.zip,2022-12-02T15:29:53.360Z,2022-12-02T15:37:47.155Z,1171312000,116.56,View,44.719061,90.41381,44.711587,91.385342,68.751545,90.616904,68.734473,92.677074,Selenographic,Equatorial
771,ch2_tmc_nca_20221127T0917001825_d_img_d32.zip,2022-11-27T09:17:00.182Z,2022-11-27T09:24:56.699Z,1178040000,117.85,View,46.420322,158.268065,46.430312,159.383372,70.55644,156.646502,70.577956,159.102312,Selenographic,Equatorial
772,ch2_tmc_ncf_20220519T2003439788_d_img_d18.zip,2022-05-19T20:03:43.978Z,2022-05-19T20:13:22.219Z,1429520000,114.65,View,59.208915,-16.790598,59.200486,-15.141533,30.172149,-16.866738,30.166874,-15.870603,Selenographic,Equatorial
773,ch2_tmc_ncf_20210515T1539394519_d_img_hw1.zip,2021-05-15T15:39:39.451Z,2021-05-15T15:42:40.325Z,447160000,113.73,View,-53.347202,169.321191,-53.341072,170.826268,-62.384333,169.157496,-62.377463,171.053857,Selenographic,Equatorial
774,ch2_tmc_nca_20211124T1644053407_d_img_d18.zip,2021-11-24T16:44:05.340Z,2021-11-24T16:54:24.705Z,1529616000,109.09,View,-59.404312,-35.463902,-59.417342,-33.79628,-28.331331,-35.184782,-28.344528,-34.26624,Selenographic,Equatorial
775,ch2_tmc_ncn_20220701T0731304193_d_img_d32.zip,2022-07-01T07:31:30.419Z,2022-07-01T08:01:14.224Z,4409856000,115.23,View,61.202474,144.984097,61.206569,143.560224,-28.759788,143.997021,-28.757228,143.134582,Selenographic,Equatorial
776,ch2_tmc_nca_20210517T1508532205_d_img_d18.zip,2021-05-17T15:08:53.220Z,2021-05-17T15:17:29.462Z,1276248000,112.17,View,-55.215855,143.402714,-55.20562,144.948623,-81.172489,141.971938,-81.150993,147.454574,Polar stereographic,South
777,ch2_tmc_ncn_20220121T2053452840_d_img_d18.zip,2022-01-21T20:53:45.284Z,2022-01-21T21:08:51.518Z,2240376000,100.31,View,-74.469244,99.847369,-74.42892,102.551748,-59.632921,-82.698852,-59.614469,-84.007734,Selenographic,Equatorial
778,ch2_tmc_nca_20221123T0442392585_d_img_n18.zip,2022-11-23T04:42:39.258Z,2022-11-23T04:44:09.689Z,223568000,93.04,View,46.226062,-145.674383,46.23024,-144.726128,50.90157,-145.773136,50.905273,-144.722916,Selenographic,Equatorial
779,ch2_tmc_nca_20220701T0731304193_d_img_d32.zip,2022-07-01T07:31:30.419Z,2022-07-01T08:01:14.220Z,4409856000,115.23,View,59.582781,145.015621,59.600452,143.509496,-30.4204,143.478248,-30.39175,142.503499,Selenographic,Equatorial
780,ch2_tmc_ncn_20211231T0528483451_d_img_d18.zip,2021-12-31T05:28:48.345Z,2021-12-31T05:48:02.385Z,2852992000,77.24,View,-61.391163,-155.034973,-61.392136,-156.391243,-1.543702,-155.880372,-1.543753,-156.418052,Selenographic,Equatorial
781,ch2_tmc_ncn_20221125T0600289370_d_img_d32.zip,2022-11-25T06:00:28.937Z,2022-11-25T06:08:18.105Z,1159872000,109.91,View,44.641457,-173.001306,44.649551,-172.088698,68.490687,-174.324961,68.507382,-172.45103,Selenographic,Equatorial
782,ch2_tmc_ncf_20211220T2136521172_d_img_d32.zip,2021-12-20T21:36:52.117Z,2021-12-20T21:39:04.244Z,326624000,84.04,View,5.849141,-20.334485,5.851144,-19.71282,12.711459,-20.373697,12.713458,-19.743591,Selenographic,Equatorial
783,ch2_tmc_nca_20200630T0819002488_d_img_d18.zip,2020-06-30T08:19:00.248Z,2020-06-30T08:29:43.200Z,1589496000,122.13,View,60.052462,58.878996,60.030668,57.275591,27.599086,59.587238,27.586881,58.562569,Selenographic,Equatorial
784,ch2_tmc_ncf_20200720T1121569308_d_img_d18.zip,2020-07-20T11:21:56.930Z,2020-07-20T11:32:33.853Z,1574592000,114.54,View,-27.095914,154.996805,-27.099041,154.046383,-59.013965,155.267409,-59.016957,153.617419,Selenographic,Equatorial
785,ch2_tmc_ncf_20220121T0115093063_d_img_d18.zip,2022-01-21T01:15:09.306Z,2022-01-21T01:30:14.647Z,2238168000,98.79,View,-76.27554,110.519634,-76.230839,113.803291,-57.869846,-71.645161,-57.852269,-73.004496,Selenographic,Equatorial
786,ch2_tmc_ncf_20200608T1622389722_d_img_d18.zip,2020-06-08T16:22:38.972Z,2020-06-08T16:33:16.921Z,1577128000,109.12,View,59.95302,-15.823521,59.9592,-14.206053,27.707338,-15.350614,27.711522,-14.423165,Selenographic,Equatorial
787,ch2_tmc_nca_20191225T0407322824_d_img_d18.zip,2019-12-25T04:07:32.282Z,2019-12-25T04:17:03.800Z,1412896000,81.59,View,1.884326,-159.097273,1.889789,-158.533232,31.611892,-159.197036,31.615593,-158.533129,Selenographic,Equatorial
788,ch2_tmc_nca_20220701T1128212269_d_img_d32.zip,2022-07-01T11:28:21.226Z,2022-07-01T11:38:13.221Z,1463520000,109.68,View,59.610272,141.687196,59.537703,140.138171,29.575841,141.559883,29.506474,140.616985,Selenographic,Equatorial
789,ch2_tmc_nca_20200209T0032589097_d_img_gds.zip,2020-02-09T00:32:58.909Z,2020-02-09T00:34:48.740Z,271528000,90.74,View,-33.308119,-43.545165,-33.302319,-44.36965,-27.649102,-43.547901,-27.643023,-44.313035,Selenographic,Equatorial
790,ch2_tmc_nca_20200720T0726008186_d_img_d18.zip,2020-07-20T07:26:00.818Z,2020-07-20T07:36:38.242Z,1577112000,114.31,View,-30.600464,157.202736,-30.602788,156.212915,-62.58957,157.612679,-62.59247,155.760555,Selenographic,Equatorial
791,ch2_tmc_ncn_20201122T0735452124_d_img_d18.zip,2020-11-22T07:35:45.212Z,2020-11-22T07:46:06.774Z,1536616000,95.94,View,-1.245156,128.234352,-1.251652,128.802843,30.715891,128.437419,30.707682,129.16024,Selenographic,Equatorial
792,ch2_tmc_ncf_20221124T0224108577_d_img_d32.zip,2022-11-24T02:24:10.857Z,2022-11-24T02:31:53.772Z,1146320000,104.63,View,43.349502,-157.775611,43.342912,-156.857956,67.018912,-158.949804,67.018594,-157.139782,Selenographic,Equatorial
793,ch2_tmc_ncf_20220117T1841091051_d_img_d32.zip,2022-01-17T18:41:09.105Z,2022-01-17T18:56:21.614Z,2255864000,105.96,View,-75.910383,150.25695,-75.917967,153.639303,-58.1807,-26.669993,-58.184965,-28.142468,Selenographic,Equatorial
794,ch2_tmc_ncn_20200609T1956387174_d_img_d18.zip,2020-06-09T19:56:38.717Z,2020-06-09T20:07:16.666Z,1577128000,108.49,View,61.875114,-31.012095,61.882536,-29.439623,29.683831,-30.494212,29.688989,-29.65144,Selenographic,Equatorial
795,ch2_tmc_ncn_20220718T0231336107_d_img_d18.zip,2022-07-18T02:31:33.610Z,2022-07-18T02:41:33.119Z,1483456000,116.07,View,1.430859,-76.788751,1.42117,-77.587322,-28.539002,-76.516712,-28.549227,-77.3783,Selenographic,Equatorial
796,ch2_tmc_nca_20220531T0458002752_d_img_d32.zip,2022-05-31T04:58:00.275Z,2022-05-31T05:08:01.489Z,1486312000,121.08,View,-6.024244,-166.362279,-5.95076,-165.39681,-36.042167,-166.599498,-35.965135,-165.432117,Selenographic,Equatorial
797,ch2_tmc_nca_20220610T1003029278_d_img_d32.zip,2022-06-10T10:03:02.927Z,2022-06-10T10:17:59.946Z,2217592000,114.22,View,3.422003,58.705532,3.422958,59.544616,-41.642005,58.857485,-41.639325,59.998079,Selenographic,Equatorial
798,ch2_tmc_ncf_20220712T1754088956_d_img_d32.zip,2022-07-12T17:54:08.895Z,2022-07-12T18:09:11.301Z,2230208000,122.47,View,63.166542,-5.294243,63.083039,-7.26436,18.236777,-6.202987,18.147571,-7.164873,Selenographic,Equatorial
799,ch2_tmc_ncn_20211227T0258106296_d_img_d18.zip,2021-12-27T02:58:10.629Z,2021-12-27T03:17:26.718Z,2858056000,78.64,View,-61.667997,-103.457294,-61.645295,-104.763324,-1.762279,-102.3078,-1.752249,-102.817016,Selenographic,Equatorial
800,ch2_tmc_ncn_20200723T1009171225_d_img_d18.zip,2020-07-23T10:09:17.122Z,2020-07-23T10:19:52.385Z,1569536000,110.15,,-28.708027,116.232737,-28.720551,115.373224,-60.63078,117.559638,-60.652667,116.064209,Selenographic,Equatorial
801,ch2_tmc_ncn_20211124T1644051497_d_img_d18.zip,2021-11-24T16:44:05.149Z,2021-11-24T16:54:24.138Z,1530256000,109.1,View,-61.21424,-35.408135,-61.213223,-33.830392,-30.060498,-35.157008,-30.05977,-34.320561,Selenographic,Equatorial
802,ch2_tmc_ncn_20220608T0833103520_d_img_d32.zip,2022-06-08T08:33:10.352Z,2022-06-08T09:02:44.694Z,4386488000,107.5,View,61.45391,84.063644,61.474908,85.504627,-28.389021,85.933143,-28.376337,86.759838,Selenographic,Equatorial
803,ch2_tmc_nca_20210520T2106199007_d_img_hw1.zip,2021-05-20T21:06:19.900Z,2021-05-20T21:10:26.116Z,608696000,97.78,View,44.108803,37.488349,40.475755,27.547809,21.656565,-42.509308,26.571041,-49.171108,Selenographic,Equatorial
804,ch2_tmc_ncn_20221130T1014486575_d_img_d32.zip,2022-11-30T10:14:48.657Z,2022-11-30T10:22:38.420Z,1161344000,113.18,View,44.795862,119.303319,44.793634,120.265687,68.617951,119.059268,68.612028,121.039558,Selenographic,Equatorial
805,ch2_tmc_nca_20211115T0955366570_d_img_d18.zip,2021-11-15T09:55:36.657Z,2021-11-15T10:06:27.678Z,1609448000,90.79,View,-88.576544,-25.690045,-89.166151,-44.983444,-57.19911,85.607224,-57.218546,86.836105,Polar stereographic,South
806,ch2_tmc_nca_20210531T1923037425_d_img_d18.zip,2021-05-31T19:23:03.742Z,2021-05-31T19:38:25.157Z,2277904000,101.57,View,-34.627182,-43.12412,-34.655832,-42.109339,-81.808756,-44.000332,-81.813758,-38.762861,Polar stereographic,South
807,ch2_tmc_nca_20211226T2301424636_d_img_d18.zip,2021-12-26T23:01:42.463Z,2021-12-26T23:21:01.755Z,2865976000,78.94,View,-63.183938,-101.229922,-63.163968,-102.769042,-2.887796,-100.166912,-2.881531,-100.735806,Selenographic,Equatorial
808,ch2_tmc_ncn_20221202T1728135184_d_img_d32.zip,2022-12-02T17:28:13.518Z,2022-12-02T17:36:05.851Z,1167696000,116.41,View,44.714274,89.334186,44.706657,90.301116,68.67963,89.538432,68.662392,91.583839,Selenographic,Equatorial
809,ch2_tmc_ncf_20221202T1529533636_d_img_d32.zip,2022-12-02T15:29:53.363Z,2022-12-02T15:37:47.130Z,1171240000,116.56,View,43.09577,90.356829,43.087624,91.405972,66.994079,90.488994,66.976261,92.610441,Selenographic,Equatorial
810,ch2_tmc_nca_20220625T0543144395_d_img_d32.zip,2022-06-25T05:43:14.439Z,2022-06-25T06:13:17.822Z,4458256000,112.44,View,59.587439,-135.69161,59.595724,-137.360525,-30.253787,-136.290819,-30.23892,-137.210606,Selenographic,Equatorial
811,ch2_tmc_ncf_20210518T1455584831_d_img_d18.zip,2021-05-18T14:55:58.483Z,2021-05-18T15:05:18.982Z,1383472000,105.05,View,-59.425551,129.731167,-59.49859,131.641254,-87.506824,128.532611,-87.469101,149.46966,Polar stereographic,South
812,ch2_tmc_nca_20211112T1705195887_d_img_d18.zip,2021-11-12T17:05:19.588Z,2021-11-12T17:16:28.256Z,1653072000,102.72,View,-88.984892,11.468824,-89.598517,-36.50748,-56.550455,121.736987,-56.562131,123.103896,Polar stereographic,South
813,ch2_tmc_ncf_20220108T1457528937_d_img_d32.zip,2022-01-08T14:57:52.893Z,2022-01-08T15:27:12.109Z,4349048000,98.28,View,-59.614657,92.136082,-59.579204,90.729418,30.41359,93.949492,30.436211,93.099147,Selenographic,Equatorial
814,ch2_tmc_ncf_20211220T1734386945_d_img_d32.zip,2021-12-20T17:34:38.694Z,2021-12-20T17:49:05.117Z,2141936000,84.1,View,-12.480294,-18.096594,-12.481804,-17.434512,32.513684,-18.357726,32.512241,-17.610973,Selenographic,Equatorial
815,ch2_tmc_nca_20221130T1014486607_d_img_n18.zip,2022-11-30T10:14:48.660Z,2022-11-30T10:29:29.318Z,2177144000,113.17,View,46.418205,117.763225,46.41249,118.866499,88.884051,-48.886951,88.742488,-89.830747,Polar stereographic,North
816,ch2_tmc_ncf_20220606T1317038620_d_img_d32.zip,2022-06-06T13:17:03.862Z,2022-06-06T13:46:32.305Z,4371904000,102.12,View,59.757174,108.306267,59.74266,109.794027,-30.181909,108.504839,-30.221506,109.371291,Selenographic,Equatorial
817,ch2_tmc_ncf_20211230T0352162129_d_img_d18.zip,2021-12-30T03:52:16.212Z,2021-12-30T04:11:32.434Z,2858384000,76.16,View,-59.950344,-141.661272,-59.954419,-143.057152,-0.259108,-141.852987,-0.264352,-142.410595,Selenographic,Equatorial
818,ch2_tmc_ncn_20191219T1053106529_d_img_gds.zip,2019-12-19T10:53:10.652Z,2019-12-19T11:02:44.653Z,1420488000,82.94,View,1.231469,-84.189938,1.246006,-83.621076,31.019992,-83.680746,31.030608,-83.031538,Selenographic,Equatorial
819,ch2_tmc_ncn_20221201T1153148447_d_img_d32.zip,2022-12-01T11:53:14.844Z,2022-12-01T12:01:02.521Z,1156184000,113.71,View,44.810207,105.484997,44.803607,106.461563,68.524865,105.554522,68.510744,107.562885,Selenographic,Equatorial
820,ch2_tmc_ncf_20220622T0516236863_d_img_d32.zip,2022-06-22T05:16:23.686Z,2022-06-22T05:26:19.648Z,1473328000,108.77,View,3.214312,-94.986384,3.151106,-95.866208,-26.844644,-94.623155,-26.912095,-95.561408,Selenographic,Equatorial
821,ch2_tmc_ncn_20200722T1231279492_d_img_d32.zip,2020-07-22T12:31:27.949Z,2020-07-22T12:42:03.979Z,1572384000,110.75,View,-29.143566,128.077307,-29.157782,127.215748,-61.126054,129.092717,-61.147184,127.563321,Selenographic,Equatorial
822,ch2_tmc_nca_20220614T1757268672_d_img_d32.zip,2022-06-14T17:57:26.867Z,2022-06-14T18:10:17.770Z,1907736000,108.36,View,63.23934,2.109967,63.232784,3.899687,24.272475,2.022474,24.270362,2.911309,Selenographic,Equatorial
823,ch2_tmc_ncf_20220102T0643359636_d_img_d18.zip,2022-01-02T06:43:35.963Z,2022-01-02T07:02:48.980Z,2850464000,79.27,View,-60.029356,177.583984,-60.034168,176.231484,-0.269355,176.862041,-0.273667,176.262536,Selenographic,Equatorial
824,ch2_tmc_ncf_20211217T1237403967_d_img_d32.zip,2021-12-17T12:37:40.396Z,2021-12-17T12:43:15.959Z,829568000,81.4,View,-35.145452,23.566672,-35.145601,24.321678,-17.657918,23.639485,-17.648936,24.273722,Selenographic,Equatorial
825,ch2_tmc_ncn_20211215T1123225348_d_img_d32.zip,2021-12-15T11:23:22.534Z,2021-12-15T11:37:44.385Z,2131824000,82.18,View,-31.243852,50.638844,-31.249833,51.267162,13.686873,50.996837,13.681432,51.559172,Selenographic,Equatorial
826,ch2_tmc_ncf_20201122T1527272295_d_img_d18.zip,2020-11-22T15:27:27.229Z,2020-11-22T15:37:48.921Z,1536936000,95.15,View,-2.604993,123.912662,-2.611728,124.548094,29.262094,124.166105,29.252924,124.959485,Selenographic,Equatorial
827,ch2_tmc_ncf_20200703T1535027868_d_img_d18.zip,2020-07-03T15:35:02.786Z,2020-07-03T15:40:07.166Z,752488000,120.53,View,-22.922247,16.970261,-22.912683,15.992866,-38.122162,16.995457,-38.113636,15.878697,Selenographic,Equatorial
828,ch2_tmc_ncn_20220731T0806391778_d_img_d18.zip,2022-07-31T08:06:39.177Z,2022-07-31T08:17:43.166Z,1248280000,129.21,View,22.509403,108.238856,22.497761,107.302587,-2.442632,108.391299,-2.4534,107.527842,Selenographic,Equatorial
829,ch2_tmc_nca_20210530T0518594829_d_img_hw1.zip,2021-05-30T05:18:59.482Z,2021-05-30T05:26:25.518Z,1103760000,105.58,View,-33.753641,-22.653094,-33.746695,-21.637428,-56.551862,-22.90768,-56.545226,-21.478062,Selenographic,Equatorial
830,ch2_tmc_ncn_20200723T0811164414_d_img_d18.zip,2020-07-23T08:11:16.441Z,2020-07-23T08:21:52.338Z,1572056000,110.24,View,-28.669569,117.323593,-28.69026,116.468005,-60.64887,118.607641,-60.679357,117.117013,Selenographic,Equatorial
831,ch2_tmc_nca_20191201T0904339009_d_img_d18.zip,2019-12-01T09:04:33.900Z,2019-12-01T09:14:05.288Z,1412576000,94.87,View,1.334917,154.110493,1.331125,154.727423,30.881777,154.014176,30.877592,154.811954,Selenographic,Equatorial
832,ch2_tmc_nca_20221130T0816281655_d_img_d32.zip,2022-11-30T08:16:28.165Z,2022-11-30T08:24:22.673Z,1173072000,113.23,View,46.379605,120.28811,46.369679,121.39155,70.565424,119.907007,70.550424,122.326496,Selenographic,Equatorial
833,ch2_tmc_ncn_20211220T1520129096_d_img_d32.zip,2021-12-20T15:20:12.909Z,2021-12-20T15:34:48.551Z,2164720000,86.85,View,-61.187184,-17.181332,-61.18663,-15.777544,-16.200436,-16.982649,-16.199484,-16.368823,Selenographic,Equatorial
834,ch2_tmc_ncf_20221117T2029512192_d_img_n18.zip,2022-11-17T20:29:51.219Z,2022-11-17T20:37:46.687Z,1175448000,106.24,View,43.007397,-75.145505,42.998701,-74.120636,67.151704,-74.987642,67.134516,-73.000805,Selenographic,Equatorial
835,ch2_tmc_ncf_20200702T1355037620_d_img_d18.zip,2020-07-02T13:55:03.762Z,2020-07-02T14:00:06.863Z,749328000,128.27,View,-11.222866,31.096117,-11.229058,30.111643,-26.214064,31.160675,-26.220669,30.089335,Selenographic,Equatorial
836,ch2_tmc_ncf_20191224T1029534900_d_img_m65.zip,2019-12-24T10:29:53.490Z,2019-12-24T10:38:36.919Z,1291968000,78.03,View,1.978474,-149.379825,1.981443,-148.835794,29.269936,-149.364638,29.270897,-148.750746,Selenographic,Equatorial
837,ch2_tmc_nca_20191224T1029534900_d_img_m65.zip,2019-12-24T10:29:53.490Z,2019-12-24T10:38:36.919Z,1291968000,78.03,View,4.285852,-149.378912,4.272632,-148.831432,31.545465,-149.334377,31.529319,-148.703511,Selenographic,Equatorial
838,ch2_tmc_ncf_20221117T2029512192_d_img_d32.zip,2022-11-17T20:29:51.219Z,2022-11-17T20:37:46.687Z,1175448000,106.24,View,43.007874,-75.144115,42.999349,-74.11938,67.151808,-74.987339,67.134767,-73.000755,Selenographic,Equatorial
839,ch2_tmc_ncf_20210531T1923037457_d_img_d18.zip,2021-05-31T19:23:03.745Z,2021-05-31T19:38:25.160Z,2277904000,101.57,View,-38.290795,-43.30018,-38.260586,-42.239096,-84.879412,-43.991283,-84.814816,-35.728928,Polar stereographic,South
840,ch2_tmc_ncf_20191210T0124539756_d_img_gds.zip,2019-12-10T01:24:53.975Z,2019-12-10T01:34:38.803Z,1445800000,87.97,View,-1.367448,39.487601,-1.370041,40.105749,28.805252,39.657099,28.802126,40.398724,Selenographic,Equatorial
841,ch2_tmc_ncf_20220519T2201201155_d_img_d18.zip,2022-05-19T22:01:20.115Z,2022-05-19T22:10:11.869Z,1314856000,114.61,View,59.314907,-17.86909,59.307174,-16.213157,32.607435,-17.932044,32.603032,-16.910908,Selenographic,Equatorial
842,ch2_tmc_nca_20211124T0058239650_d_img_d18.zip,2021-11-24T00:58:23.965Z,2021-11-24T01:02:00.921Z,534312000,112.57,View,-59.556485,-26.577516,-59.552143,-24.91195,-48.721177,-26.468585,-48.717619,-25.207885,Selenographic,Equatorial
843,ch2_tmc_ncf_20211113T1451387610_d_img_d18.zip,2021-11-13T14:51:38.761Z,2021-11-13T15:02:36.734Z,1626632000,96.57,View,-86.345581,93.548357,-86.498963,104.785816,-52.896566,109.763013,-52.912018,110.942508,Selenographic,Equatorial
844,ch2_tmc_ncf_20191206T0122222504_d_img_gds.zip,2019-12-06T01:22:22.250Z,2019-12-06T01:29:10.979Z,1010456000,95.15,View,6.417146,92.83271,6.405733,93.545284,27.324695,93.224444,27.311385,94.033769,Selenographic,Equatorial
845,ch2_tmc_nca_20191203T1406528783_d_img_d18.zip,2019-12-03T14:06:52.878Z,2019-12-03T14:16:41.801Z,1455928000,104.75,View,1.677194,125.214958,1.669271,125.954824,31.696642,125.459527,31.685873,126.357841,Selenographic,Equatorial
846,ch2_tmc_nca_20201122T1329344582_d_img_d18.zip,2020-11-22T13:29:34.458Z,2020-11-22T13:39:53.752Z,1529336000,95.36,View,0.219767,124.993384,0.213066,125.626767,32.169774,125.248167,32.160763,126.064329,Selenographic,Equatorial
847,ch2_tmc_ncn_20220614T1757268997_d_img_d32.zip,2022-06-14T17:57:26.899Z,2022-06-14T18:10:17.774Z,1907736000,108.36,View,61.539076,2.213992,61.533057,3.734671,22.563549,2.067235,22.561241,2.856271,Selenographic,Equatorial
848,ch2_tmc_ncn_20221123T0442392585_d_img_d32.zip,2022-11-23T04:42:39.258Z,2022-11-23T04:50:26.210Z,1154392000,102.05,View,44.848123,-145.614649,44.852235,-144.760305,68.802423,-146.444731,68.80959,-144.673769,Selenographic,Equatorial
849,ch2_tmc_nca_20220126T0105091977_d_img_d18.zip,2022-01-26T01:05:09.197Z,2022-01-26T01:20:14.532Z,2238152000,96.12,View,-72.940586,43.28642,-72.922456,46.071498,-60.907475,-136.471219,-60.899869,-137.921052,Selenographic,Equatorial
850,ch2_tmc_ncn_20200624T0243202023_d_img_d18.zip,2020-06-24T02:43:20.202Z,2020-06-24T02:47:40.935Z,644584000,111,View,42.92674,141.240046,42.932024,142.193609,29.762446,141.352546,29.767089,142.186571,Selenographic,Equatorial
851,ch2_tmc_ncn_20191213T0157194298_d_img_m65.zip,2019-12-13T01:57:19.429Z,2019-12-13T02:05:28.464Z,1208984000,85.56,View,-0.031198,-0.261457,-0.030884,0.310952,25.259452,-0.267979,25.258813,0.3622,Selenographic,Equatorial
852,ch2_tmc_ncf_20220705T0616412352_d_img_d32.zip,2022-07-05T06:16:41.235Z,2022-07-05T06:26:36.596Z,1472344000,116.62,View,62.941579,89.715862,62.960697,87.853261,33.115483,90.807355,33.161091,89.745101,Selenographic,Equatorial
853,ch2_tmc_ncn_20201118T0916085466_d_img_d18.zip,2020-11-18T09:16:08.546Z,2020-11-18T09:26:28.185Z,1531864000,93.21,View,-1.212252,-179.416119,-1.175359,-178.861678,30.719444,-179.807107,30.741498,-179.106136,Selenographic,Equatorial
854,ch2_tmc_ncf_20221130T1014486607_d_img_d32.zip,2022-11-30T10:14:48.660Z,2022-11-30T10:22:38.391Z,1161264000,113.18,View,43.191305,119.259757,43.187791,120.299008,66.919296,118.996213,66.911978,121.040329,Selenographic,Equatorial
855,ch2_tmc_nca_20220610T1349093513_d_img_d32.zip,2022-06-10T13:49:09.351Z,2022-06-10T14:04:01.373Z,2205232000,113.7,View,34.334531,56.327602,34.203819,57.291912,-12.257369,56.210406,-12.415617,57.07168,Selenographic,Equatorial
856,ch2_tmc_ncn_20191127T1051311914_d_img_d18.zip,2019-11-27T10:51:31.191Z,2019-11-27T11:00:56.433Z,1397384000,82.74,View,-0.621634,-153.565887,-0.622253,-153.07532,28.829451,-153.588813,28.827601,-153.008515,Selenographic,Equatorial
857,ch2_tmc_nca_20220109T0824167526_d_img_d32.zip,2022-01-09T08:24:16.752Z,2022-01-09T08:39:14.917Z,2220392000,94.59,View,-73.543186,-94.606735,-73.501958,-92.032282,-60.466328,82.658773,-60.445644,81.252173,Polar stereographic,South
858,ch2_tmc_nca_20220623T0234456620_d_img_d32.zip,2022-06-23T02:34:45.662Z,2022-06-23T03:04:42.902Z,4443080000,111.08,View,59.505473,-107.867395,59.489484,-109.515695,-30.457025,-107.198228,-30.466461,-108.131928,Selenographic,Equatorial
859,ch2_tmc_ncf_20220716T2233222974_d_img_d18.zip,2022-07-16T22:33:22.297Z,2022-07-16T22:40:24.121Z,1042560000,121.81,View,63.146155,-61.691956,63.13331,-63.659459,42.177447,-61.704568,42.170339,-62.927982,Selenographic,Equatorial
860,ch2_tmc_ncf_20220614T2011578633_d_img_d32.zip,2022-06-14T20:11:57.863Z,2022-06-14T20:25:04.487Z,1946592000,105.01,View,9.757844,0.842469,9.754884,1.649202,-30.033214,0.476058,-30.036395,1.368061,Selenographic,Equatorial
861,ch2_tmc_ncn_20220106T0540458467_d_img_d32.zip,2022-01-06T05:40:45.846Z,2022-01-06T05:57:07.856Z,2427680000,102.98,View,-61.539568,124.580931,-61.530106,123.072685,-11.623148,124.720391,-11.619762,124.033227,Selenographic,Equatorial
862,ch2_tmc_nca_20211116T1329461997_d_img_d18.zip,2021-11-16T13:29:46.199Z,2021-11-16T13:40:18.839Z,1562136000,102.57,View,-88.631768,-42.112953,-89.258041,-67.780124,-58.496167,70.436144,-58.516443,71.875647,Polar stereographic,South
863,ch2_tmc_ncn_20191130T0140047387_d_img_d18.zip,2019-11-30T01:40:04.738Z,2019-11-30T01:49:41.375Z,1425552000,89.18,View,-0.749836,171.601041,-0.735038,172.134902,29.067422,171.565436,29.083099,172.227988,Selenographic,Equatorial
864,ch2_tmc_ncn_20210530T0513191850_d_img_hw1.zip,2021-05-30T05:13:19.185Z,2021-05-30T05:19:09.445Z,865912000,112.98,View,-18.435802,-22.52695,-18.428082,-21.675827,-36.061679,-22.613784,-36.054753,-21.674211,Selenographic,Equatorial
865,ch2_tmc_ncn_20200708T1922155962_d_img_d18.zip,2020-07-08T19:22:15.596Z,2020-07-08T19:32:55.180Z,1582496000,122.72,View,61.155457,-52.071696,61.135221,-53.72727,29.155963,-51.719306,29.143184,-52.664907,Selenographic,Equatorial
866,ch2_tmc_ncn_20200723T0415158493_d_img_d18.zip,2020-07-23T04:15:15.849Z,2020-07-23T04:25:50.850Z,1569840000,110.41,View,-28.643654,119.452328,-28.662239,118.596148,-60.580263,120.675822,-60.605935,119.184407,Selenographic,Equatorial
867,ch2_tmc_ncn_20200628T0704222211_d_img_d18.zip,2020-06-28T07:04:22.221Z,2020-06-28T07:15:02.344Z,1582504000,118.99,View,61.873642,85.13617,61.843827,83.609274,29.738324,86.246606,29.721435,85.333607,Selenographic,Equatorial
868,ch2_tmc_nca_20211219T1607373360_d_img_d32.zip,2021-12-19T16:07:37.336Z,2021-12-19T16:20:28.513Z,1906488000,90.76,View,20.122468,-4.446346,20.12382,-3.774781,60.154726,-4.950675,60.156713,-3.573834,Selenographic,Equatorial
869,ch2_tmc_ncn_20200630T1215224158_d_img_d18.zip,2020-06-30T12:15:22.415Z,2020-06-30T12:26:04.555Z,1587488000,122.22,View,61.732639,56.613657,61.707753,55.090302,29.537057,57.365663,29.5211,56.426531,Selenographic,Equatorial
870,ch2_tmc_ncn_20200803T1731019356_d_img_d18.zip,2020-08-03T17:31:01.935Z,2020-08-03T17:41:31.817Z,1557184000,99.12,View,-28.624014,-33.126729,-28.627931,-33.941511,-60.600727,-32.693009,-60.606568,-34.035946,Selenographic,Equatorial
871,ch2_tmc_ncf_20210517T0714186901_d_img_d18.zip,2021-05-17T07:14:18.690Z,2021-05-17T07:22:43.365Z,1247656000,113.29,View,-59.017404,147.450194,-58.998734,149.166781,-84.225099,144.607185,-84.20351,153.013178,Polar stereographic,South
872,ch2_tmc_ncf_20210516T0730466892_d_img_d18.zip,2021-05-16T07:30:46.689Z,2021-05-16T07:40:19.208Z,1415376000,109.78,View,-59.335964,160.580455,-59.339057,162.298048,-87.925633,150.855966,-87.915215,173.656971,Polar stereographic,South
873,ch2_tmc_nca_20221115T2307454754_d_img_d32.zip,2022-11-15T23:07:45.475Z,2022-11-15T23:15:38.154Z,1168552000,105.46,View,46.340212,-50.65606,46.341851,-49.550742,70.14113,-51.463003,70.149782,-49.17334,Selenographic,Equatorial
874,ch2_tmc_nca_20200625T0809314916_d_img_d18.zip,2020-06-25T08:09:31.491Z,2020-06-25T08:20:09.563Z,1577432000,114.98,View,63.841891,123.423733,63.862273,125.204823,31.837234,124.650027,31.848521,125.647378,Selenographic,Equatorial
875,ch2_tmc_ncf_20221118T0026353667_d_img_n18.zip,2022-11-18T00:26:35.366Z,2022-11-18T00:34:27.466Z,1167120000,105.52,View,43.09737,-77.300307,43.088948,-76.283471,67.092731,-77.118765,67.075909,-75.15545,Selenographic,Equatorial
876,ch2_tmc_nca_20211217T1823234539_d_img_d32.zip,2021-12-17T18:23:23.453Z,2021-12-17T18:37:50.873Z,2144352000,82.68,View,-59.720318,20.409693,-59.715283,21.740895,-14.960193,20.388942,-14.957258,21.015888,Selenographic,Equatorial
877,ch2_tmc_nca_20220105T0947347394_d_img_d18.zip,2022-01-05T09:47:34.739Z,2022-01-05T10:07:12.463Z,2911544000,103.42,View,-63.084969,136.282437,-63.103253,134.549421,-3.027579,135.610973,-3.045323,134.854513,Selenographic,Equatorial
878,ch2_tmc_nca_20200714T0159298018_d_img_d18.zip,2020-07-14T01:59:29.801Z,2020-07-14T02:10:00.447Z,1559072000,102.92,View,-30.359839,-120.333797,-30.424755,-121.278287,-62.136594,-118.873602,-62.209762,-120.475173,Selenographic,Equatorial
879,ch2_tmc_ncn_20220727T0129279086_d_img_d32.zip,2022-07-27T01:29:27.908Z,2022-07-27T01:49:38.177Z,2991936000,125.2,View,30.256826,165.315816,30.260092,164.363003,-29.646681,164.783156,-29.644001,163.848951,Selenographic,Equatorial
880,ch2_tmc_ncf_20220110T0956254489_d_img_d32.zip,2022-01-10T09:56:25.448Z,2022-01-10T10:11:23.619Z,2220432000,92.26,View,-76.625673,-108.866686,-76.584337,-105.709976,-57.536748,68.920736,-57.521064,67.663565,Polar stereographic,South
881,ch2_tmc_nca_20200804T1310425694_d_img_d18.zip,2020-08-04T13:10:42.569Z,2020-08-04T13:19:47.454Z,1347056000,103.01,View,-30.640318,-43.624684,-30.647214,-44.561357,-58.104554,-43.042345,-58.115264,-44.473218,Selenographic,Equatorial
882,ch2_tmc_ncf_20220127T0237112124_d_img_d18.zip,2022-01-27T02:37:11.212Z,2022-01-27T02:52:18.598Z,2243224000,96.96,View,-76.253197,27.695791,-76.256384,31.155686,-57.997895,-149.696519,-57.999907,-151.036363,Selenographic,Equatorial
883,ch2_tmc_ncf_20220724T0445194157_d_img_d32.zip,2022-07-24T04:45:19.415Z,2022-07-24T04:55:17.552Z,1478664000,109.48,View,-26.90172,-157.769508,-26.895591,-158.777279,-57.08203,-158.034167,-57.072497,-159.510767,Selenographic,Equatorial
884,ch2_tmc_ncf_20211117T1110241429_d_img_d18.zip,2021-11-17T11:10:24.142Z,2021-11-17T11:20:33.808Z,1507208000,96.26,View,-85.896828,-104.610979,-86.02059,-114.880363,-62.734234,58.463198,-62.751904,60.001237,Polar stereographic,South
885,ch2_tmc_ncf_20211211T0852165675_d_img_d32.zip,2021-12-11T08:52:16.567Z,2021-12-11T09:11:43.924Z,2885904000,94.86,View,-32.665253,104.772199,-32.671621,105.605261,27.270107,105.536327,27.263202,106.324646,Selenographic,Equatorial
886,ch2_tmc_ncn_20220109T1615439830_d_img_d32.zip,2022-01-09T16:15:43.983Z,2022-01-09T16:30:41.124Z,2217872000,94.47,View,-75.149648,-98.611208,-75.109134,-96.036213,-59.002988,78.339729,-58.985084,77.129972,Polar stereographic,South
887,ch2_tmc_nca_20211115T1945316792_d_img_d18.zip,2021-11-15T19:45:31.679Z,2021-11-15T19:56:36.373Z,1643248000,103.13,View,-88.572535,-27.031326,-89.250216,-46.804928,-56.710491,80.162864,-56.732425,81.540338,Polar stereographic,South
888,ch2_tmc_ncn_20220705T0616412352_d_img_d32.zip,2022-07-05T06:16:41.235Z,2022-07-05T06:26:36.599Z,1472352000,116.62,View,61.212987,89.788624,61.171349,88.213625,31.297951,90.810086,31.274601,89.875854,Selenographic,Equatorial
889,ch2_tmc_ncf_20210530T0518594504_d_img_hw1.zip,2021-05-30T05:18:59.450Z,2021-05-30T05:26:25.515Z,1108128000,105.58,View,-37.315851,-22.665838,-37.310755,-21.607424,-59.970028,-22.95964,-59.964994,-21.390465,Selenographic,Equatorial
890,ch2_tmc_nca_20221124T1017238887_d_img_d32.zip,2022-11-24T10:17:23.888Z,2022-11-24T10:25:09.448Z,1150952000,108.31,View,46.287315,-162.315808,46.296559,-161.273854,70.111844,-163.930569,70.132678,-161.693656,Selenographic,Equatorial
891,ch2_tmc_ncf_20220531T0235403768_d_img_d32.zip,2022-05-31T02:35:40.376Z,2022-05-31T03:05:41.713Z,4453176000,122.05,View,60.180414,-165.417206,60.183854,-163.72512,-29.824296,-165.550774,-29.804329,-164.538967,Selenographic,Equatorial
892,ch2_tmc_ncn_20220716T2034569261_d_img_d18.zip,2022-07-16T20:34:56.926Z,2022-07-16T20:41:00.577Z,899016000,121.55,View,61.243004,-60.647291,61.230604,-62.309603,43.099565,-60.659051,43.09123,-61.773854,Selenographic,Equatorial
893,ch2_tmc_ncf_20220707T1333044015_d_img_d32.zip,2022-07-07T13:33:04.401Z,2022-07-07T13:42:40.396Z,1423968000,120.64,View,62.95609,61.320652,62.937787,59.511898,34.217385,61.497168,34.204134,60.421016,Selenographic,Equatorial
894,ch2_tmc_nca_20220722T0106188066_d_img_d32.zip,2022-07-22T01:06:18.806Z,2022-07-22T01:16:28.210Z,1506560000,133.89,View,29.100128,-128.143226,29.18524,-129.29684,-0.67328,-128.31195,-0.599392,-129.299427,Selenographic,Equatorial
895,ch2_tmc_nca_20211112T1109037919_d_img_d18.zip,2021-11-12T11:09:03.791Z,2021-11-12T11:18:24.101Z,1385192000,103.52,View,-89.057875,10.602092,-89.585825,-46.978264,-62.069391,124.844408,-62.080805,126.466085,Polar stereographic,South
896,ch2_tmc_nca_20220103T0225349437_d_img_d18.zip,2022-01-03T02:25:34.943Z,2022-01-03T02:44:47.675Z,2848256000,79.74,View,-62.989039,166.654584,-62.983316,165.222943,-2.936621,165.906017,-2.929678,165.308887,Selenographic,Equatorial
897,ch2_tmc_ncf_20220614T1810117259_d_img_d32.zip,2022-06-14T18:10:11.725Z,2022-06-14T18:12:09.624Z,291472000,108.09,View,21.138541,2.033806,21.136034,2.88978,15.224375,1.92132,15.203977,2.747277,Selenographic,Equatorial
898,ch2_tmc_ncn_20220627T0317141869_d_img_d32.zip,2022-06-27T03:17:14.186Z,2022-06-27T03:27:12.139Z,1478240000,112.15,View,1.282873,-161.035801,1.288225,-161.786065,-28.720639,-161.356833,-28.715163,-162.174435,Selenographic,Equatorial
899,ch2_tmc_nca_20191127T0853448154_d_img_d18.zip,2019-11-27T08:53:44.815Z,2019-11-27T09:03:11.867Z,1399928000,82.4,View,0.496482,-152.492757,0.483458,-151.959661,30.024971,-152.484431,30.008343,-151.847296,Selenographic,Equatorial
900,ch2_tmc_nca_20220526T2324568859_d_img_d18.zip,2022-05-26T23:24:56.885Z,2022-05-26T23:44:54.801Z,2961464000,124.55,,63.683991,-112.336707,63.713716,-110.347482,4.034593,-110.872323,4.055075,-109.963428,Selenographic,Equatorial
901,ch2_tmc_ncf_20200721T0859384207_d_img_d32.zip,2020-07-21T08:59:38.420Z,2020-07-21T09:10:15.340Z,1574584000,114.45,View,-27.214871,143.066437,-27.225212,142.130123,-59.16983,143.521442,-59.180983,141.891441,Selenographic,Equatorial
902,ch2_tmc_ncf_20221126T0342084593_d_img_d32.zip,2022-11-26T03:42:08.459Z,2022-11-26T03:50:00.724Z,1167528000,112.32,View,43.185632,174.992041,43.195532,175.99527,67.066446,173.891247,67.081794,175.884889,Selenographic,Equatorial
903,ch2_tmc_ncf_20220119T2145008809_d_img_d32.zip,2022-01-19T21:45:00.880Z,2022-01-19T22:00:07.115Z,2240376000,100,View,-76.143231,124.543133,-76.115018,127.81724,-57.999672,-55.971435,-57.988698,-57.352751,Selenographic,Equatorial
904,ch2_tmc_ncn_20210514T1200279624_d_img_d18.zip,2021-05-14T12:00:27.962Z,2021-05-14T12:10:19.829Z,1463208000,104.1,View,-57.610162,-175.707815,-57.606699,-174.312064,-87.5298,179.458686,-87.496566,-164.672494,Polar stereographic,South
905,ch2_tmc_ncn_20220605T0955507663_d_img_d32.zip,2022-06-05T09:55:50.766Z,2022-06-05T10:12:30.315Z,2471056000,120.82,View,-8.332214,124.785825,-8.326677,125.599877,-58.211919,124.752901,-58.202313,126.264329,Selenographic,Equatorial
906,ch2_tmc_nca_20220114T1405515930_d_img_d32.zip,2022-01-14T14:05:51.593Z,2022-01-14T14:20:53.857Z,2230520000,96.08,View,-72.868892,-167.877471,-72.87674,-165.288257,-61.038997,15.019986,-61.045265,13.565062,Selenographic,Equatorial
907,ch2_tmc_ncf_20220525T0018254391_d_img_d18.zip,2022-05-25T00:18:25.439Z,2022-05-25T00:27:14.635Z,1308272000,112.82,View,-30.51275,-84.40188,-30.500281,-83.417693,-57.098488,-84.026418,-57.078513,-82.504433,Selenographic,Equatorial
908,ch2_tmc_ncf_20200722T0835285559_d_img_d32.zip,2020-07-22T08:35:28.555Z,2020-07-22T08:46:04.450Z,1572048000,111.03,View,-27.328789,130.236564,-27.345026,129.29592,-59.378352,131.120713,-59.401604,129.507042,Selenographic,Equatorial
909,ch2_tmc_ncf_20191219T0500136311_d_img_gds.zip,2019-12-19T05:00:13.631Z,2019-12-19T05:09:47.646Z,1417632000,83.67,View,-0.052955,-81.042662,-0.057532,-80.408044,29.676627,-80.542655,29.670145,-79.827002,Selenographic,Equatorial
910,ch2_tmc_ncf_20211225T2323072233_d_img_d18.zip,2021-12-25T23:23:07.223Z,2021-12-25T23:42:27.412Z,2868192000,81.45,View,-53.588156,-112.340883,-53.158542,-113.317207,-0.169836,-88.566933,-0.219345,-89.163416,Selenographic,Equatorial
911,ch2_tmc_ncn_20220117T1841091051_d_img_d32.zip,2022-01-17T18:41:09.105Z,2022-01-17T18:56:21.614Z,2255856000,105.96,View,-74.172828,150.646655,-74.178689,153.364928,-59.822285,-26.692129,-59.82656,-28.083398,Selenographic,Equatorial
912,ch2_tmc_ncn_20220131T0251384121_d_img_d18.zip,2022-01-31T02:51:38.412Z,2022-01-31T03:06:31.336Z,2207472000,87.09,View,-74.497427,-25.472592,-74.504227,-23.115966,-59.535151,157.095701,-59.539441,155.962022,Selenographic,Equatorial
913,ch2_tmc_nca_20191201T0113193274_d_img_g26.zip,2019-12-01T01:13:19.327Z,2019-12-01T01:23:00.607Z,1435680000,93.72,View,0.681164,158.427964,0.667573,159.033435,30.751917,158.354215,30.736168,159.137102,Selenographic,Equatorial
914,ch2_tmc_nca_20200131T1010006367_d_img_d18.zip,2020-01-31T10:10:00.636Z,2020-01-31T10:19:44.444Z,1443280000,83.03,View,-33.389256,69.463782,-33.376474,68.706832,-3.088126,69.96361,-3.077869,69.344413,Selenographic,Equatorial
915,ch2_tmc_ncn_20220703T1249203502_d_img_d32.zip,2022-07-03T12:49:20.350Z,2022-07-03T13:19:11.445Z,4427880000,114.58,View,61.070487,114.285683,61.056072,112.769388,-28.835631,114.898334,-28.844451,114.041186,Selenographic,Equatorial
916,ch2_tmc_nca_20200724T1143164279_d_img_d18.zip,2020-07-24T11:43:16.427Z,2020-07-24T11:53:53.480Z,1574912000,112.5,View,-30.585555,102.322916,-30.598314,101.325016,-62.502289,104.016004,-62.530404,102.200034,Selenographic,Equatorial
917,ch2_tmc_ncn_20200108T0006239646_d_img_mad.zip,2020-01-08T00:06:23.964Z,2020-01-08T00:16:16.982Z,1466048000,97.46,View,-25.997441,18.427418,-25.998918,17.705083,4.27125,18.326234,4.26959,17.684674,Selenographic,Equatorial
918,ch2_tmc_ncf_20200711T0113133860_d_img_d18.zip,2020-07-11T01:13:13.386Z,2020-07-11T01:23:42.245Z,1554656000,101.58,View,-27.356575,-80.174685,-27.372447,-81.036942,-59.330851,-78.635243,-59.358967,-80.100655,Selenographic,Equatorial
919,ch2_tmc_ncf_20221130T1411303803_d_img_n18.zip,2022-11-30T14:11:30.380Z,2022-11-30T14:19:21.134Z,1164640000,113.34,View,43.225584,117.15392,43.221501,118.192474,67.024522,116.954603,67.01572,119.006296,Selenographic,Equatorial
920,ch2_tmc_nca_20220731T1203304253_d_img_d18.zip,2022-07-31T12:03:30.425Z,2022-07-31T12:15:10.281Z,1731120000,129.24,View,28.348886,106.084602,28.334156,105.004846,-6.254139,106.300591,-6.267875,105.340668,Selenographic,Equatorial
921,ch2_tmc_ncf_20220603T0558165657_d_img_d32.zip,2022-06-03T05:58:16.565Z,2022-06-03T06:28:07.537Z,4427544000,123.52,View,59.872583,153.591094,59.846674,155.132261,-30.287611,152.016115,-30.330547,153.049264,Selenographic,Equatorial
922,ch2_tmc_ncf_20221128T1253226787_d_img_d32.zip,2022-11-28T12:53:22.678Z,2022-11-28T13:01:13.895Z,1162944000,119.3,View,43.236147,143.350464,43.241078,144.435604,66.825303,142.191114,66.83726,144.320868,Selenographic,Equatorial
923,ch2_tmc_ncf_20191202T0639511671_d_img_d18.zip,2019-12-02T06:39:51.167Z,2019-12-02T06:49:26.777Z,1423016000,94.52,View,-1.721635,142.377261,-1.718134,142.985716,27.773103,142.383144,27.776372,143.14782,Selenographic,Equatorial
924,ch2_tmc_ncf_20220630T1008389740_d_img_d32.zip,2022-06-30T10:08:38.974Z,2022-06-30T10:18:34.735Z,1472784000,115.39,View,3.324099,156.877941,3.235734,156.008177,-26.662437,156.697326,-26.75907,155.715046,Selenographic,Equatorial
925,ch2_tmc_nca_20220708T1314261067_d_img_d32.zip,2022-07-08T13:14:26.106Z,2022-07-08T13:22:59.760Z,1269848000,120.79,View,59.394449,48.840941,59.382997,47.179709,33.5597,48.835015,33.551831,47.755182,Selenographic,Equatorial
926,ch2_tmc_nca_20220123T0023596061_d_img_d18.zip,2022-01-23T00:23:59.606Z,2022-01-23T00:39:04.947Z,2238168000,98.2,View,-72.792299,84.502656,-72.749531,87.234658,-61.118938,-97.907382,-61.097172,-99.398563,Selenographic,Equatorial
927,ch2_tmc_nca_20200803T1731019323_d_img_d18.zip,2020-08-03T17:31:01.932Z,2020-08-03T17:41:31.813Z,1557184000,99.12,View,-30.299775,-33.061249,-30.302906,-33.982326,-62.145185,-32.563667,-62.15047,-34.131675,Selenographic,Equatorial
928,ch2_tmc_nca_20211231T0330352150_d_img_d18.zip,2021-12-31T03:30:35.215Z,2021-12-31T03:49:50.280Z,2855528000,76.96,View,-62.869634,-153.932952,-62.873854,-155.453005,-2.656329,-154.781887,-2.65859,-155.346202,Selenographic,Equatorial
929,ch2_tmc_ncf_20210601T0723309745_d_img_hw1.zip,2021-06-01T07:23:30.974Z,2021-06-01T07:30:42.960Z,1067952000,103.57,View,-63.417565,-74.397486,-64.169608,-74.430074,-71.328683,-16.450516,-71.7039,-14.389257,Polar stereographic,South
930,ch2_tmc_ncf_20221203T1708208906_d_img_d32.zip,2022-12-03T17:08:20.890Z,2022-12-03T17:16:06.113Z,1150120000,115.63,View,43.263908,76.23951,43.257345,77.265236,66.777629,76.323786,66.762954,78.390482,Selenographic,Equatorial
931,ch2_tmc_ncf_20191129T0957596494_d_img_d18.zip,2019-11-29T09:57:59.649Z,2019-11-29T10:07:25.914Z,1399912000,88.66,View,-1.554728,-179.064221,-1.568526,-178.48049,27.737665,-179.61903,27.703376,-178.910013,Selenographic,Equatorial
932,ch2_tmc_nca_20200623T0259161206_d_img_d18.zip,2020-06-23T02:59:16.120Z,2020-06-23T03:09:53.437Z,1574592000,110.88,View,63.339826,154.046923,63.351324,155.672353,31.229021,154.470387,31.239799,155.407239,Selenographic,Equatorial
933,ch2_tmc_ncf_20220511T1402285565_d_img_d18.zip,2022-05-11T14:02:28.556Z,2022-05-11T14:22:05.372Z,2909304000,110.89,View,58.817091,90.155623,58.836254,91.596262,-0.785713,91.612815,-0.775064,92.429772,Selenographic,Equatorial
934,ch2_tmc_ncf_20220718T2155473982_d_img_d18.zip,2022-07-18T21:55:47.398Z,2022-07-18T22:15:57.886Z,2992544000,125.83,View,63.317421,-88.415888,63.272367,-90.469043,3.431554,-87.603806,3.406168,-88.536025,Selenographic,Equatorial
935,ch2_tmc_nca_20220801T0747415174_d_img_d18.zip,2022-08-01T07:47:41.517Z,2022-08-01T07:59:07.524Z,1695936000,131.88,View,28.235379,95.185616,28.219067,94.092369,-5.632078,95.478047,-5.647616,94.49205,Selenographic,Equatorial
936,ch2_tmc_ncn_20200719T0552325665_d_img_d32.zip,2020-07-19T05:52:32.566Z,2020-07-19T06:03:08.590Z,1572368000,110.96,View,-29.134591,171.057998,-29.131078,170.171897,-61.070887,171.524012,-61.06997,169.971282,Selenographic,Equatorial
937,ch2_tmc_ncn_20220102T0048587924_d_img_d18.zip,2022-01-02T00:48:58.792Z,2022-01-02T01:08:11.809Z,2850464000,79.31,View,-61.322806,-179.200106,-61.325609,179.563863,-1.380281,-179.810422,-1.383494,179.666122,Selenographic,Equatorial
938,ch2_tmc_ncf_20220106T0540467561_d_img_d32.zip,2022-01-06T05:40:46.756Z,2022-01-06T05:57:07.859Z,2425448000,102.98,View,-59.727941,124.639491,-59.71212,123.057209,-10.099776,124.751947,-10.091468,123.993272,Selenographic,Equatorial
939,ch2_tmc_ncf_20210530T0513191850_d_img_hw1.zip,2021-05-30T05:13:19.185Z,2021-05-30T05:19:09.438Z,865896000,112.98,View,-20.324369,-22.572713,-20.319278,-21.618189,-37.846448,-22.676059,-37.842272,-21.610317,Selenographic,Equatorial
940,ch2_tmc_ncf_20221115T2307454722_d_img_d32.zip,2022-11-15T23:07:45.472Z,2022-11-15T23:15:38.183Z,1168632000,105.46,View,42.98133,-50.594456,42.983928,-49.553301,67.037564,-51.165535,67.042608,-49.175026,Selenographic,Equatorial
941,ch2_tmc_ncn_20220626T0143287928_d_img_d32.zip,2022-06-26T01:43:28.792Z,2022-06-26T01:53:26.803Z,1478392000,111.47,View,1.229872,-146.98774,1.232522,-147.752417,-28.73715,-147.16439,-28.732709,-147.975072,Selenographic,Equatorial
942,ch2_tmc_nca_20200207T0122596445_d_img_m65.zip,2020-02-07T01:22:59.644Z,2020-02-07T01:32:43.765Z,1445488000,83.82,View,-32.768142,-17.386726,-32.767451,-18.172642,-2.438573,-17.48594,-2.438172,-18.100574,Selenographic,Equatorial
943,ch2_tmc_nca_20221204T1053173965_d_img_d32.zip,2022-12-04T10:53:17.396Z,2022-12-04T11:01:07.308Z,1161712000,117.99,View,46.398575,66.307499,46.393797,67.376567,70.447454,66.114045,70.435046,68.561423,Selenographic,Equatorial
944,ch2_tmc_ncf_20210515T0550183240_d_img_d18.zip,2021-05-15T05:50:18.324Z,2021-05-15T05:56:58.693Z,990592000,105.64,View,-65.091659,174.459207,-65.081867,176.496948,-85.200957,171.728193,-85.176943,-178.590734,Polar stereographic,South
945,ch2_tmc_ncf_20210601T0709442907_d_img_hw1.zip,2021-06-01T07:09:44.290Z,2021-06-01T07:16:10.480Z,954736000,103.17,View,-20.36198,-49.586587,-20.353181,-48.769602,-39.973618,-49.54486,-39.964711,-48.540889,Selenographic,Equatorial
946,ch2_tmc_ncf_20220610T1349093481_d_img_d32.zip,2022-06-10T13:49:09.348Z,2022-06-10T14:04:01.373Z,2205248000,113.7,View,29.938214,56.398373,29.933095,57.331173,-15.09239,56.655028,-15.099496,57.540116,Selenographic,Equatorial
947,ch2_tmc_ncn_20220608T1258481531_d_img_d32.zip,2022-06-08T12:58:48.153Z,2022-06-08T13:08:41.357Z,1466056000,107.03,View,-28.60888,83.756338,-28.597279,84.566375,-58.581832,84.221854,-58.56304,85.575941,Selenographic,Equatorial
948,ch2_tmc_ncf_20210516T1326375466_d_img_d18.zip,2021-05-16T13:26:37.546Z,2021-05-16T13:36:33.504Z,1473320000,110.78,View,-59.165795,157.253896,-59.180526,158.976392,-88.888125,136.693528,-88.893888,-179.261476,Polar stereographic,South
949,ch2_tmc_nca_20220626T0341284807_d_img_d32.zip,2022-06-26T03:41:28.480Z,2022-06-26T03:51:27.510Z,1480912000,111.47,View,-0.563425,-148.007202,-0.537629,-148.847434,-30.384631,-148.22227,-30.360342,-149.126764,Selenographic,Equatorial
950,ch2_tmc_nca_20220101T0308414328_d_img_d18.zip,2022-01-01T03:08:41.432Z,2022-01-01T03:27:57.653Z,2858384000,79.21,View,-63.105871,-166.619524,-63.103114,-168.142305,-2.89634,-167.671947,-2.888997,-168.273154,Selenographic,Equatorial
951,ch2_tmc_nca_20200623T0853439522_d_img_d18.zip,2020-06-23T08:53:43.952Z,2020-06-23T09:04:17.801Z,1566992000,110.23,View,63.401498,150.826817,63.358243,152.457443,31.400978,151.180444,31.353059,152.120502,Selenographic,Equatorial
952,ch2_tmc_ncn_20210518T1455584831_d_img_d18.zip,2021-05-18T14:55:58.483Z,2021-05-18T15:05:18.101Z,1383480000,105.05,View,-57.595415,129.793277,-57.576016,131.271224,-85.79941,131.044657,-85.730638,141.093413,Polar stereographic,South
953,ch2_tmc_ncf_20220707T1729565907_d_img_d32.zip,2022-07-07T17:29:56.590Z,2022-07-07T17:35:04.831Z,762032000,116.72,View,62.921571,57.91869,62.957784,56.047712,47.547473,58.390913,47.597745,57.070609,Selenographic,Equatorial
954,ch2_tmc_ncn_20211226T2301424667_d_img_d18.zip,2021-12-26T23:01:42.466Z,2021-12-26T23:21:01.755Z,2865968000,78.94,View,-61.717223,-101.265566,-61.69243,-102.583517,-1.701078,-100.129314,-1.688724,-100.641232,Selenographic,Equatorial
955,ch2_tmc_nca_20210513T1404316851_d_img_hw1.zip,2021-05-13T14:04:31.685Z,2021-05-13T14:09:33.280Z,747120000,117.03,View,-22.751947,-163.702738,-22.751849,-162.702942,-37.918702,-163.821639,-37.919878,-162.693227,Selenographic,Equatorial
956,ch2_tmc_ncf_20220101T0110303545_d_img_d18.zip,2022-01-01T01:10:30.354Z,2022-01-01T01:29:45.549Z,2855848000,79.07,View,-60.190305,-165.641257,-60.198196,-167.021844,-0.415011,-166.628448,-0.417517,-167.225113,Selenographic,Equatorial
957,ch2_tmc_ncn_20191206T0122222471_d_img_gds.zip,2019-12-06T01:22:22.247Z,2019-12-06T01:29:10.976Z,1010456000,95.15,View,7.92093,92.912805,7.908955,93.552018,28.850802,93.297926,28.836431,94.031797,Selenographic,Equatorial
958,ch2_tmc_ncf_20220120T1525473308_d_img_d18.zip,2022-01-20T15:25:47.330Z,2022-01-20T15:40:12.688Z,2139320000,99.13,View,-76.170433,115.620009,-76.130427,118.874997,-60.005865,-66.131173,-59.989088,-67.581426,Selenographic,Equatorial
959,ch2_tmc_nca_20200720T0528021945_d_img_d18.zip,2020-07-20T05:28:02.194Z,2020-07-20T05:38:40.140Z,1577120000,114.15,View,-30.611975,158.312281,-30.61993,157.31051,-62.595271,158.74771,-62.605607,156.876914,Selenographic,Equatorial
960,ch2_tmc_ncf_20221129T1233092765_d_img_d32.zip,2022-11-29T12:33:09.276Z,2022-11-29T12:41:03.508Z,1172392000,115.1,View,43.179388,130.769351,43.177796,131.820278,67.082211,130.012822,67.082403,132.092712,Selenographic,Equatorial
961,ch2_tmc_ncn_20221130T1213112313_d_img_d32.zip,2022-11-30T12:13:11.231Z,2022-11-30T12:21:02.509Z,1165088000,113.43,View,44.90731,118.251674,44.904025,119.21457,68.807327,118.044588,68.799816,120.039896,Selenographic,Equatorial
962,ch2_tmc_nca_20200204T1820552927_d_img_g26.zip,2020-02-04T18:20:55.292Z,2020-02-04T18:30:38.747Z,1440744000,82.59,View,-32.131564,12.388214,-32.132141,11.644423,-1.865509,12.276548,-1.866137,11.674374,Selenographic,Equatorial
963,ch2_tmc_ncf_20211226T2103295107_d_img_d18.zip,2021-12-26T21:03:29.510Z,2021-12-26T21:22:48.803Z,2865976000,79.08,View,-60.123194,-100.360348,-60.102095,-101.761852,-0.437892,-99.144042,-0.435554,-99.7158,Selenographic,Equatorial
964,ch2_tmc_nca_20211224T1749511513_d_img_d18.zip,2021-12-24T17:49:51.151Z,2021-12-24T17:58:38.613Z,1303984000,89.43,View,-62.79435,-71.732658,-62.7738,-73.277887,-35.575752,-71.212172,-35.565723,-72.010175,Selenographic,Equatorial
965,ch2_tmc_nca_20221126T1135283004_d_img_d32.zip,2022-11-26T11:35:28.300Z,2022-11-26T11:43:21.956Z,1170968000,113.43,View,46.300073,170.468486,46.311948,171.528749,70.423771,169.043137,70.444816,171.368802,Selenographic,Equatorial
966,ch2_tmc_nca_20221130T1609523729_d_img_d32.zip,2022-11-30T16:09:52.372Z,2022-11-30T16:17:41.977Z,1160952000,113.28,View,46.518665,116.086097,46.512668,117.186692,70.4335,115.86829,70.421064,118.260886,Selenographic,Equatorial
967,ch2_tmc_ncn_20210630T0620557900_d_img_hw1.zip,2021-06-30T06:20:55.790Z,2021-06-30T06:24:01.567Z,459280000,114.93,View,-71.53945,-67.133503,-71.579346,-69.558204,-80.828362,-63.035192,-80.90586,-67.790564,Polar stereographic,South
968,ch2_tmc_nca_20201126T1808573545_d_img_d32.zip,2020-11-26T18:08:57.354Z,2020-11-26T18:17:10.459Z,1219040000,98.26,View,-28.409982,69.093489,-28.422154,69.925917,-3.248064,69.570573,-3.260169,70.29915,Selenographic,Equatorial
969,ch2_tmc_ncn_20220704T0635221516_d_img_d32.zip,2022-07-04T06:35:22.151Z,2022-07-04T06:48:35.872Z,1962224000,116.16,View,61.147909,104.284439,61.136318,102.756202,21.25354,104.696139,21.24874,103.871604,Selenographic,Equatorial
970,ch2_tmc_ncf_20211113T0855227665_d_img_d18.zip,2021-11-13T08:55:22.766Z,2021-11-13T09:06:01.572Z,1579248000,102.87,View,-86.029822,-48.672074,-86.182602,-60.366418,-61.276849,112.474188,-61.296284,114.042357,Polar stereographic,South
971,ch2_tmc_ncn_20220531T0235403736_d_img_d32.zip,2022-05-31T02:35:40.373Z,2022-05-31T03:05:41.709Z,4453168000,122.05,View,61.963402,-165.333455,61.954745,-163.725173,-27.972232,-166.085276,-27.975795,-165.192051,Selenographic,Equatorial
972,ch2_tmc_ncn_20220724T0018097394_d_img_d32.zip,2022-07-24T00:18:09.739Z,2022-07-24T00:28:17.917Z,1501480000,134.17,View,61.277899,-155.476382,61.267431,-157.252402,31.348379,-155.788805,31.345337,-156.83159,Selenographic,Equatorial
973,ch2_tmc_nca_20220125T0333344587_d_img_d18.zip,2022-01-25T03:33:34.458Z,2022-01-25T03:43:39.538Z,1494552000,98.13,View,-87.934351,59.248266,-87.728662,79.974099,-61.223762,-125.168472,-61.210567,-126.663768,Polar stereographic,South
974,ch2_tmc_ncf_20220604T0546183712_d_img_d32.zip,2022-06-04T05:46:18.371Z,2022-06-04T06:16:10.369Z,4430080000,123.6,View,59.991286,140.104972,59.969665,141.668691,-30.170588,138.799794,-30.213717,139.835325,Selenographic,Equatorial
975,ch2_tmc_nca_20211220T1520129063_d_img_d32.zip,2021-12-20T15:20:12.906Z,2021-12-20T15:34:48.548Z,2164728000,86.85,View,-59.603679,-17.231988,-59.602403,-15.744957,-14.821686,-17.020812,-14.819956,-16.343315,Selenographic,Equatorial
976,ch2_tmc_ncf_20200801T1028007876_d_img_d18.zip,2020-08-01T10:28:00.787Z,2020-08-01T10:38:35.791Z,1569848000,107.43,View,-27.126892,-2.621196,-27.131348,-3.573154,-59.207684,-2.21775,-59.212833,-3.772386,Selenographic,Equatorial
977,ch2_tmc_ncf_20200724T0747179769_d_img_d18.zip,2020-07-24T07:47:17.976Z,2020-07-24T07:57:53.874Z,1572056000,111.61,View,-26.996778,104.362298,-27.017301,103.414842,-58.962765,105.786823,-58.996506,104.190958,Selenographic,Equatorial
978,ch2_tmc_ncn_20220121T1658022047_d_img_d18.zip,2022-01-21T16:58:02.204Z,2022-01-21T17:13:03.514Z,2228200000,100.09,View,-74.506034,101.900138,-74.467481,104.592129,-59.81999,-80.49207,-59.802087,-81.805326,Selenographic,Equatorial
979,ch2_tmc_ncn_20220519T2003439820_d_img_d18.zip,2022-05-19T20:03:43.982Z,2022-05-19T20:13:22.222Z,1429520000,114.65,View,60.993973,-16.722587,60.985863,-15.155282,31.993694,-16.810759,31.98878,-15.896707,Selenographic,Equatorial
980,ch2_tmc_ncf_20221118T0026353667_d_img_d32.zip,2022-11-18T00:26:35.366Z,2022-11-18T00:34:27.466Z,1167120000,105.52,View,43.097993,-77.29907,43.089803,-76.282573,67.093183,-77.118312,67.076568,-75.155606,Selenographic,Equatorial
981,ch2_tmc_nca_20200725T1515214117_d_img_d18.zip,2020-07-25T15:15:21.411Z,2020-07-25T15:25:59.483Z,1577432000,114.46,View,-30.80525,87.270732,-30.827303,86.244768,-62.658369,89.125553,-62.697186,87.268393,Selenographic,Equatorial
982,ch2_tmc_nca_20220622T2040406323_d_img_d32.zip,2022-06-22T20:40:40.632Z,2022-06-22T21:10:35.698Z,4437720000,110.55,View,59.54288,-104.735232,59.521383,-106.379851,-30.360874,-103.877945,-30.37509,-104.807217,Selenographic,Equatorial
983,ch2_tmc_ncf_20200628T0704222211_d_img_d18.zip,2020-06-28T07:04:22.221Z,2020-06-28T07:15:02.341Z,1582496000,118.99,View,63.56581,85.085687,63.530483,83.292522,31.607931,86.248172,31.589066,85.214923,Selenographic,Equatorial
984,ch2_tmc_ncn_20200718T0616404561_d_img_d18.zip,2020-07-18T06:16:40.456Z,2020-07-18T06:27:14.431Z,1567304000,109.37,View,-29.117108,-176.254374,-29.128932,-177.13705,-60.985226,-175.785719,-61.002751,-177.320594,Selenographic,Equatorial
985,ch2_tmc_ncf_20220729T0646079159_d_img_d32.zip,2022-07-29T06:46:07.915Z,2022-07-29T07:06:16.348Z,2989680000,124.22,View,32.27527,135.850117,32.276765,134.797007,-27.703035,135.571543,-27.701548,134.567584,Selenographic,Equatorial
986,ch2_tmc_ncf_20211211T1040426711_d_img_d32.zip,2021-12-11T10:40:42.671Z,2021-12-11T11:09:56.906Z,4336776000,94.77,View,-62.754169,102.327506,-62.777548,103.911166,27.317016,104.464843,27.30491,105.249239,Selenographic,Equatorial
987,ch2_tmc_nca_20221125T0758491264_d_img_d32.zip,2022-11-25T07:58:49.126Z,2022-11-25T08:06:44.909Z,1176224000,111.07,View,46.19976,-174.173367,46.209668,-173.130384,70.467937,-175.729832,70.488431,-173.441991,Selenographic,Equatorial
988,ch2_tmc_ncf_20200618T0449412205_d_img_d18.zip,2020-06-18T04:49:41.220Z,2020-06-18T05:00:12.393Z,1560376000,124.28,View,60.074351,-142.239519,60.075836,-140.547768,28.621203,-141.345984,28.614783,-140.330744,Selenographic,Equatorial
989,ch2_tmc_ncn_20220131T0647189484_d_img_d18.zip,2022-01-31T06:47:18.948Z,2022-01-31T07:02:09.950Z,2202720000,86.9,View,-74.523064,-27.632178,-74.529847,-25.284206,-59.603105,154.946633,-59.607315,153.813253,Selenographic,Equatorial
990,ch2_tmc_ncn_20220511T0809312081_d_img_d18.zip,2022-05-11T08:09:31.208Z,2022-05-11T08:27:24.703Z,2653880000,109.89,View,60.393873,93.345699,60.413637,94.699576,6.109851,94.803245,6.121191,95.535541,Selenographic,Equatorial
991,ch2_tmc_nca_20200101T0442246060_d_img_d18.zip,2020-01-01T04:42:24.606Z,2020-01-01T04:51:58.428Z,1417640000,85,View,-0.791515,108.67939,-0.728845,108.07138,28.80243,109.301915,28.869603,108.58175,Selenographic,Equatorial
992,ch2_tmc_nca_20211114T1617333024_d_img_d18.zip,2021-11-14T16:17:33.302Z,2021-11-14T16:28:06.594Z,1565616000,92.31,View,-88.592355,-17.520413,-89.167863,-38.065966,-58.139429,95.263564,-58.159012,96.545397,Polar stereographic,South
993,ch2_tmc_nca_20220707T0956149331_d_img_d32.zip,2022-07-07T09:56:14.933Z,2022-07-07T10:06:11.585Z,1477112000,125.93,View,-0.812334,64.509005,-0.748194,63.545008,-30.407216,64.894404,-30.351048,63.777211,Selenographic,Equatorial
994,ch2_tmc_ncf_20220625T0543144363_d_img_d32.zip,2022-06-25T05:43:14.436Z,2022-06-25T06:13:17.825Z,4458272000,112.44,View,63.092658,-134.903804,63.177315,-136.760575,-26.811276,-137.189549,-26.722156,-138.07289,Selenographic,Equatorial
995,ch2_tmc_ncf_20200714T0555291545_d_img_d18.zip,2020-07-14T05:55:29.154Z,2020-07-14T06:06:01.814Z,1562240000,103.15,View,-26.938323,-122.701539,-26.996413,-123.612987,-58.986054,-121.482619,-59.046339,-122.932245,Selenographic,Equatorial
996,ch2_tmc_ncf_20220529T0518516009_d_img_d18.zip,2022-05-29T05:18:51.600Z,2022-05-29T05:38:50.779Z,2964584000,114.51,View,-0.443828,-140.728587,-0.44766,-139.763641,-60.252218,-141.120632,-60.252909,-139.355525,Selenographic,Equatorial
997,ch2_tmc_ncn_20211225T2135027835_d_img_d18.zip,2021-12-25T21:35:02.783Z,2021-12-25T21:44:14.153Z,1363088000,81.65,View,-30.156404,-86.435526,-30.147349,-87.107831,-1.556056,-86.073968,-1.547927,-86.616363,Selenographic,Equatorial
998,ch2_tmc_ncf_20220131T0251384121_d_img_d18.zip,2022-01-31T02:51:38.412Z,2022-01-31T03:06:31.336Z,2207472000,87.09,View,-75.967146,-25.796972,-75.975679,-22.924696,-58.189754,157.113939,-58.194098,155.90663,Selenographic,Equatorial
999,ch2_tmc_ncn_20220110T1352097832_d_img_d32.zip,2022-01-10T13:52:09.783Z,2022-01-10T14:07:04.757Z,2212536000,90.68,View,-75.142205,-111.18106,-75.110076,-108.6369,-58.99585,66.687271,-58.982264,65.525935,Polar stereographic,South
1000,ch2_tmc_ncn_20210522T1506566755_d_img_d18.zip,2021-05-22T15:06:56.675Z,2021-05-22T15:16:55.704Z,1480912000,112.41,,-57.500148,78.702933,-57.473539,80.150492,-87.570489,93.621387,-87.273478,108.655709,Polar stereographic,South
1001,ch2_tmc_nca_20220118T1617245749_d_img_d32.zip,2022-01-18T16:17:24.574Z,2022-01-18T16:32:36.364Z,2253168000,104.9,View,-72.876885,139.330117,-72.872462,142.113611,-61.029028,-38.921178,-61.029322,-40.510607,Selenographic,Equatorial
1002,ch2_tmc_ncf_20220630T0214571992_d_img_d32.zip,2022-06-30T02:14:57.199Z,2022-06-30T02:24:54.160Z,1475800000,115.69,View,3.219035,160.52931,3.230968,159.680858,-26.771935,160.304776,-26.75917,159.348394,Selenographic,Equatorial
1003,ch2_tmc_ncf_20221123T0839171051_d_img_d32.zip,2022-11-23T08:39:17.105Z,2022-11-23T08:47:07.120Z,1161968000,103.54,View,43.431468,-147.824521,43.411644,-146.935371,67.223128,-148.678917,67.205247,-146.912035,Selenographic,Equatorial
1004,ch2_tmc_nca_20220628T0233067044_d_img_d32.zip,2022-06-28T02:33:06.704Z,2022-06-28T02:43:03.818Z,1476176000,116.05,View,59.567901,-171.673257,59.680465,-173.309814,29.529814,-172.924315,29.635346,-173.91516,Selenographic,Equatorial
1005,ch2_tmc_ncf_20220701T0731304224_d_img_d32.zip,2022-07-01T07:31:30.422Z,2022-07-01T08:01:14.224Z,4409816000,115.23,View,62.83387,145.214904,62.935176,143.560619,-26.648402,140.291346,-26.471455,139.373933,Selenographic,Equatorial
1006,ch2_tmc_ncf_20191130T1326533561_d_img_d18.zip,2019-11-30T13:26:53.356Z,2019-11-30T13:36:22.501Z,1407824000,90.88,View,-1.432762,164.964799,-1.428451,165.558082,27.871822,164.915276,27.875904,165.652545,Selenographic,Equatorial
1007,ch2_tmc_nca_20221129T1034507570_d_img_d32.zip,2022-11-29T10:34:50.757Z,2022-11-29T10:42:39.860Z,1159712000,115.18,View,46.476022,131.749525,46.476451,132.865582,70.288912,130.750177,70.292619,133.158697,Selenographic,Equatorial
1008,ch2_tmc_nca_20211225T1935191982_d_img_d18.zip,2021-12-25T19:35:19.198Z,2021-12-25T19:45:04.350Z,1446600000,82.2,View,-36.204593,-85.406933,-36.193238,-86.224452,-5.774948,-85.024446,-5.766428,-85.635921,Selenographic,Equatorial
1009,ch2_tmc_ncn_20220109T1219587048_d_img_d32.zip,2022-01-09T12:19:58.704Z,2022-01-09T12:34:58.794Z,2225176000,94.5,View,-75.041584,-96.428627,-75.001112,-93.879744,-58.95217,80.49054,-58.934091,79.282146,Polar stereographic,South
1010,ch2_tmc_ncf_20220112T1300186367_d_img_d32.zip,2022-01-12T13:00:18.636Z,2022-01-12T13:15:15.785Z,2217888000,89.38,View,-76.070349,-139.130788,-76.053619,-136.130204,-58.065353,41.095936,-58.059223,39.859304,Selenographic,Equatorial
1011,ch2_tmc_ncn_20220614T1810117259_d_img_d32.zip,2022-06-14T18:10:11.725Z,2022-06-14T18:11:50.188Z,243416000,108.09,View,22.816339,2.066021,22.815279,2.846149,17.871432,2.042334,17.863822,2.796969,Selenographic,Equatorial
1012,ch2_tmc_ncf_20220601T0820436887_d_img_d32.zip,2022-06-01T08:20:43.688Z,2022-06-01T08:50:43.876Z,4450360000,123.27,View,60.538136,178.103981,60.531316,179.788112,-29.488909,177.647948,-29.494664,178.663522,Selenographic,Equatorial
1013,ch2_tmc_ncf_20201122T1329344582_d_img_d18.zip,2020-11-22T13:29:34.458Z,2020-11-22T13:39:53.785Z,1529344000,95.36,View,-2.450861,124.97095,-2.457421,125.604783,29.252242,125.222157,29.243776,126.013841,Selenographic,Equatorial
1014,ch2_tmc_ncf_20210530T0526425305_d_img_hw1.zip,2021-05-30T05:26:42.530Z,2021-05-30T05:33:30.366Z,1008248000,101.08,View,-60.74875,-22.963762,-60.74971,-21.385646,-81.497031,-24.57267,-81.495684,-19.568637,Polar stereographic,South
1015,ch2_tmc_ncf_20220629T1027326147_d_img_d32.zip,2022-06-29T10:27:32.614Z,2022-06-29T10:37:30.621Z,1478368000,115.73,View,3.291099,169.063066,3.29753,168.206212,-26.706086,168.879928,-26.699251,167.930736,Selenographic,Equatorial
1016,ch2_tmc_ncn_20191207T1040107224_d_img_d18.zip,2019-12-07T10:40:10.722Z,2019-12-07T10:49:47.352Z,1425536000,90.56,View,0.260312,74.452237,0.249607,75.039248,29.950168,74.987681,29.937886,75.678954,Selenographic,Equatorial
1017,ch2_tmc_ncn_20200608T2023424886_d_img_d18.zip,2020-06-08T20:23:42.488Z,2020-06-08T20:29:34.790Z,870960000,109.07,View,47.272419,-17.670345,47.277871,-16.587638,29.484664,-17.513131,29.489273,-16.666812,Selenographic,Equatorial
1018,ch2_tmc_ncn_20200527T0859584815_d_img_d18.zip,2020-05-27T08:59:58.481Z,2020-05-27T09:09:46.970Z,1455928000,95.38,View,60.600221,146.819632,60.605095,148.024219,30.350822,147.188981,30.354091,147.90582,Selenographic,Equatorial
1019,ch2_tmc_nca_20220111T1128205265_d_img_d32.zip,2022-01-11T11:28:20.526Z,2022-01-11T11:43:14.600Z,2210304000,87.44,View,-73.156814,-123.994194,-73.131668,-121.532751,-60.74721,54.9047,-60.735472,53.593198,Selenographic,Equatorial
1020,ch2_tmc_ncn_20221118T0026353667_d_img_n18.zip,2022-11-18T00:26:35.366Z,2022-11-18T00:34:27.466Z,1167120000,105.52,View,44.669784,-77.242135,44.662257,-76.301326,68.711833,-76.997301,68.69589,-75.100997,Selenographic,Equatorial
1021,ch2_tmc_nca_20221201T1351354757_d_img_n18.zip,2022-12-01T13:51:35.475Z,2022-12-01T13:59:25.406Z,1162816000,114.35,View,46.450001,104.358101,46.443594,105.480721,70.402746,104.369008,70.386331,106.820157,Selenographic,Equatorial
1022,ch2_tmc_ncn_20200723T1207169437_d_img_d18.zip,2020-07-23T12:07:16.943Z,2020-07-23T12:17:51.944Z,1569840000,110.09,View,-28.679549,115.155294,-28.693859,114.302668,-60.615186,116.496173,-60.639242,115.014101,Selenographic,Equatorial
1023,ch2_tmc_nca_20211205T0714574930_d_img_d18.zip,2021-12-05T07:14:57.493Z,2021-12-05T07:34:46.371Z,2939120000,97.36,View,1.2704,-174.594915,1.272753,-173.925349,62.263852,-175.426646,62.267902,-173.945112,Selenographic,Equatorial
1024,ch2_tmc_nca_20220102T0445228360_d_img_d18.zip,2022-01-02T04:45:22.836Z,2022-01-02T05:04:37.841Z,2853320000,79.28,View,-62.91613,178.77157,-62.922917,177.285212,-2.755215,177.977291,-2.761361,177.376802,Selenographic,Equatorial
1025,ch2_tmc_ncn_20220713T2144027473_d_img_d32.zip,2022-07-13T21:44:02.747Z,2022-07-13T21:47:08.553Z,461008000,121.18,View,25.651485,-21.562279,25.655119,-22.471696,16.3584,-21.687178,16.361925,-22.53313,Selenographic,Equatorial
1026,ch2_tmc_ncn_20221125T0402118152_d_img_d32.zip,2022-11-25T04:02:11.815Z,2022-11-25T04:09:59.798Z,1156944000,109.61,View,44.762103,-171.951076,44.770038,-171.040331,68.540293,-173.315614,68.558652,-171.445463,Selenographic,Equatorial
1027,ch2_tmc_ncf_20220720T0332127444_d_img_d32.zip,2022-07-20T03:32:12.744Z,2022-07-20T03:45:39.652Z,1994816000,131.13,View,63.523932,-104.345326,63.516467,-106.395485,23.723446,-104.011852,23.728717,-105.055423,Selenographic,Equatorial
1028,ch2_tmc_ncn_20200623T0259161206_d_img_d18.zip,2020-06-23T02:59:16.120Z,2020-06-23T03:09:53.437Z,1574592000,110.88,View,61.814617,154.193341,61.818275,155.582776,29.554518,154.527634,29.55681,155.355912,Selenographic,Equatorial
1029,ch2_tmc_ncf_20221201T1351354757_d_img_d32.zip,2022-12-01T13:51:35.475Z,2022-12-01T13:59:25.406Z,1162816000,114.35,View,43.197713,104.328067,43.189994,105.386876,66.927136,104.365679,66.912504,106.459688,Selenographic,Equatorial
1030,ch2_tmc_ncf_20220725T0012206778_d_img_d32.zip,2022-07-25T00:12:20.677Z,2022-07-25T00:22:26.881Z,1498632000,128.17,View,23.165804,-168.790615,23.236343,-169.823678,-6.811902,-169.083621,-6.737,-170.024162,Selenographic,Equatorial
1031,ch2_tmc_nca_20220609T1621036093_d_img_d32.zip,2022-06-09T16:21:03.609Z,2022-06-09T16:40:52.420Z,2938936000,109.47,View,3.351132,68.332902,3.359219,69.152532,-56.54657,68.774803,-56.53106,70.248609,Selenographic,Equatorial
1032,ch2_tmc_nca_20220127T0434599670_d_img_d18.zip,2022-01-27T04:34:59.967Z,2022-01-27T04:50:07.349Z,2243216000,96.91,View,-72.694588,26.927113,-72.69757,29.691394,-61.079509,-150.637274,-61.083206,-152.107199,Selenographic,Equatorial
1033,ch2_tmc_nca_20200725T0924179646_d_img_d18.zip,2020-07-25T09:24:17.964Z,2020-07-25T09:31:57.896Z,1139184000,114.35,View,-39.556682,90.77111,-39.579988,89.653477,-62.56729,92.295364,-62.604467,90.472287,Selenographic,Equatorial
1034,ch2_tmc_ncf_20200630T1215224158_d_img_d18.zip,2020-06-30T12:15:22.415Z,2020-06-30T12:26:04.555Z,1587488000,122.22,View,63.421657,56.616951,63.397722,54.827137,31.458556,57.375839,31.446473,56.311669,Selenographic,Equatorial
1035,ch2_tmc_nca_20201122T0735452156_d_img_d18.zip,2020-11-22T07:35:45.215Z,2020-11-22T07:46:06.774Z,1536608000,95.94,View,0.085711,128.215834,0.078953,128.847142,32.170851,128.408835,32.161932,129.224697,Selenographic,Equatorial
1036,ch2_tmc_nca_20220603T0757156387_d_img_d32.zip,2022-06-03T07:57:15.638Z,2022-06-03T08:27:06.736Z,4427888000,123.49,View,63.202834,152.514529,63.14462,154.235004,-26.252581,149.877781,-26.353569,150.874178,Selenographic,Equatorial
1037,ch2_tmc_ncn_20221122T0304081779_d_img_d32.zip,2022-11-22T03:04:08.177Z,2022-11-22T03:11:58.697Z,1163608000,102.63,View,44.681814,-131.310959,44.679695,-130.474815,68.834894,-131.492472,68.829322,-129.742138,Selenographic,Equatorial
1038,ch2_tmc_ncf_20220623T0442486921_d_img_d32.zip,2022-06-23T04:42:48.692Z,2022-06-23T05:02:44.845Z,2957096000,111.24,View,33.013809,-108.817107,33.005661,-109.843665,-27.0201,-108.39133,-27.026517,-109.296473,Selenographic,Equatorial
1039,ch2_tmc_nca_20220517T2258012964_d_img_d18.zip,2022-05-17T22:58:01.296Z,2022-05-17T23:07:32.352Z,1411760000,112.36,View,62.875347,8.502971,62.866019,10.278675,34.199875,8.366431,34.195842,9.385362,Selenographic,Equatorial
1040,ch2_tmc_nca_20210531T0528522041_d_img_hw1.zip,2021-05-31T05:28:52.204Z,2021-05-31T05:36:07.500Z,1076136000,100.17,View,-56.841497,-35.878081,-56.84784,-34.47086,-79.164295,-36.822439,-79.166573,-32.902777,Polar stereographic,South
1041,ch2_tmc_nca_20200729T1140552399_d_img_d18.zip,2020-07-29T11:40:55.239Z,2020-07-29T11:51:35.363Z,1582504000,116.92,View,-30.397044,36.545182,-30.407083,35.514288,-62.248761,37.350056,-62.26402,35.513076,Selenographic,Equatorial
1042,ch2_tmc_ncn_20200802T1557437540_d_img_d18.zip,2020-08-02T15:57:43.754Z,2020-08-02T16:08:13.635Z,1557184000,101.39,View,-29.147501,-19.178554,-29.150205,-20.018135,-61.047316,-18.806072,-61.051521,-20.207024,Selenographic,Equatorial
1043,ch2_tmc_ncf_20221120T0145293060_d_img_d32.zip,2022-11-20T01:45:29.306Z,2022-11-20T01:53:19.663Z,1161336000,105.45,View,43.299075,-104.248799,43.286519,-103.286346,67.213902,-103.912038,67.190038,-102.010678,Selenographic,Equatorial
1044,ch2_tmc_nca_20220602T0610114617_d_img_d32.zip,2022-06-02T06:10:11.461Z,2022-06-02T06:40:10.334Z,4448152000,124.08,View,63.275498,166.518699,63.141933,168.312264,-25.529988,160.765636,-25.770942,161.728355,Selenographic,Equatorial
1045,ch2_tmc_ncn_20211209T1133073350_d_img_d32.zip,2021-12-09T11:33:07.335Z,2021-12-09T11:57:32.674Z,3622576000,99.4,View,-31.178827,129.917239,-31.181337,130.658876,43.777065,130.060178,43.773458,130.960151,Selenographic,Equatorial
1046,ch2_tmc_ncf_20221203T1311391932_d_img_n18.zip,2022-12-03T13:11:39.193Z,2022-12-03T13:19:31.451Z,1167512000,115.5,View,43.222326,78.445695,43.2137,79.477113,67.087315,78.558232,67.069341,80.66422,Selenographic,Equatorial
1047,ch2_tmc_ncf_20200108T0006239646_d_img_mad.zip,2020-01-08T00:06:23.964Z,2020-01-08T00:16:16.985Z,1466056000,97.46,View,-24.478769,18.459312,-24.476042,17.666594,5.776975,18.362928,5.77964,17.64841,Selenographic,Equatorial
1048,ch2_tmc_ncn_20211114T1039153763_d_img_d18.zip,2021-11-14T10:39:15.376Z,2021-11-14T10:50:05.544Z,1607336000,93.36,View,-47.940607,99.204311,-47.953844,100.135849,-14.612102,99.977415,-14.621096,100.622591,Selenographic,Equatorial
1049,ch2_tmc_nca_20200721T0305423442_d_img_d32.zip,2020-07-21T03:05:42.344Z,2020-07-21T03:16:18.238Z,1572048000,114.62,View,-30.735452,146.366041,-30.740552,145.385505,-62.637044,146.868917,-62.642531,145.023556,Selenographic,Equatorial
1050,ch2_tmc_ncf_20200722T0637288740_d_img_d32.zip,2020-07-22T06:37:28.874Z,2020-07-22T06:48:03.752Z,1569536000,111.25,View,-27.320957,131.293052,-27.346001,130.349016,-59.292761,132.152146,-59.323891,130.53424,Selenographic,Equatorial
1051,ch2_tmc_nca_20221123T0442392585_d_img_d32.zip,2022-11-23T04:42:39.258Z,2022-11-23T04:50:26.210Z,1154392000,102.05,View,46.268886,-145.688382,46.278366,-144.715014,70.251003,-146.65981,70.264686,-144.554013,Selenographic,Equatorial
1052,ch2_tmc_nca_20220603T0558165626_d_img_d32.zip,2022-06-03T05:58:16.562Z,2022-06-03T06:28:07.534Z,4427560000,123.52,View,63.145177,153.572407,63.118312,155.2898,-26.499427,152.176644,-26.541319,153.176603,Selenographic,Equatorial
1053,ch2_tmc_nca_20220703T1249203502_d_img_d32.zip,2022-07-03T12:49:20.350Z,2022-07-03T13:19:11.449Z,4427872000,114.58,View,59.35252,114.396994,59.336905,112.796919,-30.593208,114.980666,-30.603614,114.010487,Selenographic,Equatorial
1054,ch2_tmc_ncf_20211208T0946376155_d_img_d32.zip,2021-12-08T09:46:37.615Z,2021-12-08T10:11:02.954Z,3622560000,99.18,View,-62.905838,143.73676,-62.90797,145.270753,12.070037,143.900072,12.066712,144.638651,Selenographic,Equatorial
1055,ch2_tmc_nca_20220620T2127555973_d_img_d32.zip,2022-06-20T21:27:55.597Z,2022-06-20T21:57:38.502Z,4407648000,104.98,View,63.441087,-80.681932,63.448293,-78.82814,-26.590677,-79.22764,-26.597086,-78.354269,Selenographic,Equatorial
1056,ch2_tmc_ncf_20191130T0140047420_d_img_d18.zip,2019-11-30T01:40:04.742Z,2019-11-30T01:49:41.375Z,1425544000,89.18,View,-2.007913,171.585836,-1.978798,172.178178,27.694895,171.528403,27.725578,172.254158,Selenographic,Equatorial
1057,ch2_tmc_ncf_20220628T0233067012_d_img_d32.zip,2022-06-28T02:33:06.701Z,2022-06-28T02:43:03.818Z,1476176000,116.05,View,63.061586,-171.408315,62.971968,-173.237247,33.22694,-172.811233,33.118653,-173.839325,Selenographic,Equatorial
1058,ch2_tmc_ncf_20200606T1904309386_d_img_d18.zip,2020-06-06T19:04:30.938Z,2020-06-06T19:15:05.939Z,1569840000,106.62,View,61.776582,9.617616,61.780603,11.255835,29.528131,9.980021,29.531053,10.899511,Selenographic,Equatorial
1059,ch2_tmc_nca_20200710T2315124259_d_img_d18.zip,2020-07-10T23:15:12.425Z,2020-07-10T23:25:40.129Z,1551800000,101.56,View,-30.550934,-79.010643,-30.568343,-79.870521,-62.393308,-77.270574,-62.424262,-78.833529,Selenographic,Equatorial
1060,ch2_tmc_nca_20220525T2157424805_d_img_d18.zip,2022-05-25T21:57:42.480Z,2022-05-25T22:17:12.393Z,2892232000,114.7,View,3.578899,-95.997375,3.519682,-95.103076,-55.198669,-96.016834,-55.225493,-94.53405,Selenographic,Equatorial
1061,ch2_tmc_nca_20201127T0953148536_d_img_d32.zip,2020-11-27T09:53:14.853Z,2020-11-27T10:12:45.412Z,2893792000,97.9,View,-28.509816,60.091178,-28.499274,60.880867,31.554182,61.263869,31.567414,62.11251,Selenographic,Equatorial
1062,ch2_tmc_ncn_20220724T0445194125_d_img_d32.zip,2022-07-24T04:45:19.412Z,2022-07-24T04:55:17.552Z,1478704000,109.48,View,-28.801376,-157.826339,-28.796065,-158.749193,-58.779223,-158.11368,-58.770493,-159.507867,Selenographic,Equatorial
1063,ch2_tmc_ncn_20221123T0442392585_d_img_n18.zip,2022-11-23T04:42:39.258Z,2022-11-23T04:44:09.689Z,223568000,93.04,View,44.848301,-145.604303,44.85204,-144.771229,49.498795,-145.694776,49.502949,-144.776699,Selenographic,Equatorial
1064,ch2_tmc_ncf_20200603T1219138261_d_img_d18.zip,2020-06-03T12:19:13.826Z,2020-06-03T12:29:06.102Z,1466056000,106.96,View,59.702547,51.335223,59.71988,52.789222,29.439983,52.504641,29.447764,53.415759,Selenographic,Equatorial
1065,ch2_tmc_ncn_20220126T0302597871_d_img_d18.zip,2022-01-26T03:02:59.787Z,2022-01-26T03:18:06.213Z,2240376000,96.29,View,-74.6176,42.232099,-74.601753,45.003865,-59.429496,-137.540356,-59.423454,-138.790004,Selenographic,Equatorial
1066,ch2_tmc_ncn_20220601T0820436887_d_img_d32.zip,2022-06-01T08:20:43.688Z,2022-06-01T08:50:43.876Z,4450352000,123.27,View,62.28639,178.153203,62.282425,179.756981,-27.613257,177.775196,-27.614516,178.673003,Selenographic,Equatorial
1067,ch2_tmc_ncn_20220201T0225455692_d_img_d18.zip,2022-02-01T02:25:45.569Z,2022-02-01T02:39:47.743Z,2082008000,87.3,View,-74.648944,-37.929428,-74.651515,-35.555979,-62.020229,144.142882,-62.02081,142.914881,Selenographic,Equatorial
1068,ch2_tmc_ncf_20200712T0048166653_d_img_d18.zip,2020-07-12T00:48:16.665Z,2020-07-12T00:58:47.443Z,1559400000,103.7,View,-24.396758,-93.094983,-24.439468,-93.966461,-56.342868,-91.747081,-56.39752,-93.126044,Selenographic,Equatorial
1069,ch2_tmc_ncf_20200617T0115145094_d_img_d18.zip,2020-06-17T01:15:14.509Z,2020-06-17T01:26:01.638Z,1599824000,125.35,View,59.915695,-127.358599,59.921432,-125.612552,27.649955,-126.088855,27.643492,-125.048504,Selenographic,Equatorial
1070,ch2_tmc_ncn_20211220T1734386913_d_img_d32.zip,2021-12-20T17:34:38.691Z,2021-12-20T17:49:05.114Z,2141904000,84.1,View,-11.106764,-18.069574,-11.104099,-17.475427,33.843134,-18.33641,33.845838,-17.652484,Selenographic,Equatorial
1071,ch2_tmc_ncn_20200625T0809314916_d_img_d18.zip,2020-06-25T08:09:31.491Z,2020-06-25T08:20:09.567Z,1577440000,114.98,View,62.189076,123.663389,62.208363,125.176461,30.049184,124.746787,30.061776,125.626381,Selenographic,Equatorial
1072,ch2_tmc_ncn_20200725T0924179646_d_img_d18.zip,2020-07-25T09:24:17.964Z,2020-07-25T09:31:57.899Z,1139192000,114.35,View,-37.738886,90.64065,-37.758967,89.662086,-60.798222,91.998166,-60.829459,90.451835,Selenographic,Equatorial
1073,ch2_tmc_nca_20200725T1317195551_d_img_d18.zip,2020-07-25T13:17:19.555Z,2020-07-25T13:27:59.549Z,1582184000,114.42,View,-30.722527,88.309831,-30.740316,87.288617,-62.678128,90.129231,-62.711476,88.275981,Selenographic,Equatorial
1074,ch2_tmc_ncf_20220530T0307541983_d_img_d32.zip,2022-05-30T03:07:54.198Z,2022-05-30T03:27:54.444Z,2967200000,114.4,View,-0.277176,-152.801569,-0.282007,-151.835939,-60.049929,-153.746751,-60.056911,-151.986283,Selenographic,Equatorial
1075,ch2_tmc_nca_20221130T1014486607_d_img_d32.zip,2022-11-30T10:14:48.660Z,2022-11-30T10:22:38.391Z,1161264000,113.18,View,46.392556,119.240986,46.392012,120.341928,70.307414,118.89964,70.302393,121.282864,Selenographic,Equatorial
1076,ch2_tmc_nca_20220722T0453004780_d_img_d32.zip,2022-07-22T04:53:00.478Z,2022-07-22T05:16:42.935Z,3516512000,131.11,View,59.302398,-131.069926,59.292307,-132.903726,-10.61867,-131.224766,-10.624481,-132.181373,Selenographic,Equatorial
1077,ch2_tmc_nca_20220120T2317118001_d_img_d18.zip,2022-01-20T23:17:11.800Z,2022-01-20T23:32:15.983Z,2235304000,98.78,View,-72.696708,111.212086,-72.660999,113.837155,-61.262015,-70.634861,-61.24328,-72.140858,Selenographic,Equatorial
1078,ch2_tmc_ncn_20220527T0522066274_d_img_d18.zip,2022-05-27T05:22:06.627Z,2022-05-27T05:32:09.889Z,1491376000,126.48,View,61.55278,-113.915182,61.551826,-112.169649,31.540449,-113.610067,31.544397,-112.609309,Selenographic,Equatorial
1079,ch2_tmc_nca_20221125T0957072022_d_img_d32.zip,2022-11-25T09:57:07.202Z,2022-11-25T10:05:03.783Z,1178200000,111.17,View,46.128215,-175.250253,46.136955,-174.206134,70.437978,-176.779218,70.456988,-174.488898,Selenographic,Equatorial
1080,ch2_tmc_nca_20200720T1121569308_d_img_d32.zip,2020-07-20T11:21:56.930Z,2020-07-20T11:32:33.853Z,1574592000,114.55,View,-30.667832,155.033681,-30.673496,154.047773,-62.603836,155.421332,-62.610392,153.570994,Selenographic,Equatorial
1081,ch2_tmc_ncn_20221118T2208306167_d_img_d32.zip,2022-11-18T22:08:30.616Z,2022-11-18T22:16:19.784Z,1159872000,103.78,View,44.668669,-89.037903,44.659463,-88.131416,68.629161,-88.618691,68.610101,-86.786191,Selenographic,Equatorial
1082,ch2_tmc_ncn_20200702T1355037620_d_img_d18.zip,2020-07-02T13:55:03.762Z,2020-07-02T14:00:06.863Z,749328000,128.27,View,-13.269531,31.07546,-13.278072,30.18315,-28.250906,31.141527,-28.259934,30.160176,Selenographic,Equatorial
1083,ch2_tmc_ncf_20200622T0717449080_d_img_d18.zip,2020-06-22T07:17:44.908Z,2020-06-22T07:28:25.283Z,1582496000,115.89,View,60.004736,164.81269,60.012154,166.339102,27.609951,165.198998,27.616202,166.138215,Selenographic,Equatorial
1084,ch2_tmc_nca_20220131T0251384153_d_img_d18.zip,2022-01-31T02:51:38.415Z,2022-01-31T03:06:31.333Z,2207456000,87.09,View,-73.01466,-25.440535,-73.021279,-23.037077,-60.884138,157.20594,-60.889401,155.892443,Selenographic,Equatorial
1085,ch2_tmc_nca_20211201T0246136802_d_img_d18.zip,2021-12-01T02:46:13.680Z,2021-12-01T02:58:56.189Z,1885064000,84.93,View,1.035212,-119.66028,1.034153,-119.019221,40.442719,-119.400499,40.436789,-118.602761,Selenographic,Equatorial
1086,ch2_tmc_ncn_20210512T1428354838_d_img_hw1.zip,2021-05-12T14:28:35.483Z,2021-05-12T14:33:55.765Z,791800000,104.92,View,-47.574798,-150.627219,-47.575346,-149.478468,-63.76713,-150.7661,-63.764045,-149.115517,Selenographic,Equatorial
1087,ch2_tmc_ncn_20220111T0930287739_d_img_d32.zip,2022-01-11T09:30:28.773Z,2022-01-11T09:45:22.847Z,2210288000,87.26,View,-74.607216,-122.644324,-74.582496,-120.232437,-59.440174,55.948057,-59.429592,54.815747,Selenographic,Equatorial
1088,ch2_tmc_ncn_20220125T1911266677_d_img_d18.zip,2022-01-25T19:11:26.667Z,2022-01-25T19:26:31.879Z,2237848000,96.36,View,-74.324576,46.955499,-74.302524,49.688317,-59.788068,-133.515745,-59.778976,-134.779557,Selenographic,Equatorial
1089,ch2_tmc_ncf_20220118T1617245684_d_img_d32.zip,2022-01-18T16:17:24.568Z,2022-01-18T16:32:36.364Z,2253208000,104.9,View,-76.335428,139.054853,-76.331422,142.517491,-57.779071,-38.992088,-57.778316,-40.433163,Selenographic,Equatorial
1090,ch2_tmc_ncf_20210516T0532068398_d_img_d18.zip,2021-05-16T05:32:06.839Z,2021-05-16T05:40:42.934Z,1277752000,109.57,View,-59.211591,161.651088,-59.210577,163.383089,-85.057828,157.867337,-85.053677,167.57992,Polar stereographic,South
1091,ch2_tmc_nca_20211217T1237403934_d_img_d32.zip,2021-12-17T12:37:40.393Z,2021-12-17T12:43:15.956Z,829560000,81.4,View,-32.596094,23.637558,-32.554926,24.370264,-15.113416,23.60321,-15.066397,24.22864,Selenographic,Equatorial
1092,ch2_tmc_ncf_20220130T0713123542_d_img_d18.zip,2022-01-30T07:13:12.354Z,2022-01-30T07:28:09.501Z,2217912000,89.39,View,-76.080921,-14.622084,-76.084785,-11.564999,-58.11423,167.850646,-58.116683,166.612217,Selenographic,Equatorial
1093,ch2_tmc_ncn_20200722T1033282310_d_img_d32.zip,2020-07-22T10:33:28.231Z,2020-07-22T10:44:04.257Z,1572376000,110.87,View,-29.140509,129.107437,-29.149665,128.256245,-61.119938,130.030688,-61.135341,128.51857,Selenographic,Equatorial
1094,ch2_tmc_ncf_20220101T0705055144_d_img_d18.zip,2022-01-01T07:05:05.514Z,2022-01-01T07:24:18.609Z,2850656000,79.41,View,-60.068367,-169.098992,-60.072886,-170.433871,-0.372815,-169.946282,-0.375297,-170.526883,Selenographic,Equatorial
1095,ch2_tmc_ncf_20220620T2127555941_d_img_d32.zip,2022-06-20T21:27:55.594Z,2022-06-20T21:57:38.499Z,4407648000,104.98,View,59.915951,-80.446438,59.933159,-78.793816,-29.865262,-78.927574,-29.856221,-78.027491,Selenographic,Equatorial
1096,ch2_tmc_ncn_20200724T0747179769_d_img_d18.zip,2020-07-24T07:47:17.976Z,2020-07-24T07:57:53.874Z,1572056000,111.61,View,-28.785059,104.366701,-28.802998,103.4982,-60.70756,105.879491,-60.738491,104.362947,Selenographic,Equatorial
1097,ch2_tmc_nca_20220607T1055045692_d_img_d32.zip,2022-06-07T10:55:04.569Z,2022-06-07T11:24:35.123Z,4376848000,105.36,View,62.989858,96.060693,62.992709,97.695883,-26.89007,97.527899,-26.89838,98.40196,Selenographic,Equatorial
1098,ch2_tmc_ncf_20191229T0015253876_d_img_d18.zip,2019-12-29T00:15:25.387Z,2019-12-29T00:24:59.976Z,1420488000,91.8,View,0.315858,149.688903,0.318055,150.304699,30.03281,149.652741,30.043713,150.413758,Selenographic,Equatorial
1099,ch2_tmc_ncn_20221203T1311391900_d_img_d32.zip,2022-12-03T13:11:39.190Z,2022-12-03T13:19:31.481Z,1167592000,115.5,View,44.813173,78.501862,44.806011,79.456471,68.825451,78.682386,68.809082,80.726254,Selenographic,Equatorial
1100,ch2_tmc_nca_20220603T1155167897_d_img_d32.zip,2022-06-03T11:55:16.789Z,2022-06-03T12:25:07.887Z,4427888000,123.45,,63.180675,150.100504,63.260135,151.803287,-26.271203,153.208334,-26.110535,154.187075,Selenographic,Equatorial
1101,ch2_tmc_nca_20220613T2042274784_d_img_d32.zip,2022-06-13T20:42:27.478Z,2022-06-13T20:52:19.379Z,1462360000,104.98,View,-6.54281,13.747509,-6.549967,14.544459,-36.478896,13.311704,-36.487075,14.275913,Selenographic,Equatorial
1102,ch2_tmc_ncn_20220621T2104175845_d_img_d32.zip,2022-06-21T21:04:17.584Z,2022-06-21T21:17:35.276Z,1972024000,115.08,View,61.497755,-92.046097,61.476912,-93.644135,21.516075,-91.528436,21.504709,-92.35366,Selenographic,Equatorial
1103,ch2_tmc_ncf_20191203T1406528814_d_img_d18.zip,2019-12-03T14:06:52.881Z,2019-12-03T14:16:41.798Z,1455912000,104.75,View,-1.426923,125.147189,-1.433756,125.881871,28.478049,125.432467,28.46982,126.295807,Selenographic,Equatorial
1104,ch2_tmc_ncf_20221204T1449565611_d_img_n18.zip,2022-12-04T14:49:56.561Z,2022-12-04T14:57:44.273Z,1156272000,118.96,View,43.285831,64.121873,43.298091,65.12992,66.988093,63.917564,66.99494,66.013785,Selenographic,Equatorial
1105,ch2_tmc_ncn_20220120T1525473308_d_img_d18.zip,2022-01-20T15:25:47.330Z,2022-01-20T15:40:12.694Z,2139336000,99.13,View,-74.520903,115.617615,-74.488522,118.247164,-61.538309,-66.244958,-61.522498,-67.617014,Selenographic,Equatorial
1106,ch2_tmc_ncf_20200718T0616404530_d_img_d18.zip,2020-07-18T06:16:40.453Z,2020-07-18T06:27:14.427Z,1567304000,109.37,View,-27.305602,-176.221066,-27.315615,-177.184689,-59.238175,-175.809555,-59.25383,-177.425374,Selenographic,Equatorial
1107,ch2_tmc_ncf_20220710T1038197115_d_img_d32.zip,2022-07-10T10:38:19.711Z,2022-07-10T10:53:17.874Z,2220408000,122.55,View,63.050347,25.47095,63.060133,23.587068,18.288963,24.3569,18.293668,23.389282,Selenographic,Equatorial
1108,ch2_tmc_nca_20200627T0527573150_d_img_d18.zip,2020-06-27T05:27:57.315Z,2020-06-27T05:38:35.390Z,1577440000,116.73,View,60.034601,96.731976,59.901068,95.134976,27.746464,99.563547,27.763699,98.567388,Selenographic,Equatorial
1109,ch2_tmc_ncn_20200729T1536521671_d_img_d18.zip,2020-07-29T15:36:52.167Z,2020-07-29T15:47:34.335Z,1587560000,116.9,View,-28.503611,34.290713,-28.509787,33.374904,-60.535178,34.908626,-60.544803,33.334614,Selenographic,Equatorial
1110,ch2_tmc_ncf_20221202T0935115593_d_img_n18.zip,2022-12-02T09:35:11.559Z,2022-12-02T09:42:44.566Z,1119920000,116.4,View,44.076245,93.644818,44.068777,94.720072,66.909254,93.749333,66.890949,95.868564,Selenographic,Equatorial
1111,ch2_tmc_ncf_20200609T1600218929_d_img_d18.zip,2020-06-09T16:00:21.892Z,2020-06-09T16:11:00.818Z,1579544000,108.52,View,60.140887,-28.838926,60.14484,-27.185215,27.924873,-28.364546,27.926831,-27.443268,Selenographic,Equatorial
1112,ch2_tmc_nca_20220728T0110085019_d_img_d32.zip,2022-07-28T01:10:08.501Z,2022-07-28T01:30:15.915Z,2984912000,124.61,View,28.473693,152.375271,28.475026,151.362115,-31.481337,151.88103,-31.479772,150.813855,Selenographic,Equatorial
1113,ch2_tmc_nca_20220527T0522066274_d_img_d18.zip,2022-05-27T05:22:06.627Z,2022-05-27T05:32:09.886Z,1491368000,126.48,View,63.442336,-114.053051,63.516276,-111.978887,33.478073,-113.679433,33.560055,-112.540258,Selenographic,Equatorial
1114,ch2_tmc_ncf_20220715T1720251569_d_img_d32.zip,2022-07-15T17:20:25.156Z,2022-07-15T17:35:17.755Z,2204816000,105.42,View,-6.821728,-45.50415,-6.825947,-46.379937,-51.969295,-45.475371,-51.97373,-46.748594,Selenographic,Equatorial
1115,ch2_tmc_nca_20220630T0214571960_d_img_d32.zip,2022-06-30T02:14:57.196Z,2022-06-30T02:24:54.167Z,1475824000,115.69,View,-0.321616,160.513406,-0.311073,159.684944,-30.349024,160.307504,-30.338487,159.336867,Selenographic,Equatorial
1116,ch2_tmc_nca_20211231T0528483419_d_img_d18.zip,2021-12-31T05:28:48.341Z,2021-12-31T05:48:02.385Z,2853000000,77.24,View,-62.914083,-154.918347,-62.914452,-156.503633,-2.80151,-155.846057,-2.801049,-156.443536,Selenographic,Equatorial
1117,ch2_tmc_ncf_20220611T1728003676_d_img_d32.zip,2022-06-11T17:28:00.367Z,2022-06-11T17:42:54.444Z,2210312000,111.43,View,9.952187,41.766056,9.94383,42.593455,-35.093172,41.676013,-35.102352,42.685484,Selenographic,Equatorial
1118,ch2_tmc_nca_20220715T2305386837_d_img_d32.zip,2022-07-15T23:05:38.683Z,2022-07-15T23:18:57.935Z,1977392000,115.39,View,19.371627,-48.595875,19.368536,-49.554995,-20.526355,-48.708796,-20.52923,-49.629009,Selenographic,Equatorial
1119,ch2_tmc_ncn_20200123T0536588960_d_img_d18.zip,2020-01-23T05:36:58.896Z,2020-01-23T05:46:48.716Z,1458144000,94.76,View,-31.496053,178.012821,-31.4938,177.264056,-1.296822,177.999644,-1.295084,177.374112,Selenographic,Equatorial
1120,ch2_tmc_nca_20211229T0413409660_d_img_d18.zip,2021-12-29T04:13:40.966Z,2021-12-29T04:32:55.142Z,2853328000,74.8,View,-62.976854,-129.534009,-62.959078,-131.037095,-2.721398,-129.034416,-2.712498,-129.564662,Selenographic,Equatorial
1121,ch2_tmc_ncf_20211210T1310001494_d_img_d32.zip,2021-12-10T13:10:00.149Z,2021-12-10T13:39:16.307Z,4341528000,98.81,View,-32.629369,115.599992,-32.638336,116.438333,57.291043,116.562007,57.275805,117.900036,Selenographic,Equatorial
1122,ch2_tmc_nca_20220111T1523597843_d_img_d32.zip,2022-01-11T15:23:59.784Z,2022-01-11T15:38:54.881Z,2212832000,87.97,View,-73.044899,-126.270576,-73.020646,-123.812268,-60.835309,52.740002,-60.823916,51.417553,Selenographic,Equatorial
1123,ch2_tmc_ncf_20201119T1246555088_d_img_d18.zip,2020-11-19T12:46:55.508Z,2020-11-19T12:57:16.174Z,1534400000,95.55,View,-2.529919,164.736145,-2.530319,165.346831,29.278519,164.64693,29.277914,165.423031,Selenographic,Equatorial
1124,ch2_tmc_ncf_20220626T0143287961_d_img_d32.zip,2022-06-26T01:43:28.796Z,2022-06-26T01:53:26.806Z,1478392000,111.47,View,3.025418,-146.944918,3.026404,-147.794923,-27.062359,-147.121114,-27.059399,-148.006944,Selenographic,Equatorial
1125,ch2_tmc_ncn_20200712T0048166620_d_img_d18.zip,2020-07-12T00:48:16.662Z,2020-07-12T00:58:47.443Z,1559408000,103.7,View,-26.077377,-93.036288,-26.1143,-93.833526,-57.960845,-91.638694,-58.011671,-92.938468,Selenographic,Equatorial
1126,ch2_tmc_ncf_20200629T1435199503_d_img_d18.zip,2020-06-29T14:35:19.950Z,2020-06-29T14:46:03.153Z,1589776000,121.94,View,63.752501,68.094331,63.714683,66.255732,31.754532,69.073853,31.730879,68.008971,Selenographic,Equatorial
1127,ch2_tmc_ncn_20220621T2302203383_d_img_d32.zip,2022-06-21T23:02:20.338Z,2022-06-21T23:15:37.134Z,1969816000,115.32,View,61.425279,-93.12551,61.404083,-94.706937,21.495129,-92.607683,21.483323,-93.427415,Selenographic,Equatorial
1128,ch2_tmc_ncf_20201121T0800465954_d_img_d18.zip,2020-11-21T08:00:46.595Z,2020-11-21T08:11:09.179Z,1539144000,98.95,View,-2.530403,141.05424,-2.534878,141.691767,29.257442,141.035229,29.251929,141.852972,Selenographic,Equatorial
1129,ch2_tmc_nca_20200725T1119206641_d_img_d18.zip,2020-07-25T11:19:20.664Z,2020-07-25T11:29:59.761Z,1579968000,114.34,View,-30.780409,89.402502,-30.799735,88.380867,-62.689721,91.240276,-62.725265,89.384724,Selenographic,Equatorial
1130,ch2_tmc_ncf_20220608T0833103489_d_img_d32.zip,2022-06-08T08:33:10.348Z,2022-06-08T09:02:44.691Z,4386480000,107.5,View,59.850126,84.16071,59.869815,85.681928,-30.091238,85.906585,-30.078944,86.839156,Selenographic,Equatorial
1131,ch2_tmc_nca_20200609T1956387174_d_img_d18.zip,2020-06-09T19:56:38.717Z,2020-06-09T20:07:16.662Z,1577120000,108.49,View,63.613856,-31.183141,63.615541,-29.329364,31.404387,-30.567287,31.403455,-29.613903,Selenographic,Equatorial
1132,ch2_tmc_nca_20220620T0006088200_d_img_d32.zip,2022-06-20T00:06:08.820Z,2022-06-20T00:22:33.904Z,2435304000,102.84,View,13.320885,-67.510096,13.368782,-66.70338,-36.706867,-67.049818,-36.662026,-66.115575,Selenographic,Equatorial
1133,ch2_tmc_nca_20191127T0458109171_d_img_d18.zip,2019-11-27T04:58:10.917Z,2019-11-27T05:07:37.311Z,1400232000,81.99,View,0.760401,-150.394376,0.75898,-149.856867,30.277044,-150.393852,30.275227,-149.751134,Selenographic,Equatorial
1134,ch2_tmc_nca_20220630T0810136773_d_img_d32.zip,2022-06-30T08:10:13.677Z,2022-06-30T08:20:08.878Z,1078208000,115.45,View,-0.282937,157.265263,-0.275552,156.458116,-22.239828,157.014785,-22.22617,156.129201,Selenographic,Equatorial
1135,ch2_tmc_ncn_20191217T0003263102_d_img_d18.zip,2019-12-17T00:03:26.310Z,2019-12-17T00:13:13.165Z,1451504000,86.7,View,0.15677,-51.775342,0.149154,-51.181447,30.451092,-51.563965,30.442613,-50.888367,Selenographic,Equatorial
1136,ch2_tmc_nca_20210520T2102222343_d_img_hw1.zip,2021-05-20T21:02:22.234Z,2021-05-20T21:06:28.133Z,607912000,95.24,View,-21.692836,-83.882095,-21.805012,-75.15747,-9.490295,-83.48739,-9.596545,-75.188432,Selenographic,Equatorial
1137,ch2_tmc_ncf_20220121T1855536620_d_img_d18.zip,2022-01-21T18:55:53.662Z,2022-01-21T19:11:00.922Z,2242912000,100.18,View,-76.188046,100.931369,-76.139195,104.284554,-57.998833,-81.469991,-57.979592,-82.853269,Selenographic,Equatorial
1138,ch2_tmc_nca_20220801T0350481131_d_img_d18.zip,2022-08-01T03:50:48.113Z,2022-08-01T04:01:05.782Z,1526992000,131.64,View,28.353395,97.358194,28.331075,96.269063,-2.146488,97.604604,-2.167706,96.626676,Selenographic,Equatorial
1139,ch2_tmc_nca_20220630T1008389740_d_img_d32.zip,2022-06-30T10:08:38.974Z,2022-06-30T10:18:34.735Z,1472784000,115.39,View,-0.278254,156.810143,-0.218142,155.984994,-30.343792,156.721125,-30.292386,155.745944,Selenographic,Equatorial
1140,ch2_tmc_ncn_20200630T0819002520_d_img_d18.zip,2020-06-30T08:19:00.252Z,2020-06-30T08:29:43.197Z,1589480000,122.13,View,61.738444,58.712116,61.713905,57.193067,29.514132,59.505907,29.498708,58.568999,Selenographic,Equatorial
1141,ch2_tmc_ncf_20220606T1524528091_d_img_d32.zip,2022-06-06T15:24:52.809Z,2022-06-06T15:54:22.404Z,4374736000,102.27,View,29.841169,108.256901,29.795977,109.132163,-60.160227,107.335662,-60.224659,108.863568,Selenographic,Equatorial
1142,ch2_tmc_ncn_20220720T2138219169_d_img_d32.zip,2022-07-20T21:38:21.916Z,2022-07-20T21:58:26.124Z,2976992000,108.63,View,1.740896,-113.685763,1.730241,-114.537911,-58.22844,-112.83512,-58.24303,-114.152263,Selenographic,Equatorial
1143,ch2_tmc_ncf_20211229T0215298865_d_img_d18.zip,2021-12-29T02:15:29.886Z,2021-12-29T02:34:42.907Z,2850472000,74.66,View,-60.004047,-128.489785,-59.982446,-129.855645,-0.467603,-127.983978,-0.456264,-128.511533,Selenographic,Equatorial
1144,ch2_tmc_nca_20221202T1331333518_d_img_n18.zip,2022-12-02T13:31:33.351Z,2022-12-02T13:39:28.510Z,1174680000,116.67,View,46.352717,91.442775,46.340747,92.554833,70.583971,91.611864,70.559742,94.108812,Selenographic,Equatorial
1145,ch2_tmc_nca_20220517T2100236594_d_img_d18.zip,2022-05-17T21:00:23.659Z,2022-05-17T21:10:05.474Z,1439824000,112.37,View,62.90645,9.60915,62.897528,11.386958,33.65865,9.452242,33.655124,10.466078,Selenographic,Equatorial
1146,ch2_tmc_nca_20220718T0231336432_d_img_d18.zip,2022-07-18T02:31:33.643Z,2022-07-18T02:41:33.116Z,1483440000,116.07,View,-0.438607,-76.719726,-0.448865,-77.608348,-30.313705,-76.429902,-30.324836,-77.405472,Selenographic,Equatorial
1147,ch2_tmc_nca_20220704T0635221483_d_img_d32.zip,2022-07-04T06:35:22.148Z,2022-07-04T06:48:35.869Z,1962224000,116.16,View,59.420822,104.403084,59.408161,102.79075,19.453149,104.764795,19.447409,103.858053,Selenographic,Equatorial
1148,ch2_tmc_ncn_20201118T0520179058_d_img_d18.zip,2020-11-18T05:20:17.905Z,2020-11-18T05:30:36.522Z,1529336000,93.07,View,-1.275547,-177.647193,-1.280847,-177.096888,30.719062,-177.725062,30.714408,-177.031941,Selenographic,Equatorial
1149,ch2_tmc_ncf_20220125T0135473777_d_img_d18.zip,2022-01-25T01:35:47.377Z,2022-01-25T01:45:48.675Z,1486520000,98.3,View,-88.414077,-129.50977,-88.151275,-155.204259,-58.117484,-124.079224,-58.104682,-125.44164,Polar stereographic,South
1150,ch2_tmc_ncf_20200211T2052133793_d_img_d18.zip,2020-02-11T20:52:13.379Z,2020-02-11T21:02:04.225Z,1460680000,118.75,View,-57.604199,99.424795,-57.571235,101.086146,-87.057062,111.665284,-86.743759,126.770756,Polar stereographic,South
1151,ch2_tmc_ncf_20210528T2116056112_d_img_d18.zip,2021-05-28T21:16:05.611Z,2021-05-28T21:32:25.352Z,2421312000,106.33,View,-38.450226,-4.78381,-38.447925,-3.65338,-87.811775,-12.323587,-87.775724,8.368764,Polar stereographic,South
1152,ch2_tmc_nca_20191226T0931403907_d_img_g26.zip,2019-12-26T09:31:40.390Z,2019-12-26T09:41:12.798Z,1415096000,84.82,View,2.202474,-175.295103,2.181528,-174.71776,31.950272,-175.358526,31.926432,-174.661677,Selenographic,Equatorial
1153,ch2_tmc_ncn_20200212T2045445780_d_img_d18.zip,2020-02-12T20:45:44.578Z,2020-02-12T20:55:38.747Z,1468896000,118.19,View,-59.706761,86.534013,-59.673622,88.131182,-89.054831,139.180159,-88.358354,155.409696,Polar stereographic,South
1154,ch2_tmc_nca_20211216T1250305774_d_img_d32.zip,2021-12-16T12:50:30.577Z,2021-12-16T13:04:54.799Z,2136472000,80.14,View,-59.908598,36.066506,-59.918689,37.345253,-15.136413,36.584285,-15.143274,37.19146,Selenographic,Equatorial
1155,ch2_tmc_ncf_20220707T1531297538_d_img_d32.zip,2022-07-07T15:31:29.753Z,2022-07-07T15:41:02.457Z,1415832000,120.6,View,62.991674,60.263328,62.974869,58.452199,34.421674,60.424785,34.410854,59.345439,Selenographic,Equatorial
1156,ch2_tmc_ncf_20210517T1310144473_d_img_d18.zip,2021-05-17T13:10:14.447Z,2021-05-17T13:20:10.538Z,1473648000,111.98,View,-58.95709,144.31261,-58.991275,146.030426,-88.700678,128.976084,-88.698707,166.665053,Polar stereographic,South
1157,ch2_tmc_ncf_20191129T0602237470_d_img_d18.zip,2019-11-29T06:02:23.747Z,2019-11-29T06:11:52.190Z,1405296000,88.55,View,-1.658658,-177.466397,-1.649286,-176.881157,27.780526,-177.490183,27.791932,-176.77966,Selenographic,Equatorial
1158,ch2_tmc_nca_20191215T0851578290_d_img_gds.zip,2019-12-15T08:51:57.829Z,2019-12-15T09:00:55.225Z,1328544000,85.22,View,4.162507,-30.094529,4.159063,-29.427646,31.818001,-30.143581,31.813712,-29.396856,Selenographic,Equatorial
1159,ch2_tmc_nca_20221122T0700519332_d_img_n18.zip,2022-11-22T07:00:51.933Z,2022-11-22T07:08:33.695Z,1143640000,104.67,View,46.130185,-133.544271,46.125437,-132.587934,69.937295,-133.867908,69.92889,-131.815129,Selenographic,Equatorial
1160,ch2_tmc_ncf_20221126T1135283037_d_img_d32.zip,2022-11-26T11:35:28.303Z,2022-11-26T11:43:21.927Z,1170888000,113.43,View,43.238949,170.548342,43.230074,171.551169,67.129438,169.420563,67.125957,171.419711,Selenographic,Equatorial
1161,ch2_tmc_ncf_20210521T2105239531_d_img_hw1.zip,2021-05-21T21:05:23.953Z,2021-05-21T21:09:33.916Z,617960000,110.37,View,10.444063,96.087929,10.137978,78.700948,-1.790886,96.120204,-2.084127,79.022717,Selenographic,Equatorial
1162,ch2_tmc_nca_20210530T0513191850_d_img_hw1.zip,2021-05-30T05:13:19.185Z,2021-05-30T05:19:09.442Z,865904000,112.98,View,-16.548596,-22.549054,-16.581988,-21.609896,-34.262734,-22.658406,-34.292832,-21.634095,Selenographic,Equatorial
1163,ch2_tmc_ncf_20201121T0958412848_d_img_d18.zip,2020-11-21T09:58:41.284Z,2020-11-21T10:09:02.976Z,1536936000,98.73,View,-2.538268,139.9576,-2.541784,140.604432,29.211999,139.966289,29.207672,140.793676,Selenographic,Equatorial
1164,ch2_tmc_ncn_20200620T0008528614_d_img_d18.zip,2020-06-20T00:08:52.861Z,2020-06-20T00:19:34.784Z,1586952000,118.83,View,62.439268,-165.179884,62.441583,-163.628311,30.250333,-164.863585,30.251491,-163.972088,Selenographic,Equatorial
1165,ch2_tmc_ncn_20200725T1317195551_d_img_d18.zip,2020-07-25T13:17:19.555Z,2020-07-25T13:27:59.552Z,1582192000,114.42,View,-28.876686,88.195803,-28.891762,87.295093,-60.888522,89.831508,-60.916177,88.260393,Selenographic,Equatorial
1166,ch2_tmc_nca_20221118T2208306167_d_img_n18.zip,2022-11-18T22:08:30.616Z,2022-11-18T22:16:19.784Z,1159872000,103.78,View,46.183688,-89.075963,46.172902,-88.037419,70.200343,-88.674617,70.177172,-86.476133,Selenographic,Equatorial
1167,ch2_tmc_ncn_20211229T0413409692_d_img_d18.zip,2021-12-29T04:13:40.969Z,2021-12-29T04:32:55.142Z,2853320000,74.8,View,-61.534341,-129.581484,-61.520658,-130.871931,-1.60227,-129.064717,-1.595788,-129.542497,Selenographic,Equatorial
1168,ch2_tmc_ncn_20220625T0009146829_d_img_d32.zip,2022-06-25T00:09:14.682Z,2022-06-25T00:19:13.716Z,1480912000,112.82,View,1.39739,-133.23414,1.364339,-134.000183,-28.647043,-132.731945,-28.657892,-133.549802,Selenographic,Equatorial
1169,ch2_tmc_ncf_20220605T1154498366_d_img_d32.zip,2022-06-05T11:54:49.836Z,2022-06-05T12:11:30.411Z,2473576000,120.78,View,-10.070516,123.696738,-10.074746,124.606382,-59.970559,123.620291,-59.968436,125.387209,Selenographic,Equatorial
1170,ch2_tmc_nca_20220709T1255413631_d_img_d32.zip,2022-07-09T12:55:41.363Z,2022-07-09T13:10:39.129Z,2219440000,123.27,View,59.415562,36.664694,59.415314,35.012088,14.366972,36.101368,14.366539,35.152226,Selenographic,Equatorial
1171,ch2_tmc_nca_20210516T1326375498_d_img_d18.zip,2021-05-16T13:26:37.549Z,2021-05-16T13:36:33.507Z,1473320000,110.78,View,-55.451177,157.252666,-55.443773,158.811552,-85.446799,152.880389,-85.439781,163.379894,Polar stereographic,South
1172,ch2_tmc_ncf_20210531T0515421004_d_img_hw1.zip,2021-05-31T05:15:42.100Z,2021-05-31T05:21:37.490Z,878592000,112,View,-20.438075,-35.665332,-20.450774,-34.711213,-37.855581,-35.755796,-37.869164,-34.691988,Selenographic,Equatorial
1173,ch2_tmc_ncf_20211219T1607373392_d_img_d32.zip,2021-12-19T16:07:37.339Z,2021-12-19T16:20:28.516Z,1906488000,90.76,View,17.456176,-4.410155,17.470598,-3.750317,57.25236,-4.886803,57.268172,-3.622154,Selenographic,Equatorial
1174,ch2_tmc_nca_20221202T1133119134_d_img_d32.zip,2022-12-02T11:33:11.913Z,2022-12-02T11:41:01.732Z,1161480000,116.39,View,46.311566,92.538846,46.30236,93.655944,70.265541,92.702657,70.243663,95.169566,Selenographic,Equatorial
1175,ch2_tmc_nca_20221117T0046153917_d_img_d32.zip,2022-11-17T00:46:15.391Z,2022-11-17T00:54:10.252Z,1173384000,107.46,View,46.185742,-64.388186,46.175081,-63.286064,70.347477,-64.438002,70.328658,-62.104824,Selenographic,Equatorial
1176,ch2_tmc_nca_20220602T0411113533_d_img_d32.zip,2022-06-02T04:11:11.353Z,2022-06-02T04:41:11.262Z,4449640000,124.02,View,63.166454,167.533475,63.11636,169.33714,-26.511611,165.334509,-26.594621,166.328757,Selenographic,Equatorial
1177,ch2_tmc_nca_20220403T1007075726_d_img_d18.zip,2022-04-03T10:07:07.572Z,2022-04-03T10:09:46.668Z,393320000,98.13,View,10.557732,-125.755611,10.49623,-124.990444,2.462948,-125.69155,2.400364,-124.941304,Selenographic,Equatorial
1178,ch2_tmc_ncf_20220122T0049334678_d_img_d18.zip,2022-01-22T00:49:33.467Z,2022-01-22T01:04:40.728Z,2242912000,100.32,View,-76.363421,97.896042,-76.310913,101.314799,-57.856689,-84.77506,-57.836382,-86.154524,Selenographic,Equatorial
1179,ch2_tmc_ncf_20220602T0411109553_d_img_d32.zip,2022-06-02T04:11:10.955Z,2022-06-02T04:41:11.266Z,4450656000,124.02,View,59.735097,167.535615,59.727254,169.157542,-30.51715,166.997542,-30.521987,168.03553,Selenographic,Equatorial
1180,ch2_tmc_ncn_20191210T0124539756_d_img_gds.zip,2019-12-10T01:24:53.975Z,2019-12-10T01:34:38.806Z,1445808000,87.97,View,-0.058588,39.526516,-0.062111,40.08559,30.182449,39.702441,30.178137,40.382374,Selenographic,Equatorial
1181,ch2_tmc_ncn_20210517T1508532205_d_img_d18.zip,2021-05-17T15:08:53.220Z,2021-05-17T15:17:29.462Z,1276248000,112.17,View,-57.096939,143.44115,-57.083478,144.914334,-82.974197,141.848987,-82.947903,148.089219,Polar stereographic,South
1182,ch2_tmc_nca_20220724T0018097394_d_img_d32.zip,2022-07-24T00:18:09.739Z,2022-07-24T00:28:17.949Z,1501488000,134.17,View,59.339146,-155.403602,59.252212,-157.2697,29.322599,-155.746764,29.240056,-156.888067,Selenographic,Equatorial
1183,ch2_tmc_ncf_20211212T0821149057_d_img_d32.zip,2021-12-12T08:21:14.905Z,2021-12-12T08:50:21.976Z,4319048000,92.58,View,-62.480633,90.22054,-62.504212,91.716653,27.524273,92.599967,27.512408,93.362868,Selenographic,Equatorial
1184,ch2_tmc_ncf_20221202T1133119134_d_img_d32.zip,2022-12-02T11:33:11.913Z,2022-12-02T11:41:01.732Z,1161480000,116.39,View,43.057607,92.517452,43.048493,93.571315,66.746677,92.657282,66.727954,94.763426,Selenographic,Equatorial
1185,ch2_tmc_nca_20221201T0756351211_d_img_n18.zip,2022-12-01T07:56:35.121Z,2022-12-01T08:04:28.593Z,1170512000,113.36,View,46.459583,107.582038,46.451241,108.691579,70.570964,107.579683,70.553428,110.016883,Selenographic,Equatorial
1186,ch2_tmc_ncn_20221126T0937082563_d_img_d32.zip,2022-11-26T09:37:08.256Z,2022-11-26T09:45:02.547Z,1172536000,113.13,View,44.743631,171.67304,44.751358,172.600346,68.808469,170.46377,68.823337,172.400232,Selenographic,Equatorial
1187,ch2_tmc_nca_20220110T1154169296_d_img_d32.zip,2022-01-10T11:54:16.929Z,2022-01-10T12:09:14.749Z,2217888000,91.48,View,-73.532514,-110.331838,-73.498967,-107.759962,-60.402262,67.779407,-60.386308,66.422323,Polar stereographic,South
1188,ch2_tmc_nca_20220606T1524528123_d_img_d32.zip,2022-06-06T15:24:52.812Z,2022-06-06T15:54:22.404Z,4374744000,102.27,View,33.056342,108.205218,33.019502,109.112847,-56.961181,107.799708,-57.008534,109.197687,Selenographic,Equatorial
1189,ch2_tmc_ncn_20210517T0714186901_d_img_d18.zip,2021-05-17T07:14:18.690Z,2021-05-17T07:22:43.330Z,1247568000,113.29,View,-57.139547,147.536935,-57.132105,149.006701,-82.432914,145.762028,-82.423974,151.564542,Polar stereographic,South
1190,ch2_tmc_ncf_20211124T1644051497_d_img_d18.zip,2021-11-24T16:44:05.149Z,2021-11-24T16:54:24.151Z,1530288000,109.1,View,-62.997928,-35.538544,-63.003387,-33.68021,-31.758266,-35.201393,-31.763832,-34.256295,Selenographic,Equatorial
1191,ch2_tmc_ncn_20211114T1815074402_d_img_d18.zip,2021-11-14T18:15:07.440Z,2021-11-14T18:26:05.470Z,1627752000,91.88,View,-87.591163,-52.24516,-87.849005,-66.544925,-58.267623,94.218008,-58.285823,95.370577,Polar stereographic,South
1192,ch2_tmc_nca_20200108T0006239646_d_img_mad.zip,2020-01-08T00:06:23.964Z,2020-01-08T00:16:16.985Z,1466056000,97.46,View,-27.56655,18.449406,-27.531656,17.638011,2.804747,18.36941,2.83812,17.65964,Selenographic,Equatorial
1193,ch2_tmc_ncf_20201127T1349121558_d_img_d32.zip,2020-11-27T13:49:12.155Z,2020-11-27T14:08:41.556Z,2890960000,97.66,View,-31.35584,58.16679,-31.375624,58.988251,28.546104,59.044822,28.525857,59.878424,Selenographic,Equatorial
1194,ch2_tmc_ncf_20211224T0005528861_d_img_d32.zip,2021-12-24T00:05:52.886Z,2021-12-24T00:20:27.373Z,2161840000,86.46,View,-59.854593,-61.568321,-59.833521,-63.002605,-15.032934,-61.148648,-15.022231,-61.807253,Selenographic,Equatorial
1195,ch2_tmc_nca_20200730T1452348525_d_img_d18.zip,2020-07-30T14:52:34.852Z,2020-07-30T15:03:12.801Z,1577128000,118.28,View,29.514362,21.381119,29.511653,20.410632,-2.478734,21.263177,-2.481327,20.388675,Selenographic,Equatorial
1196,ch2_tmc_ncn_20210601T2102004103_d_img_d32.zip,2021-06-01T21:02:00.410Z,2021-06-01T21:17:25.119Z,2286048000,105.16,View,-36.879825,-57.732469,-36.830295,-56.864118,-82.500554,-82.140556,-82.816602,-77.261491,Polar stereographic,South
1197,ch2_tmc_ncf_20220103T0225349437_d_img_d18.zip,2022-01-03T02:25:34.943Z,2022-01-03T02:44:47.643Z,2848248000,79.74,View,-60.240477,166.558578,-60.232919,165.254077,-0.435326,165.921455,-0.425716,165.328706,Selenographic,Equatorial
1198,ch2_tmc_ncf_20200718T0814401127_d_img_d18.zip,2020-07-18T08:14:40.112Z,2020-07-18T08:25:14.908Z,1567312000,109.54,View,-27.305652,-177.248115,-27.321023,-178.231478,-59.217888,-176.849853,-59.235388,-178.499419,Selenographic,Equatorial
1199,ch2_tmc_ncn_20220609T1024238513_d_img_d32.zip,2022-06-09T10:24:23.851Z,2022-06-09T10:36:45.916Z,1834520000,109.33,View,9.704092,71.539172,9.714381,72.271219,-27.733996,71.847123,-27.722718,72.666816,Selenographic,Equatorial
1200,ch2_tmc_nca_20220123T0221531511_d_img_d18.zip,2022-01-23T02:21:53.151Z,2022-01-23T02:36:56.437Z,2233088000,98,,-72.84896,83.439607,-72.805958,86.177809,-61.157027,-98.994337,-61.13521,-100.484362,Selenographic,Equatorial
1201,ch2_tmc_ncf_20200803T1731019323_d_img_d18.zip,2020-08-03T17:31:01.932Z,2020-08-03T17:41:31.817Z,1557192000,99.12,View,-26.944209,-33.102696,-26.948244,-33.993395,-59.054356,-32.686572,-59.060184,-34.109061,Selenographic,Equatorial
1202,ch2_tmc_nca_20200619T0229205016_d_img_d18.zip,2020-06-19T02:29:20.501Z,2020-06-19T02:40:06.640Z,1597376000,124.18,View,64.018093,-153.834485,64.021918,-151.908275,31.918394,-153.173172,31.918617,-152.12141,Selenographic,Equatorial
1203,ch2_tmc_ncn_20191201T0904339041_d_img_d18.zip,2019-12-01T09:04:33.904Z,2019-12-01T09:14:05.285Z,1412560000,94.87,View,0.034964,154.141139,0.03458,154.696852,29.440043,154.058647,29.43992,154.768227,Selenographic,Equatorial
1204,ch2_tmc_ncn_20191219T1646107526_d_img_d18.zip,2019-12-19T16:46:10.752Z,2019-12-19T16:55:44.318Z,1417960000,82.51,View,1.422291,-87.449011,1.411951,-86.891043,31.163747,-86.898086,31.151623,-86.259718,Selenographic,Equatorial
1205,ch2_tmc_ncf_20220603T0419084737_d_img_d32.zip,2022-06-03T04:19:08.473Z,2022-06-03T04:29:08.464Z,1483280000,123.57,View,-0.495825,154.333889,-0.4985,155.210476,-30.50862,153.985001,-30.512093,155.036027,Selenographic,Equatorial
1206,ch2_tmc_nca_20210518T1656115474_d_img_d18.zip,2021-05-18T16:56:11.547Z,2021-05-18T17:05:41.270Z,1409800000,103.45,View,-72.40975,129.75428,-72.390276,132.211442,-78.656,-50.816537,-78.63065,-54.336203,Polar stereographic,South
1207,ch2_tmc_ncf_20200720T0923576572_d_img_d18.zip,2020-07-20T09:23:57.657Z,2020-07-20T09:34:35.144Z,1577448000,114.45,View,-26.985595,156.098855,-26.988571,155.146283,-58.951207,156.325877,-58.95357,154.675772,Selenographic,Equatorial
1208,ch2_tmc_ncn_20220620T2325574559_d_img_d32.zip,2022-06-20T23:25:57.455Z,2022-06-20T23:55:40.361Z,4407648000,105.17,View,61.636274,-81.602919,61.652617,-80.028104,-28.211294,-80.009866,-28.204049,-79.211401,Selenographic,Equatorial
1209,ch2_tmc_nca_20221204T1449565643_d_img_d32.zip,2022-12-04T14:49:56.564Z,2022-12-04T14:57:44.240Z,1156184000,118.96,View,46.455593,64.091917,46.454651,65.15749,70.270035,63.850672,70.262332,66.275694,Selenographic,Equatorial
1210,ch2_tmc_ncf_20221123T0045573910_d_img_n18.zip,2022-11-23T00:45:57.391Z,2022-11-23T00:53:45.212Z,1156544000,102.18,View,43.31083,-143.434078,43.313539,-142.502842,67.210209,-144.138118,67.214679,-142.28683,Selenographic,Equatorial
1211,ch2_tmc_nca_20200607T1842575252_d_img_d18.zip,2020-06-07T18:42:57.525Z,2020-06-07T18:53:33.425Z,1572064000,108.03,View,63.209893,-3.889663,63.21992,-2.139144,31.074224,-3.272382,31.081142,-2.32527,Selenographic,Equatorial
1212,ch2_tmc_nca_20221130T1213112313_d_img_d32.zip,2022-11-30T12:13:11.231Z,2022-11-30T12:21:02.509Z,1165088000,113.43,View,46.495976,118.192914,46.494052,119.294034,70.506472,117.903557,70.498841,120.307139,Selenographic,Equatorial
1213,ch2_tmc_ncf_20201118T0916085466_d_img_d18.zip,2020-11-18T09:16:08.546Z,2020-11-18T09:26:28.188Z,1531872000,93.21,View,-2.510878,-179.389854,-2.471366,-178.774817,29.297905,-179.869071,29.320389,-179.102839,Selenographic,Equatorial
1214,ch2_tmc_ncn_20191130T1326533236_d_img_d18.zip,2019-11-30T13:26:53.323Z,2019-11-30T13:36:22.501Z,1407832000,90.88,View,-0.179875,164.994193,-0.17477,165.528576,29.253825,164.949292,29.258829,165.622007,Selenographic,Equatorial
1215,ch2_tmc_ncn_20220627T0515152056_d_img_d32.zip,2022-06-27T05:15:15.205Z,2022-06-27T05:25:10.274Z,1471120000,112.27,View,1.186589,-161.472473,1.187045,-162.270962,-28.643064,-161.696141,-28.646308,-162.569305,Selenographic,Equatorial
1216,ch2_tmc_ncn_20210514T0405521758_d_img_d18.zip,2021-05-14T04:05:52.175Z,2021-05-14T04:14:07.347Z,1224160000,105.23,View,-57.639401,-171.475908,-57.637226,-170.083333,-82.663734,-173.173866,-82.65681,-167.734973,Polar stereographic,South
1217,ch2_tmc_nca_20220723T0507548104_d_img_d32.zip,2022-07-23T05:07:54.810Z,2022-07-23T05:14:31.937Z,979680000,107.21,View,-40.608193,-144.552869,-40.599339,-145.727772,-60.350809,-144.517623,-60.339231,-146.168408,Selenographic,Equatorial
1218,ch2_tmc_ncf_20200725T1119206641_d_img_d18.zip,2020-07-25T11:19:20.664Z,2020-07-25T11:29:59.765Z,1579976000,114.34,View,-27.082741,89.275166,-27.099941,88.293182,-59.105341,90.822532,-59.13539,89.170864,Selenographic,Equatorial
1219,ch2_tmc_ncn_20191229T0015253876_d_img_d18.zip,2019-12-29T00:15:25.387Z,2019-12-29T00:24:59.976Z,1420488000,91.8,View,1.621182,149.735926,1.633688,150.292235,31.426028,149.652882,31.447752,150.34979,Selenographic,Equatorial
1220,ch2_tmc_nca_20200728T1205129291_d_img_d18.zip,2020-07-28T12:05:12.929Z,2020-07-28T12:15:54.718Z,1585024000,117.24,View,-30.828562,49.574865,-30.843926,48.52307,-62.691421,50.911964,-62.717733,49.028275,Selenographic,Equatorial
1221,ch2_tmc_ncf_20220629T0432155000_d_img_d32.zip,2022-06-29T04:32:15.500Z,2022-06-29T04:42:12.614Z,1476168000,115.36,View,2.808065,176.698271,2.946372,175.829528,-26.410245,173.226906,-26.556529,172.272667,Selenographic,Equatorial
1222,ch2_tmc_ncf_20221130T1213112346_d_img_n18.zip,2022-11-30T12:13:11.234Z,2022-11-30T12:21:02.480Z,1165008000,113.43,View,43.30296,118.209524,43.30246,119.249249,67.108978,117.977919,67.104245,120.036352,Selenographic,Equatorial
1223,ch2_tmc_ncf_20220708T0917311421_d_img_d32.zip,2022-07-08T09:17:31.142Z,2022-07-08T09:21:51.693Z,644136000,117.07,View,62.962115,49.553055,62.997463,47.647539,49.951613,49.92593,49.999502,48.531596,Selenographic,Equatorial
1224,ch2_tmc_ncn_20211208T0946376123_d_img_d32.zip,2021-12-08T09:46:37.612Z,2021-12-08T10:11:02.954Z,3622584000,99.18,View,-61.424795,143.839164,-61.424532,145.156083,13.588706,143.890922,13.588555,144.560744,Selenographic,Equatorial
1225,ch2_tmc_nca_20211211T1040426711_d_img_d32.zip,2021-12-11T10:40:42.671Z,2021-12-11T11:09:56.903Z,4336768000,94.77,View,-59.574388,102.612513,-59.588048,104.04635,29.707213,104.470397,29.70323,105.273731,Selenographic,Equatorial
1226,ch2_tmc_ncf_20221120T0542107644_d_img_d32.zip,2022-11-20T05:42:10.764Z,2022-11-20T05:49:56.884Z,1152336000,106.28,View,43.261686,-106.458341,43.265306,-105.502693,67.013135,-106.232686,67.009681,-104.355762,Selenographic,Equatorial
1227,ch2_tmc_nca_20200706T1755015013_d_img_d18.zip,2020-07-06T17:55:01.501Z,2020-07-06T18:00:05.881Z,752488000,122.27,View,63.859082,-24.095776,63.846047,-26.1335,48.647149,-24.344223,48.635334,-25.735334,Selenographic,Equatorial
1228,ch2_tmc_nca_20220519T2003439788_d_img_d18.zip,2022-05-19T20:03:43.978Z,2022-05-19T20:13:22.222Z,1429528000,114.65,View,62.776781,-16.828438,62.766776,-14.980569,33.813354,-16.860469,33.807283,-15.822459,Selenographic,Equatorial
1229,ch2_tmc_ncn_20211127T1936383269_d_img_d18.zip,2021-11-27T19:36:38.326Z,2021-11-27T19:46:53.927Z,1519816000,103.37,View,-61.415023,-78.312462,-61.435147,-76.863362,-30.274793,-77.025743,-30.285242,-76.259208,Selenographic,Equatorial
1230,ch2_tmc_ncn_20220803T0526153423_d_img_d18.zip,2022-08-03T05:26:15.342Z,2022-08-03T05:33:02.527Z,1006640000,137.02,View,30.484428,70.123487,30.471288,69.072966,10.428255,70.239369,10.416413,69.307818,Selenographic,Equatorial
1231,ch2_tmc_nca_20221117T2029512192_d_img_n18.zip,2022-11-17T20:29:51.219Z,2022-11-17T20:37:46.687Z,1175448000,106.24,View,46.178148,-75.135329,46.169563,-74.050065,70.415559,-74.956254,70.396439,-72.649369,Selenographic,Equatorial
1232,ch2_tmc_ncf_20200627T0527573150_d_img_d18.zip,2020-06-27T05:27:57.315Z,2020-06-27T05:38:35.390Z,1577440000,116.73,View,63.372117,98.852165,63.393971,97.048049,31.464098,100.324465,31.526049,99.295388,Selenographic,Equatorial
1233,ch2_tmc_ncn_20211206T0653331982_d_img_d18.zip,2021-12-06T06:53:33.198Z,2021-12-06T07:12:48.300Z,2854952000,98.51,View,-0.002602,172.226547,-0.001285,172.83332,59.172046,171.626905,59.173936,172.864801,Selenographic,Equatorial
1234,ch2_tmc_ncn_20200103T1555534119_d_img_m65.zip,2020-01-03T15:55:53.411Z,2020-01-03T16:05:46.432Z,1466056000,100.96,View,-30.601336,75.552285,-30.586519,74.768857,-0.43797,76.094931,-0.425412,75.422299,Selenographic,Equatorial
1235,ch2_tmc_ncn_20220110T0956254489_d_img_d32.zip,2022-01-10T09:56:25.448Z,2022-01-10T10:11:23.623Z,2220432000,92.26,View,-75.077181,-108.906574,-75.043456,-106.348859,-58.963167,68.818638,-58.94869,67.638269,Polar stereographic,South
1236,ch2_tmc_ncn_20220705T1212032165_d_img_d32.zip,2022-07-05T12:12:03.216Z,2022-07-05T12:21:57.246Z,1468552000,117.37,View,61.114968,86.546886,61.079844,84.954056,31.313938,87.55207,31.297937,86.603694,Selenographic,Equatorial
1237,ch2_tmc_ncf_20220725T0812418788_d_img_d32.zip,2022-07-25T08:12:41.878Z,2022-07-25T08:22:47.537Z,1496096000,123.57,View,3.22261,-172.62851,3.229058,-173.562896,-26.852157,-172.880122,-26.845509,-173.875574,Selenographic,Equatorial
1238,ch2_tmc_ncn_20211116T1726139902_d_img_d18.zip,2021-11-16T17:26:13.990Z,2021-11-16T17:36:43.583Z,1556472000,101.61,View,-87.41566,-82.72356,-87.645407,-97.846604,-60.282791,68.266205,-60.301369,69.61882,Polar stereographic,South
1239,ch2_tmc_ncf_20220111T1523597811_d_img_d32.zip,2022-01-11T15:23:59.781Z,2022-01-11T15:38:54.881Z,2212824000,87.97,View,-76.075167,-126.111163,-76.046494,-123.137884,-58.113724,52.782096,-58.102734,51.563796,Selenographic,Equatorial
1240,ch2_tmc_ncn_20210520T2106199007_d_img_hw1.zip,2021-05-20T21:06:19.900Z,2021-05-20T21:10:26.116Z,608696000,97.78,View,34.9933,-81.040825,17.573409,-81.432772,14.860143,-85.031897,17.011011,-66.991485,Selenographic,Equatorial
1241,ch2_tmc_ncn_20191201T0706462450_d_img_d18.zip,2019-12-01T07:06:46.245Z,2019-12-01T07:16:17.762Z,1412896000,94.68,View,-0.06696,155.209359,-0.08182,155.759245,29.368297,155.132903,29.352304,155.834754,Selenographic,Equatorial
1242,ch2_tmc_ncf_20191219T1646107526_d_img_d18.zip,2019-12-19T16:46:10.752Z,2019-12-19T16:55:44.318Z,1417960000,82.51,View,-0.116238,-87.568346,-0.154441,-86.95212,30.006787,-86.956489,29.969629,-86.259995,Selenographic,Equatorial
1243,ch2_tmc_nca_20210523T1109145540_d_img_d18.zip,2021-05-23T11:09:14.554Z,2021-05-23T11:17:39.509Z,1248344000,115.81,View,-55.659557,67.180613,-55.617061,68.764346,-81.088025,69.419574,-80.992029,74.831964,Polar stereographic,South
1244,ch2_tmc_ncf_20220603T1019273010_d_img_d32.zip,2022-06-03T10:19:27.301Z,2022-06-03T10:36:10.817Z,2480856000,124.61,View,-10.356902,151.002415,-10.35795,151.907374,-60.423962,149.996588,-60.42863,151.855379,Selenographic,Equatorial
1245,ch2_tmc_ncn_20220125T2109207915_d_img_d18.zip,2022-01-25T21:09:20.791Z,2022-01-25T21:24:24.391Z,2235624000,96.2,View,-74.398295,45.804371,-74.377539,48.542357,-59.7493,-134.532597,-59.740872,-135.792931,Selenographic,Equatorial
1246,ch2_tmc_nca_20200704T1637018932_d_img_d18.zip,2020-07-04T16:37:01.893Z,2020-07-04T16:42:07.166Z,754696000,114.47,View,75.54082,3.53555,75.528604,0.324049,60.0975,3.13905,60.090432,1.453653,Selenographic,Equatorial
1247,ch2_tmc_ncf_20200615T1942454760_d_img_d18.zip,2020-06-15T19:42:45.476Z,2020-06-15T19:53:28.673Z,1590104000,119.35,View,59.816927,-111.198951,59.845458,-109.566042,27.517271,-109.692751,27.533384,-108.715468,Selenographic,Equatorial
1248,ch2_tmc_nca_20221126T0937082563_d_img_d32.zip,2022-11-26T09:37:08.256Z,2022-11-26T09:45:02.547Z,1172536000,113.13,View,46.284812,171.580929,46.292868,172.640549,70.445867,170.166256,70.462783,172.492686,Selenographic,Equatorial
1249,ch2_tmc_ncn_20220102T0643359668_d_img_d18.zip,2022-01-02T06:43:35.966Z,2022-01-02T07:02:48.984Z,2850464000,79.27,View,-61.4581,177.556102,-61.462232,176.281195,-1.537559,176.843198,-1.541284,176.302127,Selenographic,Equatorial
1250,ch2_tmc_ncn_20191219T0500136311_d_img_gds.zip,2019-12-19T05:00:13.631Z,2019-12-19T05:09:47.613Z,1417624000,83.67,View,1.292658,-80.990408,1.285886,-80.417002,30.993534,-80.483827,30.985022,-79.828544,Selenographic,Equatorial
1251,ch2_tmc_nca_20220731T0806391746_d_img_d18.zip,2022-07-31T08:06:39.174Z,2022-07-31T08:17:43.173Z,1248304000,129.21,View,20.42435,108.346035,20.469223,107.319615,-4.404965,108.510974,-4.364972,107.548702,Selenographic,Equatorial
1252,ch2_tmc_ncn_20220629T1027326212_d_img_d32.zip,2022-06-29T10:27:32.621Z,2022-06-29T10:37:30.624Z,1478360000,115.73,View,1.493425,169.031342,1.52604,168.262958,-28.552146,168.827468,-28.5198,167.960706,Selenographic,Equatorial
1253,ch2_tmc_ncf_20211212T1035386470_d_img_d32.zip,2021-12-12T10:35:38.647Z,2021-12-12T10:58:21.712Z,3369736000,98.77,View,-12.57771,91.09641,-12.58601,91.768673,57.358936,92.118859,57.338073,93.468926,Selenographic,Equatorial
1254,ch2_tmc_ncn_20221202T1728135184_d_img_n18.zip,2022-12-02T17:28:13.518Z,2022-12-02T17:36:05.851Z,1167696000,116.41,View,44.714483,89.330192,44.706873,90.297569,68.679407,89.535706,68.662378,91.581986,Selenographic,Equatorial
1255,ch2_tmc_ncf_20220704T1230397186_d_img_d32.zip,2022-07-04T12:30:39.718Z,2022-07-04T12:40:35.683Z,1473336000,115.38,View,63.034481,102.336964,62.960082,100.467601,33.111087,102.155087,33.032634,101.101182,Selenographic,Equatorial
1256,ch2_tmc_ncn_20220709T1652316028_d_img_d32.zip,2022-07-09T16:52:31.602Z,2022-07-09T17:07:30.669Z,2222648000,123.3,View,61.223134,34.586782,61.226717,33.016949,16.271558,33.933585,16.274125,33.072917,Selenographic,Equatorial
1257,ch2_tmc_ncn_20220602T0610114617_d_img_d32.zip,2022-06-02T06:10:11.461Z,2022-06-02T06:40:10.337Z,4448168000,124.08,View,61.471678,166.518762,61.466996,168.062173,-28.49588,166.022998,-28.497332,166.943822,Selenographic,Equatorial
1258,ch2_tmc_ncf_20200730T1452348558_d_img_d18.zip,2020-07-30T14:52:34.855Z,2020-07-30T15:03:12.801Z,1577120000,118.28,View,33.082128,21.388736,33.077696,20.378783,1.215131,21.254227,1.21066,20.378621,Selenographic,Equatorial
1259,ch2_tmc_ncf_20211214T1729454092_d_img_d32.zip,2021-12-14T17:29:45.409Z,2021-12-14T17:44:11.838Z,2141960000,79.53,View,-62.715961,59.318927,-62.739482,60.725736,-17.569414,60.638975,-17.583459,61.259416,Selenographic,Equatorial
1260,ch2_tmc_ncf_20211114T1815074402_d_img_d18.zip,2021-11-14T18:15:07.440Z,2021-11-14T18:26:05.473Z,1627760000,91.88,View,-86.256132,-63.514834,-86.434415,-73.992854,-59.686064,94.043448,-59.707315,95.375161,Polar stereographic,South
1261,ch2_tmc_ncn_20211212T1227266196_d_img_d32.zip,2021-12-12T12:27:26.619Z,2021-12-12T12:37:07.220Z,1435352000,88.77,View,-31.116948,89.603613,-31.133026,90.302978,-1.143237,90.101321,-1.157384,90.694387,Selenographic,Equatorial
1262,ch2_tmc_ncn_20220731T0409478194_d_img_d18.zip,2022-07-31T04:09:47.819Z,2022-07-31T04:19:40.121Z,1466104000,129.46,View,30.408861,110.388411,30.396313,109.393602,1.104771,110.549393,1.09342,109.686428,Selenographic,Equatorial
1263,ch2_tmc_ncn_20220121T2251376721_d_img_d18.zip,2022-01-21T22:51:37.672Z,2022-01-21T23:06:45.586Z,2243224000,100.35,View,-74.479099,98.8239,-74.437907,101.536533,-59.572602,-83.802337,-59.553821,-85.109434,Selenographic,Equatorial
1264,ch2_tmc_ncf_20200526T0526071367_d_img_d18.zip,2020-05-26T05:26:07.136Z,2020-05-26T05:35:59.355Z,1463208000,99.57,View,59.50534,161.95996,59.524877,163.319178,29.089095,162.32501,29.107742,163.146755,Selenographic,Equatorial
1265,ch2_tmc_nca_20221201T1153148447_d_img_n18.zip,2022-12-01T11:53:14.844Z,2022-12-01T12:01:02.521Z,1156184000,113.71,View,46.420853,105.431914,46.409119,106.55124,70.263865,105.445626,70.242148,107.869787,Selenographic,Equatorial
1266,ch2_tmc_nca_20201118T0916085499_d_img_d18.zip,2020-11-18T09:16:08.549Z,2020-11-18T09:26:28.188Z,1531864000,93.21,View,0.085809,-179.507139,0.123585,-178.891442,32.1256,-179.817757,32.147407,-179.02722,Selenographic,Equatorial
1267,ch2_tmc_nca_20211227T0059566034_d_img_d18.zip,2021-12-27T00:59:56.603Z,2021-12-27T01:19:13.718Z,2860592000,78.8,View,-63.129066,-102.504322,-63.101271,-104.028715,-2.951722,-101.29471,-2.942796,-101.859814,Selenographic,Equatorial
1268,ch2_tmc_nca_20221201T0756351211_d_img_d32.zip,2022-12-01T07:56:35.121Z,2022-12-01T08:04:28.593Z,1170512000,113.37,View,46.437795,107.593345,46.442027,108.702277,70.573461,107.583909,70.568734,110.022157,Selenographic,Equatorial
1269,ch2_tmc_ncf_20210514T0405521790_d_img_d18.zip,2021-05-14T04:05:52.179Z,2021-05-14T04:14:07.402Z,1224288000,105.23,View,-59.388306,-171.582701,-59.386359,-169.957657,-84.292266,-174.169432,-84.283016,-166.420581,Polar stereographic,South
1270,ch2_tmc_ncf_20220511T0809312048_d_img_d18.zip,2022-05-11T08:09:31.204Z,2022-05-11T08:27:24.703Z,2653888000,109.89,View,58.836352,93.421531,58.842488,94.855524,4.42036,94.722376,4.415421,95.532999,Selenographic,Equatorial
1271,ch2_tmc_ncf_20200723T1207169469_d_img_d18.zip,2020-07-23T12:07:16.946Z,2020-07-23T12:17:51.947Z,1569840000,110.09,View,-26.923615,115.152129,-26.939321,114.221248,-58.90403,116.421423,-58.929401,114.859359,Selenographic,Equatorial
1272,ch2_tmc_nca_20220102T0247118835_d_img_d18.zip,2022-01-02T02:47:11.883Z,2022-01-02T03:06:24.904Z,2850472000,79.29,View,-62.660607,179.885824,-62.663455,178.454477,-2.572824,179.119191,-2.574337,178.538073,Selenographic,Equatorial
1273,ch2_tmc_nca_20210516T0532068398_d_img_d18.zip,2021-05-16T05:32:06.839Z,2021-05-16T05:40:42.937Z,1277760000,109.57,View,-55.489406,161.712553,-55.488104,163.255874,-81.553384,159.725296,-81.551308,165.339833,Polar stereographic,South
1274,ch2_tmc_ncf_20210513T1404316851_d_img_hw1.zip,2021-05-13T14:04:31.685Z,2021-05-13T14:09:33.280Z,747120000,117.03,View,-26.662371,-163.702955,-26.662646,-162.663734,-41.699558,-163.84619,-41.699648,-162.64518,Selenographic,Equatorial
1275,ch2_tmc_ncn_20200724T1143164279_d_img_d18.zip,2020-07-24T11:43:16.427Z,2020-07-24T11:53:53.477Z,1574904000,112.5,View,-28.778193,102.218411,-28.789358,101.338797,-60.737848,103.732,-60.761555,102.192369,Selenographic,Equatorial
1276,ch2_tmc_nca_20200718T0616404530_d_img_d18.zip,2020-07-18T06:16:40.453Z,2020-07-18T06:27:14.431Z,1567312000,109.37,View,-30.923673,-176.18885,-30.935748,-177.189349,-62.725493,-175.599412,-62.744186,-177.407197,Selenographic,Equatorial
1277,ch2_tmc_ncn_20191203T1406528783_d_img_d18.zip,2019-12-03T14:06:52.878Z,2019-12-03T14:16:41.801Z,1455928000,104.75,View,0.121376,125.234117,0.115232,125.897789,30.087798,125.488864,30.079372,126.281318,Selenographic,Equatorial
1278,ch2_tmc_ncn_20220704T1230397186_d_img_d32.zip,2022-07-04T12:30:39.718Z,2022-07-04T12:40:35.680Z,1473328000,115.38,View,61.222898,102.223748,61.217496,100.636245,31.231193,102.104259,31.224423,101.174463,Selenographic,Equatorial
1279,ch2_tmc_nca_20191128T0826518970_d_img_d18.zip,2019-11-28T08:26:51.897Z,2019-11-28T08:36:20.343Z,1405304000,87.37,View,1.021477,-165.50834,1.022026,-164.942605,30.555675,-165.641886,30.556185,-164.941041,Selenographic,Equatorial
1280,ch2_tmc_ncn_20220607T1253065114_d_img_d32.zip,2022-06-07T12:53:06.511Z,2022-06-07T13:22:35.970Z,4374416000,105.67,View,61.320318,94.960711,61.340613,96.353091,-28.528834,96.797288,-28.515655,97.598062,Selenographic,Equatorial
1281,ch2_tmc_ncn_20200801T1621579887_d_img_d18.zip,2020-08-01T16:21:57.988Z,2020-08-01T16:32:31.837Z,1566992000,106.97,View,-28.969367,-5.962927,-28.973489,-6.831879,-60.891113,-5.52143,-60.897026,-6.987509,Selenographic,Equatorial
1282,ch2_tmc_ncf_20220628T0857539284_d_img_d32.zip,2022-06-28T08:57:53.928Z,2022-06-28T09:07:48.952Z,1470992000,110.02,View,-26.912319,-177.977389,-26.826592,-178.979673,-56.919423,-178.499078,-56.825123,179.928535,Selenographic,Equatorial
1283,ch2_tmc_ncf_20191217T0003263102_d_img_d18.zip,2019-12-17T00:03:26.310Z,2019-12-17T00:13:13.162Z,1451496000,86.7,View,-1.238251,-51.811662,-1.246261,-51.156682,29.098551,-51.60502,29.089512,-50.870182,Selenographic,Equatorial
1284,ch2_tmc_nca_20221130T0816281655_d_img_n18.zip,2022-11-30T08:16:28.165Z,2022-11-30T08:24:22.673Z,1173072000,113.22,View,46.389261,120.288245,46.386421,121.393838,70.542571,119.897319,70.535338,122.31844,Selenographic,Equatorial
1285,ch2_tmc_ncf_20220107T1325487367_d_img_d32.zip,2022-01-07T13:25:48.736Z,2022-01-07T13:55:16.284Z,4369688000,100.56,View,-59.673342,106.577556,-59.65138,105.121109,30.356577,107.83934,30.367923,106.982256,Selenographic,Equatorial
1286,ch2_tmc_ncn_20221125T0758491264_d_img_d32.zip,2022-11-25T07:58:49.126Z,2022-11-25T08:06:44.909Z,1176224000,111.07,View,44.680143,-174.077783,44.688808,-173.164088,68.860785,-175.418598,68.877895,-173.510634,Selenographic,Equatorial
1287,ch2_tmc_ncf_20220130T0119401196_d_img_d18.zip,2022-01-30T01:19:40.119Z,2022-01-30T01:32:58.257Z,1973144000,91.44,View,-76.190426,-11.281313,-76.193372,-8.158641,-63.149148,171.283467,-63.151485,169.801352,Selenographic,Equatorial
1288,ch2_tmc_nca_20211226T0329181468_d_img_d18.zip,2021-12-26T03:29:18.146Z,2021-12-26T03:48:30.117Z,2848200000,80.85,View,-32.734204,-89.6976,-32.771767,-90.465688,27.091491,-89.606578,27.041809,-90.277479,Selenographic,Equatorial
1289,ch2_tmc_ncn_20220620T2127555941_d_img_d32.zip,2022-06-20T21:27:55.594Z,2022-06-20T21:57:38.502Z,4407656000,104.98,View,61.66704,-80.504136,61.685252,-78.933239,-28.219261,-78.876973,-28.209174,-78.079414,Selenographic,Equatorial
1290,ch2_tmc_nca_20220119T1749187076_d_img_d32.zip,2022-01-19T17:49:18.707Z,2022-01-19T18:04:25.968Z,2242912000,100.4,View,-72.850344,126.41162,-72.829856,129.083463,-61.035478,-53.711405,-61.025466,-55.231916,Selenographic,Equatorial
1291,ch2_tmc_nca_20211227T2240229006_d_img_d18.zip,2021-12-27T22:40:22.900Z,2021-12-27T22:59:39.207Z,2860600000,75.54,View,-63.01911,-114.202208,-62.935586,-115.698459,-3.534654,-112.987931,-3.480086,-113.521278,Selenographic,Equatorial
1292,ch2_tmc_ncf_20200105T1902278938_d_img_mad.zip,2020-01-05T19:02:27.893Z,2020-01-05T19:12:16.691Z,1455616000,95.34,View,-26.302718,47.422817,-26.291835,46.620694,3.858418,47.74101,3.868524,47.01681,Selenographic,Equatorial
1293,ch2_tmc_ncn_20191128T0431218394_d_img_d18.zip,2019-11-28T04:31:21.839Z,2019-11-28T04:40:50.282Z,1405296000,86.86,View,-0.481177,-163.311511,-0.453913,-162.817004,29.007359,-163.454133,29.037984,-162.852253,Selenographic,Equatorial
1294,ch2_tmc_nca_20210522T1506566722_d_img_d18.zip,2021-05-22T15:06:56.672Z,2021-05-22T15:16:55.708Z,1480928000,112.41,View,-55.672184,78.548503,-55.643317,80.087449,-85.888462,86.336065,-85.685202,97.177617,Polar stereographic,South
1295,ch2_tmc_nca_20220608T0833103489_d_img_d32.zip,2022-06-08T08:33:10.348Z,2022-06-08T09:02:44.694Z,4386496000,107.5,View,63.104232,83.804448,63.130823,85.497128,-26.698457,85.869057,-26.682921,86.775041,Selenographic,Equatorial
1296,ch2_tmc_ncn_20201122T1527272327_d_img_d18.zip,2020-11-22T15:27:27.232Z,2020-11-22T15:37:48.917Z,1536920000,95.15,View,-1.264338,123.950249,-1.270465,124.52258,30.725401,124.219435,30.716966,124.944852,Selenographic,Equatorial
1297,ch2_tmc_ncf_20220122T1835221477_d_img_d18.zip,2022-01-22T18:35:22.147Z,2022-01-22T18:45:17.679Z,1472264000,98.89,View,-88.651676,-114.285416,-88.219562,-138.601867,-58.622558,-94.550727,-58.602068,-95.939765,Polar stereographic,South
1298,ch2_tmc_nca_20220720T1929479256_d_img_d32.zip,2022-07-20T19:29:47.925Z,2022-07-20T19:43:19.532Z,2005216000,129.85,View,29.578749,-112.617112,29.571411,-113.728426,-10.265247,-112.468742,-10.272171,-113.416566,Selenographic,Equatorial
1299,ch2_tmc_ncn_20211124T1644053407_d_img_d18.zip,2021-11-24T16:44:05.340Z,2021-11-24T16:54:24.738Z,1529624000,109.09,View,-61.204592,-35.410801,-61.203614,-33.827236,-30.064103,-35.15849,-30.063454,-34.318499,Selenographic,Equatorial
1300,ch2_tmc_ncf_20210520T2102222343_d_img_hw1.zip,2021-05-20T21:02:22.234Z,2021-05-20T21:06:28.129Z,607904000,95.24,,-49.199677,119.303547,-49.76141,84.312695,-60.503939,125.935353,-61.237716,78.543338,Selenographic,Equatorial
1301,ch2_tmc_ncn_20191213T1738373173_d_img_d18.zip,2019-12-13T17:38:37.317Z,2019-12-13T17:48:08.388Z,1412568000,85.32,View,0.440069,-8.687315,0.440676,-8.109056,29.995386,-8.703101,29.995578,-8.038731,Selenographic,Equatorial
1302,ch2_tmc_ncn_20200721T0107425799_d_img_d32.zip,2020-07-21T01:07:42.579Z,2020-07-21T01:18:19.503Z,1574592000,114.71,View,-28.891048,147.383765,-28.894432,146.514073,-60.821897,147.822462,-60.827235,146.249514,Selenographic,Equatorial
1303,ch2_tmc_ncn_20200629T0642409607_d_img_d18.zip,2020-06-29T06:42:40.960Z,2020-06-29T06:53:22.110Z,1585040000,121.65,View,61.873684,72.327588,61.846722,70.757488,29.779752,73.339396,29.764437,72.400896,Selenographic,Equatorial
1304,ch2_tmc_ncf_20211124T0058239650_d_img_d18.zip,2021-11-24T00:58:23.965Z,2021-11-24T01:02:00.888Z,534304000,112.57,View,-63.116631,-26.631193,-63.113203,-24.767618,-52.230804,-26.488002,-52.228338,-25.132013,Selenographic,Equatorial
1305,ch2_tmc_ncf_20210519T0657397460_d_img_d18.zip,2021-05-19T06:57:39.746Z,2021-05-19T07:06:25.410Z,1297952000,111.37,View,-59.167998,122.882483,-59.192111,124.569231,-85.680649,128.187088,-85.524382,138.927061,Polar stereographic,South
1306,ch2_tmc_nca_20220129T0541079566_d_img_d18.zip,2022-01-29T05:41:07.956Z,2022-01-29T05:56:06.120Z,2220424000,91.88,View,-73.185321,-0.284276,-73.19155,2.343179,-60.752244,-177.619622,-60.756365,-178.998459,Selenographic,Equatorial
1307,ch2_tmc_ncf_20200103T0006532402_d_img_gds.zip,2020-01-03T00:06:53.240Z,2020-01-03T00:08:28.961Z,236648000,102.88,View,-29.460551,84.275205,-29.445332,83.394601,-24.589735,84.388544,-24.572413,83.546882,Selenographic,Equatorial
1308,ch2_tmc_nca_20220102T0841479394_d_img_d18.zip,2022-01-02T08:41:47.939Z,2022-01-02T09:01:01.979Z,2852992000,79.28,View,-62.907402,176.513723,-62.908768,175.036418,-2.765579,175.77314,-2.767491,175.175164,Selenographic,Equatorial
1309,ch2_tmc_ncn_20211225T2323072233_d_img_d18.zip,2021-12-25T23:23:07.223Z,2021-12-25T23:42:27.412Z,2868192000,81.45,View,-51.332027,-117.988044,-50.874662,-118.728307,-1.400468,-88.629993,-1.450471,-89.16767,Selenographic,Equatorial
1310,ch2_tmc_ncf_20220517T2100236594_d_img_d18.zip,2022-05-17T21:00:23.659Z,2022-05-17T21:10:05.477Z,1439832000,112.37,View,59.489664,9.63228,59.48067,11.224262,30.098291,9.457841,30.095299,10.431457,Selenographic,Equatorial
1311,ch2_tmc_ncf_20220111T1128205233_d_img_d32.zip,2022-01-11T11:28:20.523Z,2022-01-11T11:43:14.597Z,2210312000,87.44,View,-76.17019,-123.815928,-76.140482,-120.841012,-58.041689,54.949681,-58.030365,53.741766,Selenographic,Equatorial
1312,ch2_tmc_ncf_20200729T1140552432_d_img_d18.zip,2020-07-29T11:40:55.243Z,2020-07-29T11:51:35.363Z,1582496000,116.92,View,-26.647917,36.482304,-26.659568,35.488139,-58.636595,37.14296,-58.652178,35.500677,Selenographic,Equatorial
1313,ch2_tmc_ncn_20221127T0718415565_d_img_d32.zip,2022-11-27T07:18:41.556Z,2022-11-27T07:26:33.686Z,1168432000,117.28,View,44.788887,159.470247,44.798371,160.444203,68.644456,158.118872,68.662729,160.135452,Selenographic,Equatorial
1314,ch2_tmc_nca_20220109T1219587080_d_img_d32.zip,2022-01-09T12:19:58.708Z,2022-01-09T12:34:58.798Z,2225168000,94.5,View,-73.495529,-96.774626,-73.454325,-94.200123,-60.415397,80.501225,-60.394739,79.099081,Polar stereographic,South
1315,ch2_tmc_ncn_20211230T0352162162_d_img_d18.zip,2021-12-30T03:52:16.216Z,2021-12-30T04:11:32.434Z,2858376000,76.16,View,-61.430088,-141.717917,-61.431227,-143.035067,-1.437479,-141.863185,-1.440043,-142.366505,Selenographic,Equatorial
1316,ch2_tmc_ncf_20221203T1311391932_d_img_d32.zip,2022-12-03T13:11:39.193Z,2022-12-03T13:19:31.451Z,1167512000,115.5,View,43.22242,78.445197,43.21431,79.476768,67.086507,78.557671,67.069118,80.663904,Selenographic,Equatorial
1317,ch2_tmc_ncn_20200705T1815046089_d_img_d18.zip,2020-07-05T18:15:04.608Z,2020-07-05T18:20:06.814Z,747112000,118.77,View,71.696252,-11.16129,71.686102,-13.559979,56.563165,-11.361969,56.55685,-12.783879,Selenographic,Equatorial
1318,ch2_tmc_ncn_20220620T0006088200_d_img_d32.zip,2022-06-20T00:06:08.820Z,2022-06-20T00:22:33.900Z,2435296000,102.84,View,11.618983,-67.336839,11.628251,-66.603857,-38.273006,-67.022062,-38.262299,-66.148947,Selenographic,Equatorial
1319,ch2_tmc_nca_20211212T1227266229_d_img_d32.zip,2021-12-12T12:27:26.622Z,2021-12-12T12:37:07.224Z,1435352000,88.77,View,-29.715531,89.596826,-29.73024,90.363486,0.246882,90.085292,0.234234,90.744656,Selenographic,Equatorial
1320,ch2_tmc_ncn_20200720T0330044364_d_img_d18.zip,2020-07-20T03:30:04.436Z,2020-07-20T03:40:41.359Z,1574592000,113.96,View,-28.777986,159.30744,-28.781213,158.425374,-60.726831,159.603705,-60.73066,158.028452,Selenographic,Equatorial
1321,ch2_tmc_ncf_20200101T0442246060_d_img_d18.zip,2020-01-01T04:42:24.606Z,2020-01-01T04:51:58.460Z,1417648000,85,View,1.747437,108.778781,1.787579,108.168266,31.483382,109.395367,31.530994,108.652896,Selenographic,Equatorial
1322,ch2_tmc_ncn_20191128T0826518970_d_img_d18.zip,2019-11-28T08:26:51.897Z,2019-11-28T08:36:20.340Z,1405296000,87.37,View,-0.172897,-165.479972,-0.172634,-164.970036,29.281231,-165.60284,29.281448,-164.97928,Selenographic,Equatorial
1323,ch2_tmc_ncf_20191222T1718431309_d_img_cnb.zip,2019-12-22T17:18:43.130Z,2019-12-22T17:21:22.446Z,393864000,76.57,View,-0.75656,-127.080737,-0.749303,-126.529881,7.577493,-126.97999,7.585883,-126.432397,Selenographic,Equatorial
1324,ch2_tmc_ncn_20191126T0920267251_d_img_d18.zip,2019-11-26T09:20:26.725Z,2019-11-26T09:29:52.972Z,1397704000,82.11,View,-0.300234,-139.670929,-0.304959,-139.178691,29.117173,-139.488201,29.111728,-138.90488,Selenographic,Equatorial
1325,ch2_tmc_ncf_20220728T0110084987_d_img_d32.zip,2022-07-28T01:10:08.498Z,2022-07-28T01:30:15.918Z,2984904000,124.61,View,32.259879,152.412773,32.261336,151.362564,-27.711539,151.887353,-27.71119,150.86256,Selenographic,Equatorial
1326,ch2_tmc_ncf_20220102T0841479427_d_img_d18.zip,2022-01-02T08:41:47.942Z,2022-01-02T09:01:01.982Z,2852992000,79.28,View,-60.068277,176.40193,-60.063796,175.055684,-0.253842,175.776261,-0.250675,175.179905,Selenographic,Equatorial
1327,ch2_tmc_ncn_20200204T1820552927_d_img_g26.zip,2020-02-04T18:20:55.292Z,2020-02-04T18:30:38.714Z,1440736000,82.59,View,-30.803088,12.345254,-30.803069,11.684445,-0.594459,12.245196,-0.594534,11.702697,Selenographic,Equatorial
1328,ch2_tmc_ncn_20220627T0653129684_d_img_d32.zip,2022-06-27T06:53:12.968Z,2022-06-27T07:06:30.783Z,1972336000,117.55,View,61.292886,-161.880835,61.302996,-163.420016,21.337224,-162.949695,21.342098,-163.773522,Selenographic,Equatorial
1329,ch2_tmc_nca_20221202T0934517454_d_img_d32.zip,2022-12-02T09:34:51.745Z,2022-12-02T09:42:42.874Z,1164720000,116.4,View,46.323706,93.620854,46.310864,94.735728,70.339065,93.791657,70.313203,96.260565,Selenographic,Equatorial
1330,ch2_tmc_ncn_20220118T1617245717_d_img_d32.zip,2022-01-18T16:17:24.571Z,2022-01-18T16:32:36.364Z,2253216000,104.9,View,-74.607786,139.362708,-74.604076,142.138511,-59.403129,-39.034072,-59.402885,-40.394379,Selenographic,Equatorial
1331,ch2_tmc_nca_20221120T0542107676_d_img_d32.zip,2022-11-20T05:42:10.767Z,2022-11-20T05:49:56.855Z,1152256000,106.28,View,46.204027,-106.435063,46.210255,-105.427645,70.103885,-106.069444,70.098357,-103.911919,Selenographic,Equatorial
1332,ch2_tmc_ncn_20200721T0859384175_d_img_d32.zip,2020-07-21T08:59:38.417Z,2020-07-21T09:10:15.340Z,1574592000,114.45,View,-28.980317,143.046245,-28.987732,142.188641,-60.939316,143.51777,-60.947936,141.968325,Selenographic,Equatorial
1333,ch2_tmc_nca_20220519T1806046554_d_img_d18.zip,2022-05-19T18:06:04.655Z,2022-05-19T18:13:50.512Z,1151688000,114.53,View,62.831609,-15.765377,62.822042,-13.916265,39.499257,-15.761866,39.49258,-14.64461,Selenographic,Equatorial
1334,ch2_tmc_ncn_20191224T0436128888_d_img_d18.zip,2019-12-24T04:36:12.888Z,2019-12-24T04:45:42.225Z,1407504000,78,View,0.605025,-146.186312,0.602233,-145.702496,30.290281,-146.095571,30.287168,-145.546927,Selenographic,Equatorial
1335,ch2_tmc_ncn_20220708T0917311421_d_img_d32.zip,2022-07-08T09:17:31.142Z,2022-07-08T09:21:51.693Z,644136000,117.07,View,61.194128,49.568581,61.165666,47.957677,48.118707,49.920787,48.098134,48.715346,Selenographic,Equatorial
1336,ch2_tmc_nca_20210512T0829023655_d_img_d18.zip,2021-05-12T08:29:02.365Z,2021-05-12T08:38:26.894Z,1395624000,104.22,View,-34.722184,-147.284602,-34.71784,-146.202115,-63.406053,-147.393633,-63.398477,-145.606051,Selenographic,Equatorial
1337,ch2_tmc_ncf_20191216T0627459222_d_img_g26.zip,2019-12-16T06:27:45.922Z,2019-12-16T06:30:53.171Z,462920000,86.17,View,7.661623,-42.033284,7.65948,-41.378864,17.34978,-42.020305,17.346647,-41.350495,Selenographic,Equatorial
1338,ch2_tmc_nca_20220119T2342535284_d_img_d32.zip,2022-01-19T23:42:53.528Z,2022-01-19T23:57:57.715Z,2235304000,99.83,View,-72.879841,123.458255,-72.855118,126.125972,-61.133748,-57.140246,-61.121336,-58.656798,Selenographic,Equatorial
1339,ch2_tmc_ncf_20220110T1352097832_d_img_d32.zip,2022-01-10T13:52:09.783Z,2022-01-10T14:07:04.753Z,2212504000,90.68,View,-76.675977,-111.153837,-76.636617,-108.015012,-57.594297,66.785376,-57.579568,65.547585,Polar stereographic,South
1340,ch2_tmc_nca_20221124T0620457757_d_img_d32.zip,2022-11-24T06:20:45.775Z,2022-11-24T06:28:33.112Z,1155344000,105.89,View,46.179028,-160.074471,46.20375,-159.067613,70.050933,-161.617646,70.086252,-159.457234,Selenographic,Equatorial
1341,ch2_tmc_ncn_20200611T2110065660_d_img_d18.zip,2020-06-11T21:10:06.566Z,2020-06-11T21:20:41.902Z,1572056000,107.51,View,62.413799,-59.001045,62.436449,-57.46248,30.23957,-57.664983,30.252375,-56.824754,Selenographic,Equatorial
1342,ch2_tmc_nca_20210528T0107502543_d_img_hw1.zip,2021-05-28T01:07:50.254Z,2021-05-28T01:13:32.816Z,846880000,119.97,View,-16.647479,6.426714,-16.647234,7.391691,-33.87616,6.317861,-33.876813,7.381483,Selenographic,Equatorial
1343,ch2_tmc_nca_20220628T0857539187_d_img_d32.zip,2022-06-28T08:57:53.918Z,2022-06-28T09:07:48.952Z,1471008000,110.02,View,-30.567742,-178.0024,-30.624323,-179.044566,-60.436558,-178.590338,-60.476084,179.656941,Selenographic,Equatorial
1344,ch2_tmc_ncf_20220107T1127582478_d_img_d32.zip,2022-01-07T11:27:58.247Z,2022-01-07T11:57:24.420Z,4366832000,100.63,View,-59.667048,106.970331,-59.583915,105.525975,30.230956,109.29192,30.29939,108.441709,Selenographic,Equatorial
1345,ch2_tmc_ncn_20201127T1349121558_d_img_d32.zip,2020-11-27T13:49:12.155Z,2020-11-27T14:08:41.559Z,2890968000,97.66,View,-29.876709,58.265494,-29.885773,58.99408,30.059742,59.082445,30.05027,59.844378,Selenographic,Equatorial
1346,ch2_tmc_nca_20220601T0820436919_d_img_d32.zip,2022-06-01T08:20:43.691Z,2022-06-01T08:50:43.873Z,4450328000,123.27,View,64.049728,178.073612,64.026967,179.967694,-25.731765,177.177797,-25.762294,178.159944,Selenographic,Equatorial
1347,ch2_tmc_ncn_20221130T1014486575_d_img_n18.zip,2022-11-30T10:14:48.657Z,2022-11-30T10:29:29.318Z,2177152000,113.17,View,44.804213,117.79336,44.798094,118.757419,89.304713,105.199062,89.109625,160.465944,Polar stereographic,North
1348,ch2_tmc_ncn_20211219T1607373360_d_img_d32.zip,2021-12-19T16:07:37.336Z,2021-12-19T16:20:28.516Z,1906488000,90.76,View,18.794201,-4.405278,18.795387,-3.805369,58.712085,-4.844967,58.713688,-3.657272,Selenographic,Equatorial
1349,ch2_tmc_nca_20220130T0713123575_d_img_d18.zip,2022-01-30T07:13:12.357Z,2022-01-30T07:28:09.498Z,2217896000,89.39,View,-72.973276,-14.298593,-72.975743,-11.783534,-60.880313,167.927397,-60.8836,166.58098,Selenographic,Equatorial
1350,ch2_tmc_nca_20221204T1449565643_d_img_n18.zip,2022-12-04T14:49:56.564Z,2022-12-04T14:57:44.240Z,1156184000,118.96,View,46.466578,64.086894,46.449312,65.153694,70.274442,63.835892,70.249209,66.262255,Selenographic,Equatorial
1351,ch2_tmc_ncn_20220127T0434599637_d_img_d18.zip,2022-01-27T04:34:59.963Z,2022-01-27T04:50:07.349Z,2243224000,96.91,View,-74.431014,26.903715,-74.434493,29.658297,-59.579263,-150.753717,-59.582071,-152.017142,Selenographic,Equatorial
1352,ch2_tmc_ncn_20220109T1022082458_d_img_d32.zip,2022-01-09T10:22:08.245Z,2022-01-09T10:37:06.290Z,2220120000,94.54,View,-75.088731,-95.336838,-75.048176,-92.784781,-59.005388,81.567605,-58.987287,80.356907,Polar stereographic,South
1353,ch2_tmc_ncn_20211201T0246136802_d_img_d18.zip,2021-12-01T02:46:13.680Z,2021-12-01T02:58:56.186Z,1885056000,84.93,View,-0.293936,-119.754617,-0.29998,-119.177336,39.164168,-119.382823,39.156414,-118.67734,Selenographic,Equatorial
1354,ch2_tmc_ncn_20220729T1042559773_d_img_d32.zip,2022-07-29T10:42:55.977Z,2022-07-29T11:03:05.317Z,2989672000,123.84,View,30.398796,133.578991,30.395279,132.642719,-29.568113,133.405692,-29.57203,132.486275,Selenographic,Equatorial
1355,ch2_tmc_ncn_20211217T1237403967_d_img_d32.zip,2021-12-17T12:37:40.396Z,2021-12-17T12:43:15.952Z,829552000,81.4,View,-33.831184,23.715978,-33.817867,24.386382,-16.383134,23.673046,-16.369998,24.241423,Selenographic,Equatorial
1356,ch2_tmc_nca_20200729T1536521638_d_img_d18.zip,2020-07-29T15:36:52.163Z,2020-07-29T15:47:34.332Z,1587560000,116.9,View,-30.390319,34.369867,-30.397329,33.332671,-62.34889,35.095344,-62.360169,33.241163,Selenographic,Equatorial
1357,ch2_tmc_ncn_20191130T0733339261_d_img_d18.zip,2019-11-30T07:33:33.926Z,2019-11-30T07:43:02.369Z,1405296000,89.83,View,-0.223017,168.289733,-0.21879,168.825551,29.172113,168.252082,29.176214,168.921285,Selenographic,Equatorial
1358,ch2_tmc_nca_20220622T0258238889_d_img_d32.zip,2022-06-22T02:58:23.888Z,2022-06-22T03:28:17.929Z,4435176000,108.51,View,59.603098,-95.504637,59.56157,-97.200281,-30.341671,-94.13257,-30.365538,-95.076421,Selenographic,Equatorial
1359,ch2_tmc_nca_20191129T0404363486_d_img_d18.zip,2019-11-29T04:04:36.348Z,2019-11-29T04:14:04.665Z,1404984000,88.51,View,1.140622,-176.340503,1.139762,-175.764462,30.651352,-176.395609,30.650032,-175.676311,Selenographic,Equatorial
1360,ch2_tmc_ncf_20221202T1331333485_d_img_n18.zip,2022-12-02T13:31:33.348Z,2022-12-02T13:39:28.542Z,1174768000,116.67,View,43.109618,91.440879,43.108744,92.491371,67.07191,91.577374,67.061627,93.707445,Selenographic,Equatorial
1361,ch2_tmc_nca_20210518T0658133241_d_img_d18.zip,2021-05-18T06:58:13.324Z,2021-05-18T07:06:49.194Z,1275328000,109.78,View,-55.549805,134.554602,-55.563607,136.096407,-81.556581,133.501667,-81.572667,139.136882,Polar stereographic,South
1362,ch2_tmc_ncn_20200620T0008527417_d_img_d18.zip,2020-06-20T00:08:52.741Z,2020-06-20T00:19:34.784Z,1587248000,118.83,View,62.445256,-165.178745,62.44747,-163.626508,30.250545,-164.862538,30.251681,-163.970835,Selenographic,Equatorial
1363,ch2_tmc_nca_20220103T0423479404_d_img_d18.zip,2022-01-03T04:23:47.940Z,2022-01-03T04:42:58.193Z,2843200000,79.94,View,-16.087684,169.41386,-16.76061,169.362904,-8.165512,-117.689237,-7.55201,-117.771623,Selenographic,Equatorial
1364,ch2_tmc_ncf_20220701T0533051851_d_img_d32.zip,2022-07-01T05:33:05.185Z,2022-07-01T05:49:33.336Z,2442872000,111.83,View,62.796291,146.2119,62.771626,144.564446,12.986677,145.461352,12.954202,144.632287,Selenographic,Equatorial
1365,ch2_tmc_ncf_20220723T0037194170_d_img_d32.zip,2022-07-23T00:37:19.417Z,2022-07-23T00:47:26.640Z,1501152000,136,View,63.210655,-142.904889,63.286535,-145.124034,33.694296,-141.320236,33.742294,-142.569547,Selenographic,Equatorial
1366,ch2_tmc_ncn_20220628T0233067012_d_img_d32.zip,2022-06-28T02:33:06.701Z,2022-06-28T02:43:03.814Z,1476168000,116.05,View,61.318453,-171.626237,61.340902,-173.185567,31.369725,-172.91333,31.380103,-173.82409,Selenographic,Equatorial
1367,ch2_tmc_nca_20210514T0803114100_d_img_d18.zip,2021-05-14T08:03:11.410Z,2021-05-14T08:13:02.303Z,1460800000,103.46,View,-55.825966,-173.75736,-55.821309,-172.232004,-85.7916,-178.163975,-85.784561,-167.400613,Polar stereographic,South
1368,ch2_tmc_nca_20220721T2129474630_d_img_d32.zip,2022-07-21T21:29:47.463Z,2022-07-21T21:39:42.401Z,1470800000,108.27,View,-30.684831,-126.699929,-30.700202,-127.743528,-60.229139,-126.150605,-60.246752,-127.734743,Selenographic,Equatorial
1369,ch2_tmc_ncf_20221202T1728135217_d_img_n18.zip,2022-12-02T17:28:13.521Z,2022-12-02T17:36:05.822Z,1167616000,116.41,View,43.098679,89.268688,43.090254,90.313734,66.927519,89.409615,66.909629,91.518197,Selenographic,Equatorial
1370,ch2_tmc_nca_20221121T0720438477_d_img_d32.zip,2022-11-21T07:20:43.847Z,2022-11-21T07:28:23.949Z,1137232000,101.35,View,46.196071,-120.561334,46.208173,-119.6121,69.978577,-120.550175,69.98584,-118.518967,Selenographic,Equatorial
1371,ch2_tmc_ncf_20220715T2053508676_d_img_d32.zip,2022-07-15T20:53:50.867Z,2022-07-15T21:06:08.405Z,1823328000,121.5,View,63.212548,-46.884585,63.200972,-48.877089,26.404716,-47.478485,26.393092,-48.4907,Selenographic,Equatorial
1372,ch2_tmc_ncn_20220126T0105091944_d_img_d18.zip,2022-01-26T01:05:09.194Z,2022-01-26T01:20:14.535Z,2238168000,96.12,View,-74.666988,43.430729,-74.649315,46.208495,-59.41845,-136.539257,-59.411612,-137.786254,Selenographic,Equatorial
1373,ch2_tmc_ncf_20221126T0937082531_d_img_d32.zip,2022-11-26T09:37:08.253Z,2022-11-26T09:45:02.576Z,1172616000,113.13,View,43.189446,171.665885,43.195124,172.667752,67.178768,170.532145,67.190894,172.534669,Selenographic,Equatorial
1374,ch2_tmc_ncn_20220620T1929524692_d_img_d32.zip,2022-06-20T19:29:52.469Z,2022-06-20T19:43:06.611Z,1961880000,110.67,View,61.767752,-79.420915,61.785678,-77.844946,21.824306,-78.249589,21.833624,-77.449032,Selenographic,Equatorial
1375,ch2_tmc_ncn_20221201T0756351211_d_img_d32.zip,2022-12-01T07:56:35.121Z,2022-12-01T08:04:28.593Z,1170512000,113.37,View,44.847434,107.641011,44.841181,108.610352,68.863355,107.698361,68.84958,109.719362,Selenographic,Equatorial
1376,ch2_tmc_ncn_20200712T2226057043_d_img_d18.zip,2020-07-12T22:26:05.704Z,2020-07-12T22:36:36.615Z,1559728000,106,View,-25.010188,-105.137137,-25.025769,-105.928356,-56.854876,-103.847256,-56.878708,-105.103487,Selenographic,Equatorial
1377,ch2_tmc_nca_20200721T0859384175_d_img_d32.zip,2020-07-21T08:59:38.417Z,2020-07-21T09:10:15.337Z,1574584000,114.45,View,-30.740647,143.120669,-30.747795,142.149191,-62.702001,143.696496,-62.711203,141.86995,Selenographic,Equatorial
1378,ch2_tmc_ncf_20221203T1113183991_d_img_n18.zip,2022-12-03T11:13:18.399Z,2022-12-03T11:21:08.735Z,1163648000,114.21,View,43.19602,79.541601,43.189009,80.571277,66.993621,79.671662,66.977193,81.765616,Selenographic,Equatorial
1379,ch2_tmc_ncf_20221127T0718415890_d_img_d32.zip,2022-11-27T07:18:41.589Z,2022-11-27T07:26:33.366Z,1167632000,117.28,View,43.164819,159.466789,43.17454,160.518377,66.902939,158.205917,66.921067,160.283946,Selenographic,Equatorial
1380,ch2_tmc_nca_20220518T1834222383_d_img_d18.zip,2022-05-18T18:34:22.238Z,2022-05-18T18:44:19.150Z,1475680000,113.54,View,62.902706,-2.658685,62.894442,-0.857662,32.966708,-2.622442,32.960625,-1.607848,Selenographic,Equatorial
1381,ch2_tmc_ncn_20220601T0244017518_d_img_d32.zip,2022-06-01T02:44:01.751Z,2022-06-01T02:53:42.737Z,1436304000,122.85,View,1.192469,-178.751418,1.178537,-177.929442,-27.836237,-179.031894,-27.844002,-178.105607,Selenographic,Equatorial
1382,ch2_tmc_ncn_20220721T2129474661_d_img_d32.zip,2022-07-21T21:29:47.466Z,2022-07-21T21:39:42.401Z,1470768000,108.27,View,-28.782879,-126.779221,-28.788521,-127.699706,-58.605124,-126.322913,-58.612969,-127.681187,Selenographic,Equatorial
1383,ch2_tmc_ncn_20200719T0156372566_d_img_d32.zip,2020-07-19T01:56:37.256Z,2020-07-19T02:07:11.903Z,1569536000,110.47,View,-29.239214,173.173525,-29.242325,172.291861,-61.144651,173.578611,-61.14867,172.035956,Selenographic,Equatorial
1384,ch2_tmc_nca_20211214T1333204781_d_img_d32.zip,2021-12-14T13:33:20.478Z,2021-12-14T13:42:58.110Z,1427768000,81.12,View,-59.934685,61.894483,-59.938085,63.195154,-30.092719,63.175661,-30.109377,63.873594,Selenographic,Equatorial
1385,ch2_tmc_ncf_20200103T1555534119_d_img_m65.zip,2020-01-03T15:55:53.411Z,2020-01-03T16:05:46.429Z,1466048000,100.96,View,-29.032272,75.623061,-29.014418,74.767363,1.14394,76.160827,1.159522,75.414403,Selenographic,Equatorial
1386,ch2_tmc_ncf_20220125T1911266644_d_img_d18.zip,2022-01-25T19:11:26.664Z,2022-01-25T19:26:31.875Z,2237848000,96.36,View,-76.058653,46.834494,-76.031475,50.234582,-58.297402,-133.435616,-58.287549,-134.777528,Selenographic,Equatorial
1387,ch2_tmc_ncn_20200603T1219138261_d_img_d18.zip,2020-06-03T12:19:13.826Z,2020-06-03T12:29:06.102Z,1466056000,106.96,View,61.252216,51.446947,61.269707,52.825069,31.121461,52.55121,31.13764,53.388352,Selenographic,Equatorial
1388,ch2_tmc_ncn_20220101T0308414328_d_img_d18.zip,2022-01-01T03:08:41.432Z,2022-01-01T03:27:57.653Z,2858384000,79.21,View,-61.65129,-166.756989,-61.64821,-168.062965,-1.632917,-167.6965,-1.625847,-168.237681,Selenographic,Equatorial
1389,ch2_tmc_ncf_20211124T1644053374_d_img_d18.zip,2021-11-24T16:44:05.337Z,2021-11-24T16:54:24.705Z,1529624000,109.09,View,-63.013822,-35.540633,-63.01703,-33.673825,-31.740508,-35.200365,-31.744108,-34.251496,Selenographic,Equatorial
1390,ch2_tmc_nca_20191201T1457503374_d_img_gds.zip,2019-12-01T14:57:50.337Z,2019-12-01T15:07:21.722Z,1412568000,95.18,View,1.446613,150.887763,1.459722,151.517748,30.978149,150.783455,30.99454,151.600257,Selenographic,Equatorial
1391,ch2_tmc_ncf_20211216T1250305515_d_img_d32.zip,2021-12-16T12:50:30.551Z,2021-12-16T13:04:54.799Z,2136552000,80.14,View,-62.615171,35.978761,-62.625048,37.370112,-17.609049,36.575093,-17.615286,37.189191,Selenographic,Equatorial
1392,ch2_tmc_ncn_20220706T0756306248_d_img_d32.zip,2022-07-06T07:56:30.624Z,2022-07-06T08:06:28.748Z,1478672000,119.77,View,61.280455,78.268938,61.276276,76.647803,31.331163,78.233898,31.326331,77.273056,Selenographic,Equatorial
1393,ch2_tmc_nca_20221128T0658252902_d_img_d32.zip,2022-11-28T06:58:25.290Z,2022-11-28T07:06:20.797Z,1175544000,119.5,View,46.528075,146.416108,46.526139,147.573089,70.549731,144.845227,70.557975,147.379994,Selenographic,Equatorial
1394,ch2_tmc_ncf_20210520T1701224888_d_img_d18.zip,2021-05-20T17:01:22.488Z,2021-05-20T17:11:19.602Z,1476176000,111.96,View,-58.980903,103.804061,-58.953257,105.456992,-88.934962,132.024689,-88.370964,158.097052,Polar stereographic,South
1395,ch2_tmc_ncn_20220517T2258012964_d_img_d18.zip,2022-05-17T22:58:01.296Z,2022-05-17T23:07:32.356Z,1411768000,112.36,View,61.167644,8.596753,61.159244,10.10601,32.421294,8.41777,32.417742,9.315021,Selenographic,Equatorial
1396,ch2_tmc_nca_20200801T1028007876_d_img_d18.zip,2020-08-01T10:28:00.787Z,2020-08-01T10:38:35.795Z,1569856000,107.43,View,-30.733804,-2.572612,-30.718883,-3.561367,-62.568346,-2.137981,-62.553853,-3.870431,Selenographic,Equatorial
1397,ch2_tmc_ncf_20221120T2327186042_d_img_d32.zip,2022-11-20T23:27:18.604Z,2022-11-20T23:35:03.808Z,1150072000,100.74,View,43.361872,-116.263453,43.358666,-115.361903,67.185271,-116.156386,67.176447,-114.366803,Selenographic,Equatorial
1398,ch2_tmc_ncn_20211223T1811138086_d_img_d32.zip,2021-12-23T18:11:13.808Z,2021-12-23T18:25:48.298Z,2161888000,86.88,View,-61.427152,-58.203703,-61.415918,-59.569939,-16.451086,-57.889246,-16.44681,-58.491451,Selenographic,Equatorial
1399,ch2_tmc_ncn_20220121T1855536620_d_img_d18.zip,2022-01-21T18:55:53.662Z,2022-01-21T19:11:00.925Z,2242920000,100.18,View,-74.489512,100.8737,-74.45007,103.572946,-59.548367,-81.589867,-59.530364,-82.893783,Selenographic,Equatorial
1400,ch2_tmc_nca_20220601T0223403748_d_img_d32.zip,2022-06-01T02:23:40.374Z,2022-06-01T02:42:37.987Z,2812376000,123.16,,63.574644,-178.763008,63.569501,-176.855938,6.801391,-178.826849,6.800102,-177.918931,Selenographic,Equatorial
1401,ch2_tmc_ncf_20220524T0022547922_d_img_d18.zip,2022-05-24T00:22:54.792Z,2022-05-24T00:42:43.660Z,2939096000,101.37,View,-0.542109,-71.557052,-0.537279,-70.730397,-60.315251,-71.035583,-60.30169,-69.549359,Selenographic,Equatorial
1402,ch2_tmc_nca_20220707T1531297571_d_img_d32.zip,2022-07-07T15:31:29.757Z,2022-07-07T15:41:02.457Z,1415824000,120.6,View,59.512411,60.313287,59.496948,58.689719,30.660366,60.45675,30.649871,59.420201,Selenographic,Equatorial
1403,ch2_tmc_ncn_20220119T2145008809_d_img_d32.zip,2022-01-19T21:45:00.880Z,2022-01-19T22:00:07.112Z,2240352000,100,View,-74.482818,124.636935,-74.459911,127.27878,-59.547704,-56.056849,-59.537502,-57.358754,Selenographic,Equatorial
1404,ch2_tmc_nca_20211220T2136521172_d_img_d32.zip,2021-12-20T21:36:52.117Z,2021-12-20T21:39:04.244Z,326640000,84.04,View,8.464484,-20.345941,8.467024,-19.719615,15.311219,-20.387231,15.313783,-19.748822,Selenographic,Equatorial
1405,ch2_tmc_ncf_20220517T2258012123_d_img_d18.zip,2022-05-17T22:58:01.212Z,2022-05-17T23:07:32.365Z,1412000000,112.36,View,59.465202,8.526142,59.455897,10.115466,30.645258,8.370704,30.641547,9.347667,Selenographic,Equatorial
1406,ch2_tmc_ncn_20221127T1313362113_d_img_d32.zip,2022-11-27T13:13:36.211Z,2022-11-27T13:21:34.430Z,1182248000,118.63,View,44.723498,156.185765,44.733384,157.165807,68.819342,154.775813,68.838648,156.823082,Selenographic,Equatorial
1407,ch2_tmc_nca_20220125T2307105422_d_img_d18.zip,2022-01-25T23:07:10.542Z,2022-01-25T23:22:16.902Z,2240688000,96.15,View,-72.591691,44.467308,-72.572153,47.201599,-61.207064,-135.472737,-61.198494,-136.936659,Selenographic,Equatorial
1408,ch2_tmc_nca_20211214T1729454092_d_img_d32.zip,2021-12-14T17:29:45.409Z,2021-12-14T17:44:11.838Z,2141968000,79.53,View,-59.991473,59.50063,-60.01398,60.792256,-15.069718,60.672188,-15.084149,61.28578,Selenographic,Equatorial
1409,ch2_tmc_ncn_20211226T2103295074_d_img_d18.zip,2021-12-26T21:03:29.507Z,2021-12-26T21:22:48.799Z,2865976000,79.08,View,-61.642934,-100.238191,-61.621991,-101.563764,-1.629363,-99.115323,-1.621496,-99.63162,Selenographic,Equatorial
1410,ch2_tmc_nca_20221130T1411304128_d_img_n18.zip,2022-11-30T14:11:30.412Z,2022-11-30T14:19:20.814Z,1163840000,113.34,View,46.422768,117.141496,46.419172,118.241009,70.39499,116.88471,70.385394,119.274875,Selenographic,Equatorial
1411,ch2_tmc_ncf_20220603T0601364611_d_img_d32.zip,2022-06-03T06:01:36.461Z,2022-06-03T06:28:07.537Z,3933376000,123.52,View,49.707932,153.565272,49.659894,154.785918,-30.238128,150.971141,-30.329824,152.002559,Selenographic,Equatorial
1412,ch2_tmc_nca_20220527T0134064246_d_img_d18.zip,2022-05-27T01:34:06.424Z,2022-05-27T01:54:10.476Z,2976632000,121.4,View,33.915736,-112.365988,34.049133,-111.27948,-27.025077,-109.853513,-26.846594,-108.883327,Selenographic,Equatorial
1413,ch2_tmc_nca_20211114T1039153730_d_img_d18.zip,2021-11-14T10:39:15.373Z,2021-11-14T10:50:05.550Z,1607360000,93.36,View,-46.476319,99.207781,-46.490825,100.216845,-13.147117,99.964479,-13.157234,100.678386,Selenographic,Equatorial
1414,ch2_tmc_ncf_20210524T1512098273_d_img_d18.zip,2021-05-24T15:12:09.827Z,2021-05-24T15:21:40.904Z,1411808000,114.1,View,-59.146265,51.946018,-59.111777,53.57921,-87.714445,57.614714,-87.511253,75.170535,Polar stereographic,South
1415,ch2_tmc_nca_20220101T0110303545_d_img_d18.zip,2022-01-01T01:10:30.354Z,2022-01-01T01:29:45.546Z,2855840000,79.07,View,-63.090407,-165.472568,-63.101636,-166.990933,-2.931618,-166.621369,-2.935828,-167.219546,Selenographic,Equatorial
1416,ch2_tmc_nca_20200118T1731219963_d_img_d18.zip,2020-01-18T17:31:21.996Z,2020-01-18T17:41:08.875Z,1450872000,90.2,View,-33.963986,-123.194181,-33.952062,-124.064494,-3.743225,-122.862535,-3.734281,-123.52599,Selenographic,Equatorial
1417,ch2_tmc_ncn_20220701T1128212269_d_img_d32.zip,2022-07-01T11:28:21.226Z,2022-07-01T11:38:13.217Z,1463504000,109.68,View,61.209044,141.597333,61.198351,140.132228,31.245081,141.499629,31.241017,140.637271,Selenographic,Equatorial
1418,ch2_tmc_nca_20221128T0856469820_d_img_d32.zip,2022-11-28T08:56:46.982Z,2022-11-28T09:04:32.266Z,1152456000,119.41,View,46.622817,145.361217,46.63337,146.514636,70.178962,143.865752,70.19977,146.340959,Selenographic,Equatorial
1419,ch2_tmc_nca_20211116T1726139934_d_img_d18.zip,2021-11-16T17:26:13.993Z,2021-11-16T17:36:43.586Z,1556472000,101.61,View,-88.61075,-49.328683,-89.182121,-76.960211,-58.708721,68.30953,-58.728083,69.744239,Polar stereographic,South
1420,ch2_tmc_ncf_20200720T0726007861_d_img_d18.zip,2020-07-20T07:26:00.786Z,2020-07-20T07:36:38.209Z,1577112000,114.31,View,-27.010211,157.167146,-27.007592,156.212508,-58.995535,157.466819,-58.993111,155.814441,Selenographic,Equatorial
1421,ch2_tmc_nca_20210514T1001493903_d_img_d18.zip,2021-05-14T10:01:49.390Z,2021-05-14T10:11:40.228Z,1460664000,104.02,View,-55.889627,-174.707421,-55.885589,-173.225259,-85.904348,-178.111565,-85.883562,-167.435759,Polar stereographic,South
1422,ch2_tmc_ncf_20191229T1201056358_d_img_gds.zip,2019-12-29T12:01:05.635Z,2019-12-29T12:10:42.528Z,1426184000,91.31,View,0.36982,143.387653,0.367155,144.013574,30.033978,143.392859,30.030608,144.163256,Selenographic,Equatorial
1423,ch2_tmc_ncf_20221122T0700519657_d_img_n18.zip,2022-11-22T07:00:51.965Z,2022-11-22T07:08:33.371Z,1142832000,104.67,View,43.332488,-133.526332,43.331297,-132.616408,66.948076,-133.791103,66.944107,-131.994872,Selenographic,Equatorial
1424,ch2_tmc_ncn_20221202T1133119134_d_img_d32.zip,2022-12-02T11:33:11.913Z,2022-12-02T11:41:01.732Z,1161480000,116.39,View,44.687694,92.574639,44.679349,93.550702,68.508138,92.78347,68.490343,94.82748,Selenographic,Equatorial
1425,ch2_tmc_nca_20220716T2040532747_d_img_d18.zip,2022-07-16T20:40:53.274Z,2022-07-16T20:42:00.660Z,167208000,121.75,View,41.437259,-60.629564,41.427131,-61.819703,38.062652,-60.625435,38.052885,-61.76093,Selenographic,Equatorial
1426,ch2_tmc_ncn_20221201T1549554094_d_img_d32.zip,2022-12-01T15:49:55.409Z,2022-12-01T15:57:46.244Z,1163992000,114.64,View,44.84886,103.331954,44.842749,104.313391,68.720581,103.409507,68.706554,105.44973,Selenographic,Equatorial
1427,ch2_tmc_nca_20221118T0026353667_d_img_n18.zip,2022-11-18T00:26:35.366Z,2022-11-18T00:34:27.466Z,1167120000,105.52,View,46.235912,-77.285819,46.2274,-76.210801,70.324536,-77.079025,70.305494,-74.806397,Selenographic,Equatorial
1428,ch2_tmc_nca_20210601T0709442907_d_img_hw1.zip,2021-06-01T07:09:44.290Z,2021-06-01T07:16:10.480Z,954736000,103.17,View,-17.144073,-49.61001,-17.163758,-48.821376,-36.723658,-49.56416,-36.743765,-48.619769,Selenographic,Equatorial
1429,ch2_tmc_ncn_20200721T0305423409_d_img_d32.zip,2020-07-21T03:05:42.340Z,2020-07-21T03:16:18.241Z,1572064000,114.62,View,-28.963037,146.29387,-28.963988,145.428356,-60.851456,146.694798,-60.852182,145.130366,Selenographic,Equatorial
1430,ch2_tmc_ncn_20200719T0750312985_d_img_d32.zip,2020-07-19T07:50:31.298Z,2020-07-19T08:01:07.192Z,1572048000,111.27,View,-29.123567,169.991541,-29.142964,169.100258,-61.058938,170.429062,-61.079851,168.864486,Selenographic,Equatorial
1431,ch2_tmc_ncn_20220125T0333344846_d_img_d18.zip,2022-01-25T03:33:34.484Z,2022-01-25T03:43:39.863Z,1494496000,98.13,View,-89.595313,83.101392,-89.01821,123.761239,-59.702791,-125.217135,-59.691166,-126.501022,Polar stereographic,South
1432,ch2_tmc_nca_20220121T0115093095_d_img_d18.zip,2022-01-21T01:15:09.309Z,2022-01-21T01:30:14.647Z,2238160000,98.79,View,-72.971986,110.183019,-72.93524,112.850349,-60.928637,-71.731979,-60.909805,-73.222225,Selenographic,Equatorial
1433,ch2_tmc_ncf_20220727T0526148890_d_img_d32.zip,2022-07-27T05:26:14.889Z,2022-07-27T05:46:26.267Z,2994704000,125.1,View,32.067272,163.209825,32.072301,162.132909,-27.938991,162.706238,-27.934648,161.68004,Selenographic,Equatorial
1434,ch2_tmc_ncf_20191201T0311138950_d_img_d18.zip,2019-12-01T03:11:13.895Z,2019-12-01T03:20:45.409Z,1412888000,94.11,View,-1.451738,157.380019,-1.446393,157.998475,27.850346,157.271244,27.854525,158.047169,Selenographic,Equatorial
1435,ch2_tmc_ncn_20220706T0954582422_d_img_d32.zip,2022-07-06T09:54:58.242Z,2022-07-06T10:04:57.100Z,1480472000,119.98,View,61.173866,74.71578,61.137703,73.089209,31.187774,75.652907,31.169317,74.686186,Selenographic,Equatorial
1436,ch2_tmc_nca_20200720T0923576572_d_img_d18.zip,2020-07-20T09:23:57.657Z,2020-07-20T09:34:35.144Z,1577448000,114.45,View,-30.567486,156.132471,-30.572322,155.144926,-62.549853,156.46682,-62.5549,154.617375,Selenographic,Equatorial
1437,ch2_tmc_nca_20221203T1708208906_d_img_d32.zip,2022-12-03T17:08:20.890Z,2022-12-03T17:16:06.113Z,1150120000,115.63,View,46.420366,76.266498,46.413099,77.351308,70.222762,76.358993,70.204038,78.769445,Selenographic,Equatorial
1438,ch2_tmc_nca_20191130T1326533236_d_img_d18.zip,2019-11-30T13:26:53.323Z,2019-11-30T13:36:22.497Z,1407824000,90.88,View,1.064159,164.964321,1.07459,165.556606,30.620461,164.90609,30.631609,165.662301,Selenographic,Equatorial
1439,ch2_tmc_ncn_20210528T0113235902_d_img_hw1.zip,2021-05-28T01:13:23.590Z,2021-05-28T01:20:45.773Z,1091440000,108.09,View,-27.587092,19.952167,-27.590015,-6.422699,-48.793562,24.549353,-48.772146,-11.254988,Selenographic,Equatorial
1440,ch2_tmc_ncf_20200714T1941272256_d_img_d18.zip,2020-07-14T19:41:27.225Z,2020-07-14T19:52:02.100Z,1569528000,104.71,View,-26.836744,-130.392097,-26.869128,-131.33082,-59.009445,-129.28586,-59.048493,-130.794721,Selenographic,Equatorial
1441,ch2_tmc_nca_20200724T0945157369_d_img_d18.zip,2020-07-24T09:45:15.736Z,2020-07-24T09:55:53.692Z,1577120000,112.05,View,-30.488327,103.382698,-30.514957,102.398872,-62.458906,105.055129,-62.499749,103.267188,Selenographic,Equatorial
1442,ch2_tmc_ncf_20191201T0706462483_d_img_d18.zip,2019-12-01T07:06:46.248Z,2019-12-01T07:16:17.759Z,1412880000,94.68,View,-1.361337,155.176553,-1.369552,155.786565,27.925952,155.096455,27.917786,155.864723,Selenographic,Equatorial
1443,ch2_tmc_ncf_20200126T0025369991_d_img_d18.zip,2020-01-26T00:25:36.999Z,2020-01-26T00:35:27.204Z,1459096000,97.48,View,-30.920161,141.109935,-30.910301,140.309115,-0.720479,141.174319,-0.711013,140.47477,Selenographic,Equatorial
1444,ch2_tmc_ncf_20220724T0018097427_d_img_d32.zip,2022-07-24T00:18:09.742Z,2022-07-24T00:28:17.917Z,1501472000,134.17,View,63.215218,-155.38089,63.278328,-157.487041,33.370361,-155.735566,33.446021,-156.91962,Selenographic,Equatorial
1445,ch2_tmc_nca_20200608T1622389722_d_img_d18.zip,2020-06-08T16:22:38.972Z,2020-06-08T16:33:16.921Z,1577128000,109.12,View,63.371456,-15.990856,63.380867,-14.183665,31.174564,-15.401045,31.181196,-14.441383,Selenographic,Equatorial
1446,ch2_tmc_nca_20220621T2104175845_d_img_d32.zip,2022-06-21T21:04:17.584Z,2022-06-21T21:17:35.276Z,1972032000,115.08,View,59.690732,-91.889618,59.686673,-93.571747,19.749271,-91.483681,19.755196,-92.391384,Selenographic,Equatorial
1447,ch2_tmc_nca_20220626T0519239376_d_img_d32.zip,2022-06-26T05:19:23.937Z,2022-06-26T05:46:07.518Z,3964296000,114.61,View,59.242568,-148.171421,59.247351,-149.897691,-20.588502,-149.262899,-20.586876,-150.16232,Selenographic,Equatorial
1448,ch2_tmc_nca_20200107T1812397441_d_img_d18.zip,2020-01-07T18:12:39.744Z,2020-01-07T18:22:30.713Z,1460984000,96.98,View,-27.699453,21.662815,-27.699678,20.862528,2.509972,21.586406,2.509442,20.881502,Selenographic,Equatorial
1449,ch2_tmc_nca_20220605T0955507696_d_img_d32.zip,2022-06-05T09:55:50.769Z,2022-06-05T10:12:30.315Z,2471040000,120.82,View,-6.435338,124.75875,-6.435904,125.661337,-56.339688,124.664827,-56.335248,126.264385,Selenographic,Equatorial
1450,ch2_tmc_nca_20191216T0627459222_d_img_g26.zip,2019-12-16T06:27:45.922Z,2019-12-16T06:30:53.171Z,462920000,86.17,View,10.4144,-42.035986,10.41142,-41.37044,20.062584,-42.017946,20.058677,-41.331002,Selenographic,Equatorial
1451,ch2_tmc_ncn_20211113T1451387610_d_img_d18.zip,2021-11-13T14:51:38.761Z,2021-11-13T15:02:36.727Z,1626616000,96.57,View,-84.887769,99.125811,-84.984805,106.367212,-51.393179,109.883741,-51.40553,110.911825,Selenographic,Equatorial
1452,ch2_tmc_ncn_20191127T0458109204_d_img_d18.zip,2019-11-27T04:58:10.920Z,2019-11-27T05:07:37.314Z,1400232000,81.99,View,-0.374369,-150.371851,-0.375867,-149.886679,29.105169,-150.364323,29.103327,-149.790978,Selenographic,Equatorial
1453,ch2_tmc_nca_20220718T1957202102_d_img_d18.zip,2022-07-18T19:57:20.210Z,2022-07-18T20:07:00.697Z,1435072000,128.13,View,59.512372,-86.907473,59.495647,-88.721774,30.682974,-86.641042,30.672099,-87.740532,Selenographic,Equatorial
1454,ch2_tmc_ncn_20191128T1024372470_d_img_d18.zip,2019-11-28T10:24:37.247Z,2019-11-28T10:34:05.690Z,1405296000,87.6,View,-0.502587,-166.553117,-0.507059,-166.039458,28.954987,-166.652382,28.950509,-166.026157,Selenographic,Equatorial
1455,ch2_tmc_ncn_20220630T1008389740_d_img_d32.zip,2022-06-30T10:08:38.974Z,2022-06-30T10:18:34.735Z,1472800000,115.39,View,1.467667,156.779989,1.46601,156.01865,-28.56237,156.650883,-28.570638,155.770802,Selenographic,Equatorial
1456,ch2_tmc_ncf_20221204T1449565611_d_img_d32.zip,2022-12-04T14:49:56.561Z,2022-12-04T14:57:44.273Z,1156272000,118.96,View,43.287616,64.110949,43.279747,65.117448,67.012111,63.921493,66.99671,66.015856,Selenographic,Equatorial
1457,ch2_tmc_nca_20200617T0115145126_d_img_d18.zip,2020-06-17T01:15:14.512Z,2020-06-17T01:26:01.635Z,1599808000,125.35,View,63.606233,-127.764915,63.645967,-125.796275,31.517016,-126.182327,31.543127,-125.101358,Selenographic,Equatorial
1458,ch2_tmc_ncf_20221129T1034507538_d_img_d32.zip,2022-11-29T10:34:50.753Z,2022-11-29T10:42:39.889Z,1159792000,115.18,View,43.232428,131.812582,43.234399,132.864694,66.864298,131.016259,66.868846,133.078387,Selenographic,Equatorial
1459,ch2_tmc_nca_20210518T1455584863_d_img_d18.zip,2021-05-18T14:55:58.486Z,2021-05-18T15:05:18.982Z,1383464000,105.05,View,-55.759081,129.616685,-55.740415,131.048512,-84.014087,130.920886,-83.964422,138.137773,Polar stereographic,South
1460,ch2_tmc_nca_20200723T1207169437_d_img_d18.zip,2020-07-23T12:07:16.943Z,2020-07-23T12:17:51.947Z,1569848000,110.09,View,-30.428318,115.247527,-30.44551,114.281761,-62.325503,116.733357,-62.35394,114.99054,Selenographic,Equatorial
1461,ch2_tmc_ncf_20200209T0032589097_d_img_gds.zip,2020-02-09T00:32:58.909Z,2020-02-09T00:34:48.740Z,271528000,90.74,View,-30.41061,-43.548224,-30.40855,-44.346377,-24.777633,-43.545128,-24.77563,-44.290799,Selenographic,Equatorial
1462,ch2_tmc_ncf_20200609T1956387174_d_img_d18.zip,2020-06-09T19:56:38.717Z,2020-06-09T20:07:16.666Z,1577128000,108.49,View,60.138266,-31.018226,60.153407,-29.363944,27.962441,-30.511378,27.975393,-29.590396,Selenographic,Equatorial
1463,ch2_tmc_ncn_20220524T0022547922_d_img_d18.zip,2022-05-24T00:22:54.792Z,2022-05-24T00:42:43.660Z,2939096000,101.37,View,1.212826,-71.589701,1.221224,-70.845231,-58.757729,-71.00636,-58.743491,-69.727585,Selenographic,Equatorial
1464,ch2_tmc_nca_20220627T0515152088_d_img_d32.zip,2022-06-27T05:15:15.208Z,2022-06-27T05:25:10.274Z,1471112000,112.27,View,-0.65874,-161.442174,-0.634816,-162.333692,-30.480686,-161.627528,-30.461092,-162.619942,Selenographic,Equatorial
1465,ch2_tmc_ncn_20200113T0552291023_d_img_gds.zip,2020-01-13T05:52:29.102Z,2020-01-13T06:00:23.180Z,1171608000,100.87,View,-24.467897,-50.547734,-24.461438,-51.318035,-0.397988,-50.415585,-0.392373,-51.094323,Selenographic,Equatorial
1466,ch2_tmc_nca_20201125T1827104830_d_img_d32.zip,2020-11-25T18:27:10.483Z,2020-11-25T18:55:35.355Z,4083648000,101.66,View,-40.77401,81.390437,-40.797713,82.392949,43.232554,83.443606,43.211017,84.481551,Selenographic,Equatorial
1467,ch2_tmc_ncf_20220110T1154169263_d_img_d32.zip,2022-01-10T11:54:16.926Z,2022-01-10T12:09:14.749Z,2217888000,91.48,View,-76.614741,-110.014503,-76.574506,-106.874642,-57.571218,67.853818,-57.555998,66.605732,Polar stereographic,South
1468,ch2_tmc_ncf_20221117T0046153917_d_img_d32.zip,2022-11-17T00:46:15.391Z,2022-11-17T00:54:10.252Z,1173384000,107.46,View,42.942561,-64.388805,42.937704,-63.347866,67.051674,-64.425599,67.040969,-62.41504,Selenographic,Equatorial
1469,ch2_tmc_nca_20220629T0630428201_d_img_d32.zip,2022-06-29T06:30:42.820Z,2022-06-29T06:40:37.756Z,1470792000,115.48,View,-0.433069,171.811205,-0.362965,170.936752,-30.24748,171.734441,-30.182455,170.734856,Selenographic,Equatorial
1470,ch2_tmc_ncn_20221204T1053173998_d_img_d32.zip,2022-12-04T10:53:17.399Z,2022-12-04T11:01:07.279Z,1161632000,117.99,View,44.842546,66.363185,44.838244,67.298794,68.723162,66.25317,68.712697,68.2829,Selenographic,Equatorial
1471,ch2_tmc_ncn_20211210T1310001462_d_img_d32.zip,2021-12-10T13:10:00.146Z,2021-12-10T13:39:16.307Z,4341536000,98.81,View,-31.137787,115.669328,-31.145544,116.412837,58.819522,116.663226,58.805469,117.92183,Selenographic,Equatorial
1472,ch2_tmc_ncn_20200724T0945157336_d_img_d18.zip,2020-07-24T09:45:15.733Z,2020-07-24T09:55:53.689Z,1577120000,112.05,View,-28.704171,103.276806,-28.726832,102.409194,-60.721165,104.774438,-60.755074,103.256848,Selenographic,Equatorial
1473,ch2_tmc_ncn_20220128T0409055907_d_img_d18.zip,2022-01-28T04:09:05.590Z,2022-01-28T04:24:07.730Z,2230256000,93.07,View,-74.654126,13.464705,-74.664392,16.09315,-59.338501,-163.481947,-59.344473,-164.686582,Selenographic,Equatorial
1474,ch2_tmc_nca_20220619T0033128648_d_img_d32.zip,2022-06-19T00:33:12.864Z,2022-06-19T00:46:18.270Z,1941664000,100.98,View,3.174844,-54.416716,3.173503,-53.637156,-36.77492,-54.422802,-36.775569,-53.492625,Selenographic,Equatorial
1475,ch2_tmc_ncn_20220611T1728003709_d_img_d32.zip,2022-06-11T17:28:00.370Z,2022-06-11T17:42:54.441Z,2210288000,111.43,View,11.66538,41.790359,11.66943,42.539951,-33.353176,41.753592,-33.348725,42.64416,Selenographic,Equatorial
1476,ch2_tmc_ncf_20191130T0733339261_d_img_d18.zip,2019-11-30T07:33:33.926Z,2019-11-30T07:43:02.372Z,1405304000,89.83,View,-1.481999,168.258401,-1.478014,168.853131,27.795834,168.220508,27.799594,168.953752,Selenographic,Equatorial
1477,ch2_tmc_ncn_20220803T0532523437_d_img_d18.zip,2022-08-03T05:32:52.343Z,2022-08-03T05:34:58.807Z,312648000,137.11,View,10.930479,70.23388,10.91958,69.311137,4.708254,70.27193,4.696005,69.362126,Selenographic,Equatorial
1478,ch2_tmc_ncf_20220131T0053488453_d_img_d18.zip,2022-01-31T00:53:48.845Z,2022-01-31T01:07:50.103Z,2079744000,87.57,View,-76.010811,-24.518725,-76.017114,-21.623242,-60.824868,158.281892,-60.829447,156.968961,Selenographic,Equatorial
1479,ch2_tmc_ncf_20191128T1222225984_d_img_cnb.zip,2019-11-28T12:22:22.598Z,2019-11-28T12:31:51.167Z,1405608000,87.8,View,-1.763723,-167.663078,-1.757165,-167.080699,27.607369,-167.759292,27.61423,-167.058389,Selenographic,Equatorial
1480,ch2_tmc_nca_20220123T1809512663_d_img_d18.zip,2022-01-23T18:09:51.266Z,2022-01-23T18:19:54.201Z,1490568000,96.42,View,-87.916041,84.311062,-87.640938,103.116774,-61.224304,-107.464669,-61.205418,-108.935083,Polar stereographic,South
1481,ch2_tmc_ncf_20220729T0249172563_d_img_d32.zip,2022-07-29T02:49:17.256Z,2022-07-29T03:09:26.427Z,2989256000,124.54,View,32.357946,138.017843,32.336138,136.966036,-27.664194,137.782963,-27.686449,136.773765,Selenographic,Equatorial
1482,ch2_tmc_ncf_20220718T0231336107_d_img_d18.zip,2022-07-18T02:31:33.610Z,2022-07-18T02:41:33.119Z,1483456000,116.07,View,3.303922,-76.770252,3.296265,-77.658587,-26.74101,-76.51035,-26.74897,-77.451509,Selenographic,Equatorial
1483,ch2_tmc_ncf_20191127T1051311882_d_img_d18.zip,2019-11-27T10:51:31.188Z,2019-11-27T11:00:56.433Z,1397392000,82.74,View,-1.779153,-153.578088,-1.776008,-153.033736,27.631457,-153.610447,27.632529,-152.973868,Selenographic,Equatorial
1484,ch2_tmc_ncn_20220123T0221531479_d_img_d18.zip,2022-01-23T02:21:53.147Z,2022-01-23T02:36:56.434Z,2233088000,98,View,-74.556119,83.784456,-74.513629,86.507913,-59.637684,-99.007301,-59.618719,-100.286174,Selenographic,Equatorial
1485,ch2_tmc_ncf_20210528T0113235902_d_img_hw1.zip,2021-05-28T01:13:23.590Z,2021-05-28T01:20:45.935Z,1091480000,108.09,View,23.534068,17.525873,23.530356,-4.000799,2.049293,16.537665,2.05871,-3.168494,Selenographic,Equatorial
1486,ch2_tmc_ncn_20221128T0658252902_d_img_d32.zip,2022-11-28T06:58:25.290Z,2022-11-28T07:06:20.797Z,1175544000,119.5,View,44.845284,146.526546,44.854227,147.535837,68.775266,145.185011,68.792893,147.279996,Selenographic,Equatorial
1487,ch2_tmc_ncf_20220720T0133461904_d_img_d32.zip,2022-07-20T01:33:46.190Z,2022-07-20T02:04:03.778Z,4493392000,121.55,View,63.554838,-103.280892,63.531585,-105.326434,-26.438884,-102.487582,-26.450054,-103.473339,Selenographic,Equatorial
1488,ch2_tmc_ncn_20220801T0350481098_d_img_d18.zip,2022-08-01T03:50:48.109Z,2022-08-01T04:01:05.782Z,1527000000,131.64,View,30.368921,97.275818,30.35448,96.277239,-0.090517,97.523842,-0.103599,96.645471,Selenographic,Equatorial
1489,ch2_tmc_ncf_20200607T2239162106_d_img_d18.zip,2020-06-07T22:39:16.210Z,2020-06-07T22:49:52.237Z,1572376000,108.15,View,59.894224,-5.939805,59.895261,-4.364084,27.670799,-5.438442,27.669194,-4.52124,Selenographic,Equatorial
1490,ch2_tmc_nca_20220622T0100261683_d_img_d32.zip,2022-06-22T01:00:26.168Z,2022-06-22T01:10:22.130Z,1473328000,115.91,View,59.376422,-92.820853,59.438318,-94.522839,29.509265,-92.958733,29.570317,-93.966676,Selenographic,Equatorial
1491,ch2_tmc_nca_20220704T1032133105_d_img_d32.zip,2022-07-04T10:32:13.310Z,2022-07-04T10:42:10.291Z,1475848000,115.35,View,58.524579,94.534709,58.192529,93.00656,29.205939,99.888887,29.234026,98.857406,Selenographic,Equatorial
1492,ch2_tmc_nca_20221202T1331333518_d_img_d32.zip,2022-12-02T13:31:33.351Z,2022-12-02T13:39:27.633Z,1171104000,116.67,View,46.355487,91.447785,46.345798,92.561085,70.510003,91.605479,70.488329,94.095408,Selenographic,Equatorial
1493,ch2_tmc_ncf_20220731T0409477869_d_img_d18.zip,2022-07-31T04:09:47.786Z,2022-07-31T04:19:40.124Z,1466120000,129.46,View,32.441449,110.419926,32.432239,109.289098,3.104383,110.568094,3.097097,109.606895,Selenographic,Equatorial
1494,ch2_tmc_ncn_20220525T2157424837_d_img_d18.zip,2022-05-25T21:57:42.483Z,2022-05-25T22:17:12.393Z,2892224000,114.7,View,1.632026,-96.650085,1.638391,-95.852834,-56.988751,-95.901593,-56.972927,-94.517176,Selenographic,Equatorial
1495,ch2_tmc_ncn_20220117T1643206965_d_img_d32.zip,2022-01-17T16:43:20.696Z,2022-01-17T16:58:32.170Z,2253312000,105.76,View,-74.210246,151.70506,-74.21645,154.426661,-59.827975,-25.596195,-59.832392,-26.985091,Selenographic,Equatorial
1496,ch2_tmc_ncf_20220717T1831056810_d_img_d18.zip,2022-07-17T18:31:05.681Z,2022-07-17T18:50:41.294Z,2906328000,113.69,View,23.339125,-72.540953,23.330587,-73.527227,-35.521168,-72.05937,-35.529959,-73.087028,Selenographic,Equatorial
1497,ch2_tmc_ncn_20220624T0408587936_d_img_d32.zip,2022-06-24T04:08:58.793Z,2022-06-24T04:39:03.202Z,4460784000,112.09,View,61.329581,-121.790477,61.316956,-123.426981,-28.612697,-121.619265,-28.619928,-122.441603,Selenographic,Equatorial
1498,ch2_tmc_ncn_20210513T1018118046_d_img_d18.zip,2021-05-13T10:18:11.804Z,2021-05-13T10:27:17.743Z,1349664000,101.61,View,-57.66193,-161.786784,-57.661083,-160.417003,-85.330919,-165.182988,-85.328466,-156.938124,Polar stereographic,South
1499,ch2_tmc_ncf_20220615T2142565139_d_img_d32.zip,2022-06-15T21:42:56.513Z,2022-06-15T21:44:25.187Z,219224000,108.73,View,19.31397,-13.443998,19.310411,-12.596798,14.844182,-13.468114,14.840711,-12.644049,Selenographic,Equatorial
1500,ch2_tmc_ncn_20211217T1823234539_d_img_d32.zip,2021-12-17T18:23:23.453Z,2021-12-17T18:37:50.873Z,2144352000,82.68,,-61.137926,20.469945,-61.133435,21.721748,-16.239119,20.424013,-16.236691,20.99227,Selenographic,Equatorial
1501,ch2_tmc_nca_20220708T1512532577_d_img_d32.zip,2022-07-08T15:12:53.257Z,2022-07-08T15:21:23.568Z,1261584000,120.86,View,59.398893,47.813528,59.387425,46.148691,33.73828,47.782893,33.730147,46.700489,Selenographic,Equatorial
1502,ch2_tmc_ncn_20210531T1923037425_d_img_d18.zip,2021-05-31T19:23:03.742Z,2021-05-31T19:38:25.157Z,2277904000,101.57,View,-36.445927,-43.195234,-36.441359,-42.261866,-83.352589,-43.737303,-83.325619,-37.956156,Polar stereographic,South
1503,ch2_tmc_ncf_20200728T1205129323_d_img_d18.zip,2020-07-28T12:05:12.932Z,2020-07-28T12:15:54.751Z,1585024000,117.24,View,-27.016476,49.479685,-27.030457,48.466294,-59.047017,50.594938,-59.069715,48.915533,Selenographic,Equatorial
1504,ch2_tmc_ncn_20200607T1842575252_d_img_d18.zip,2020-06-07T18:42:57.525Z,2020-06-07T18:53:33.422Z,1572056000,108.03,View,61.547329,-3.719535,61.554974,-2.228821,29.362782,-3.199349,29.368012,-2.361641,Selenographic,Equatorial
1505,ch2_tmc_nca_20220123T2007488117_d_img_d18.zip,2022-01-23T20:07:48.811Z,2022-01-23T20:17:45.621Z,1475424000,96.47,View,-88.183891,84.170447,-87.881903,105.154949,-61.268807,-108.505338,-61.250067,-109.977579,Polar stereographic,South
1506,ch2_tmc_nca_20220719T1938315184_d_img_d18.zip,2022-07-19T19:38:31.518Z,2022-07-19T19:48:00.597Z,1408024000,130.23,View,59.443655,-98.610276,59.517456,-100.478115,31.190897,-98.833388,31.264485,-99.985402,Selenographic,Equatorial
1507,ch2_tmc_nca_20200603T1219138261_d_img_d18.zip,2020-06-03T12:19:13.826Z,2020-06-03T12:29:06.991Z,1466048000,106.96,View,62.80422,51.3123,62.822913,52.928495,32.801722,52.452964,32.821152,53.403717,Selenographic,Equatorial
1508,ch2_tmc_ncf_20200724T1341163634_d_img_d18.zip,2020-07-24T13:41:16.363Z,2020-07-24T13:51:54.305Z,1577112000,112.94,View,-26.996383,101.140668,-27.014155,100.182577,-59.014779,102.585438,-59.046003,100.966558,Selenographic,Equatorial
1509,ch2_tmc_ncn_20220109T0824167590_d_img_d32.zip,2022-01-09T08:24:16.759Z,2022-01-09T08:39:14.920Z,2220400000,94.59,View,-75.085399,-94.258863,-75.04494,-91.711478,-59.000202,82.647548,-58.982112,81.436346,Polar stereographic,South
1510,ch2_tmc_ncn_20221117T0046153949_d_img_d32.zip,2022-11-17T00:46:15.394Z,2022-11-17T00:54:09.996Z,1173304000,107.46,View,44.573289,-64.334303,44.568135,-63.370543,68.697284,-64.326951,68.685949,-62.383447,Selenographic,Equatorial
1511,ch2_tmc_nca_20200705T1815046089_d_img_d18.zip,2020-07-05T18:15:04.608Z,2020-07-05T18:20:06.814Z,747112000,118.77,View,69.924731,-11.070386,69.91395,-13.513244,54.72064,-11.292448,54.713445,-12.802836,Selenographic,Equatorial
1512,ch2_tmc_ncn_20220610T1003029246_d_img_d32.zip,2022-06-10T10:03:02.924Z,2022-06-10T10:17:59.943Z,2217592000,114.22,View,1.630192,58.764337,1.636975,59.517254,-43.403657,58.953806,-43.394344,60.007739,Selenographic,Equatorial
1513,ch2_tmc_ncn_20191221T0601071304_d_img_g26.zip,2019-12-21T06:01:07.130Z,2019-12-21T06:04:13.706Z,461256000,79.78,View,0.295254,-107.917997,0.290895,-107.405595,9.995239,-107.763947,9.990806,-107.248645,Selenographic,Equatorial
1514,ch2_tmc_ncn_20221117T2029512224_d_img_n18.zip,2022-11-17T20:29:51.222Z,2022-11-17T20:37:46.658Z,1175368000,106.24,View,44.594743,-75.089018,44.587122,-74.140102,68.784607,-74.868596,68.768538,-72.947116,Selenographic,Equatorial
1515,ch2_tmc_ncf_20200720T0330044364_d_img_d18.zip,2020-07-20T03:30:04.436Z,2020-07-20T03:40:41.356Z,1574584000,113.96,View,-26.963511,159.337264,-26.964244,158.373796,-58.915247,159.611935,-58.915963,157.954944,Selenographic,Equatorial
1516,ch2_tmc_nca_20220716T2233222974_d_img_d18.zip,2022-07-16T22:33:22.297Z,2022-07-16T22:40:24.121Z,1042560000,121.81,View,59.394415,-61.662897,59.391974,-63.411847,38.288501,-62.184109,38.305503,-63.34115,Selenographic,Equatorial
1517,ch2_tmc_nca_20221127T1313362113_d_img_d32.zip,2022-11-27T13:13:36.211Z,2022-11-27T13:21:34.430Z,1182248000,118.63,View,46.353209,156.078699,46.364688,157.200304,70.547541,154.426625,70.571058,156.897254,Selenographic,Equatorial
1518,ch2_tmc_nca_20220608T1258481531_d_img_d32.zip,2022-06-08T12:58:48.153Z,2022-06-08T13:08:41.325Z,1466048000,107.03,View,-26.938793,83.687391,-26.925764,84.574662,-56.92353,84.099109,-56.90326,85.537679,Selenographic,Equatorial
1519,ch2_tmc_nca_20220729T0646079159_d_img_d32.zip,2022-07-29T06:46:07.915Z,2022-07-29T07:06:16.348Z,2989672000,124.22,View,28.52213,135.841568,28.521728,134.826425,-31.453119,135.605306,-31.45374,134.561462,Selenographic,Equatorial
1520,ch2_tmc_nca_20200611T2110065660_d_img_d18.zip,2020-06-11T21:10:06.566Z,2020-06-11T21:20:41.906Z,1572064000,107.51,View,64.08194,-59.280881,64.138068,-57.471289,31.910567,-57.729537,31.955422,-56.780303,Selenographic,Equatorial
1521,ch2_tmc_ncn_20220719T0152362943_d_img_d18.zip,2022-07-19T01:52:36.294Z,2022-07-19T02:12:47.808Z,2995080000,126.38,View,61.544475,-90.403595,61.521746,-92.135209,1.555495,-89.792721,1.543754,-90.628354,Selenographic,Equatorial
1522,ch2_tmc_ncn_20220120T1921277941_d_img_d18.zip,2022-01-20T19:21:27.794Z,2022-01-20T19:36:08.176Z,2176464000,98.94,View,-74.350206,113.56695,-74.316501,116.167423,-60.939606,-68.470901,-60.923335,-69.814526,Selenographic,Equatorial
1523,ch2_tmc_ncf_20220710T1831594247_d_img_d32.zip,2022-07-10T18:31:59.424Z,2022-07-10T18:46:29.186Z,2150200000,122.17,View,63.131154,21.291099,63.144869,19.376355,19.787852,20.049754,19.795294,19.076918,Selenographic,Equatorial
1524,ch2_tmc_ncn_20210517T1712004436_d_img_hw1.zip,2021-05-17T17:12:00.443Z,2021-05-17T17:16:04.530Z,603432000,112.07,View,-70.50908,142.257128,-70.516935,144.605547,-82.768669,141.429011,-82.737802,147.493694,Polar stereographic,South
1525,ch2_tmc_ncn_20220726T0336355477_d_img_d32.zip,2022-07-26T03:36:35.547Z,2022-07-26T03:46:38.793Z,1491328000,129.58,View,61.279197,176.356239,61.266508,174.651883,31.372616,176.145281,31.368916,175.1278,Selenographic,Equatorial
1526,ch2_tmc_nca_20211112T1307476929_d_img_d18.zip,2021-11-12T13:07:47.692Z,2021-11-12T13:18:21.752Z,1565840000,102.96,View,-89.005209,7.588539,-89.529143,-45.046994,-58.420791,123.906484,-58.43156,125.348958,Polar stereographic,South
1527,ch2_tmc_ncn_20220708T1711196157_d_img_d32.zip,2022-07-08T17:11:19.615Z,2022-07-08T17:19:35.275Z,1224752000,120.75,View,61.227631,46.703406,61.217538,45.116278,36.424807,46.671565,36.417828,45.666345,Selenographic,Equatorial
1528,ch2_tmc_ncn_20220527T0134064246_d_img_d18.zip,2022-05-27T01:34:06.424Z,2022-05-27T01:54:10.479Z,2976640000,121.4,View,31.526746,-112.251797,31.537697,-111.291506,-28.409655,-111.738754,-28.399311,-110.835841,Selenographic,Equatorial
1529,ch2_tmc_ncf_20220127T0434599637_d_img_d18.zip,2022-01-27T04:34:59.963Z,2022-01-27T04:50:07.346Z,2243216000,96.91,View,-76.163919,26.529085,-76.168684,29.962305,-58.079107,-150.726302,-58.081736,-152.068456,Selenographic,Equatorial
1530,ch2_tmc_ncn_20221202T1137451210_d_img_n18.zip,2022-12-02T11:37:45.121Z,2022-12-02T11:41:08.870Z,503712000,116.39,View,58.566128,92.674402,58.554184,94.057651,68.86953,92.797769,68.851318,94.864636,Selenographic,Equatorial
1531,ch2_tmc_ncn_20211216T1250305483_d_img_d32.zip,2021-12-16T12:50:30.548Z,2021-12-16T13:04:54.793Z,2136560000,80.14,View,-61.26249,36.093092,-61.270743,37.293809,-16.370886,36.609885,-16.376188,37.160344,Selenographic,Equatorial
1532,ch2_tmc_ncn_20211115T1549013919_d_img_d18.zip,2021-11-15T15:49:01.391Z,2021-11-15T16:00:05.963Z,1642944000,103.26,View,-87.537109,-63.453919,-87.822309,-78.972017,-58.310378,82.278785,-58.331308,83.575677,Polar stereographic,South
1533,ch2_tmc_ncf_20211112T1307476960_d_img_d18.zip,2021-11-12T13:07:47.696Z,2021-11-12T13:18:21.558Z,1565784000,102.96,View,-86.050728,-41.69743,-86.148908,-53.40065,-61.610069,123.734745,-61.62257,125.321287,Polar stereographic,South
1534,ch2_tmc_nca_20221122T0700519332_d_img_d32.zip,2022-11-22T07:00:51.933Z,2022-11-22T07:08:33.695Z,1143640000,104.67,View,46.134797,-133.545469,46.132277,-132.585598,69.942013,-133.871478,69.935943,-131.811112,Selenographic,Equatorial
1535,ch2_tmc_ncf_20220623T0234456652_d_img_d32.zip,2022-06-23T02:34:45.665Z,2022-06-23T03:04:42.902Z,4443064000,111.08,View,63.03628,-107.929867,63.019363,-109.77195,-27.062378,-107.269214,-27.070616,-108.171798,Selenographic,Equatorial
1536,ch2_tmc_nca_20211127T1936383269_d_img_d18.zip,2021-11-27T19:36:38.326Z,2021-11-27T19:46:53.927Z,1519816000,103.37,View,-59.790613,-78.263464,-59.817139,-76.731711,-28.721296,-77.031805,-28.737883,-76.192949,Selenographic,Equatorial
1537,ch2_tmc_nca_20220622T0516236831_d_img_d32.zip,2022-06-22T05:16:23.683Z,2022-06-22T05:26:19.645Z,1473328000,108.77,View,-0.503519,-94.955908,-0.446071,-95.836984,-30.384769,-94.527041,-30.336692,-95.500938,Selenographic,Equatorial
1538,ch2_tmc_nca_20220625T0207153398_d_img_d32.zip,2022-06-25T02:07:15.339Z,2022-06-25T02:17:16.424Z,1485992000,112.72,View,-0.423053,-134.33244,-0.451486,-135.186156,-30.400568,-133.855367,-30.396146,-134.782713,Selenographic,Equatorial
1539,ch2_tmc_ncn_20221130T1609523761_d_img_d32.zip,2022-11-30T16:09:52.376Z,2022-11-30T16:17:41.945Z,1160864000,113.28,View,44.923731,116.144982,44.91861,117.10727,68.743791,116.011513,68.733488,117.999319,Selenographic,Equatorial
1540,ch2_tmc_ncf_20220716T1648052108_d_img_d18.zip,2022-07-16T16:48:05.210Z,2022-07-16T16:55:18.264Z,1070592000,121.2,View,33.242733,-58.408828,33.235177,-59.498146,11.648849,-58.409674,11.642222,-59.334637,Selenographic,Equatorial
1541,ch2_tmc_ncn_20210512T0829023655_d_img_d18.zip,2021-05-12T08:29:02.365Z,2021-05-12T08:38:26.894Z,1395624000,104.22,View,-36.621497,-147.227438,-36.615398,-146.227565,-65.102221,-147.308542,-65.093038,-145.592634,Selenographic,Equatorial
1542,ch2_tmc_ncn_20220525T0018254391_d_img_d18.zip,2022-05-25T00:18:25.439Z,2022-05-25T00:27:14.638Z,1308280000,112.82,View,-28.719861,-84.376124,-28.708257,-83.506029,-55.34987,-83.996427,-55.33203,-82.687511,Selenographic,Equatorial
1543,ch2_tmc_ncn_20221127T0520227571_d_img_d32.zip,2022-11-27T05:20:22.757Z,2022-11-27T05:28:13.180Z,1162976000,116.84,View,44.822276,160.571081,44.831553,161.535818,68.580457,159.242754,68.598278,161.234195,Selenographic,Equatorial
1544,ch2_tmc_ncf_20220731T1203303928_d_img_d18.zip,2022-07-31T12:03:30.392Z,2022-07-31T12:15:10.281Z,1731128000,129.24,View,32.361878,106.033658,32.346609,104.909453,-2.22539,106.240105,-2.23858,105.285795,Selenographic,Equatorial
1545,ch2_tmc_ncf_20220709T1255413663_d_img_d32.zip,2022-07-09T12:55:41.366Z,2022-07-09T13:10:39.125Z,2219424000,123.27,View,62.962496,36.743336,62.96231,34.896523,18.245456,36.105272,18.245497,35.138643,Selenographic,Equatorial
1546,ch2_tmc_ncn_20210518T0658133208_d_img_d18.zip,2021-05-18T06:58:13.320Z,2021-05-18T07:06:49.198Z,1275344000,109.78,View,-57.421499,134.837245,-57.422118,136.308941,-83.3425,133.645667,-83.332786,140.124899,Polar stereographic,South
1547,ch2_tmc_nca_20220112T1458093677_d_img_d32.zip,2022-01-12T14:58:09.367Z,2022-01-12T15:13:05.483Z,2215344000,89.18,View,-73.024987,-140.309069,-73.011955,-137.838281,-60.861191,40.059956,-60.855913,38.717983,Selenographic,Equatorial
1548,ch2_tmc_ncf_20220603T0757156355_d_img_d32.zip,2022-06-03T07:57:15.635Z,2022-06-03T08:27:06.733Z,4427872000,123.49,View,59.87631,152.469796,59.876335,154.01677,-30.266515,152.206629,-30.255284,153.24408,Selenographic,Equatorial
1549,ch2_tmc_nca_20220608T1427113135_d_img_d32.zip,2022-06-08T14:27:11.313Z,2022-06-08T14:56:47.538Z,4389944000,107.89,View,63.181113,80.763406,63.197246,82.461504,-26.760631,82.617003,-26.752285,83.521753,Selenographic,Equatorial
1550,ch2_tmc_nca_20220725T0012206811_d_img_d32.zip,2022-07-25T00:12:20.681Z,2022-07-25T00:22:26.878Z,1498624000,128.17,View,19.306096,-168.794903,19.232715,-169.80364,-10.633196,-169.095991,-10.700099,-170.050923,Selenographic,Equatorial
1551,ch2_tmc_nca_20221129T1431289677_d_img_d32.zip,2022-11-29T14:31:28.967Z,2022-11-29T14:39:16.779Z,1156520000,114.78,View,46.414895,129.672581,46.408357,130.785211,70.199439,128.819767,70.193808,131.210154,Selenographic,Equatorial
1552,ch2_tmc_nca_20211114T1815074727_d_img_d18.zip,2021-11-14T18:15:07.472Z,2021-11-14T18:26:05.473Z,1627752000,91.88,View,-88.579386,-18.422801,-89.156253,-38.490049,-56.844886,94.257019,-56.864038,95.488441,Polar stereographic,South
1553,ch2_tmc_nca_20200108T0600101701_d_img_gds.zip,2020-01-08T06:00:10.170Z,2020-01-08T06:10:01.142Z,1460992000,97.82,View,-27.216305,15.237466,-27.212939,14.419404,2.965937,15.132282,2.968997,14.418901,Selenographic,Equatorial
1554,ch2_tmc_nca_20211215T1123225673_d_img_d32.zip,2021-12-15T11:23:22.567Z,2021-12-15T11:37:44.385Z,2131808000,82.18,View,-29.961856,50.610703,-30.004614,51.29761,14.925766,51.16453,14.878254,51.790393,Selenographic,Equatorial
1555,ch2_tmc_ncf_20220607T1253065081_d_img_d32.zip,2022-06-07T12:53:06.508Z,2022-06-07T13:22:35.973Z,4374432000,105.67,View,59.751619,94.980643,59.776259,96.452387,-30.180183,96.828754,-30.161714,97.73197,Selenographic,Equatorial
1556,ch2_tmc_ncf_20200710T2315124259_d_img_d18.zip,2020-07-10T23:15:12.425Z,2020-07-10T23:25:40.132Z,1551808000,101.56,View,-27.367096,-79.109469,-27.396311,-79.967388,-59.288374,-77.586284,-59.329079,-79.04571,Selenographic,Equatorial
1557,ch2_tmc_nca_20220709T1454084172_d_img_d32.zip,2022-07-09T14:54:08.417Z,2022-07-09T15:09:04.409Z,2215056000,123.29,View,59.335688,35.641841,59.330568,33.990474,14.376931,35.075879,14.36929,34.125191,Selenographic,Equatorial
1558,ch2_tmc_nca_20221202T1137451210_d_img_n18.zip,2022-12-02T11:37:45.121Z,2022-12-02T11:41:08.870Z,503712000,116.39,View,60.256558,92.609164,60.243529,94.226444,70.616485,92.703978,70.595672,95.201281,Selenographic,Equatorial
1559,ch2_tmc_ncn_20221201T1351354757_d_img_n18.zip,2022-12-01T13:51:35.475Z,2022-12-01T13:59:25.406Z,1162816000,114.35,View,44.820955,104.40953,44.814882,105.390442,68.670275,104.481031,68.656242,106.513663,Selenographic,Equatorial
1560,ch2_tmc_ncf_20210518T0658133208_d_img_d18.zip,2021-05-18T06:58:13.320Z,2021-05-18T07:06:49.198Z,1275344000,109.78,View,-59.280204,134.704438,-59.283692,136.447397,-85.103367,132.265098,-85.093788,142.153617,Polar stereographic,South
1561,ch2_tmc_ncn_20220723T0507548136_d_img_d32.zip,2022-07-23T05:07:54.813Z,2022-07-23T05:14:31.969Z,979664000,107.21,View,-38.712064,-144.626029,-38.711553,-145.653192,-58.651051,-144.58809,-58.649238,-145.999508,Selenographic,Equatorial
1562,ch2_tmc_ncn_20221118T0026353667_d_img_d32.zip,2022-11-18T00:26:35.366Z,2022-11-18T00:34:27.466Z,1167120000,105.52,View,44.669687,-77.241996,44.662342,-76.30151,68.711763,-76.997118,68.696017,-75.101438,Selenographic,Equatorial
1563,ch2_tmc_nca_20220124T2134498810_d_img_d18.zip,2022-01-24T21:34:49.881Z,2022-01-24T21:49:59.315Z,2248288000,98.69,View,-72.311862,58.796526,-72.282506,61.582543,-61.479247,-122.040631,-61.465182,-123.55632,Selenographic,Equatorial
1564,ch2_tmc_nca_20220717T1831056810_d_img_d18.zip,2022-07-17T18:31:05.681Z,2022-07-17T18:50:41.294Z,2906328000,113.69,View,19.511427,-72.5051,19.494996,-73.466899,-39.056497,-71.94499,-39.073955,-73.023507,Selenographic,Equatorial
1565,ch2_tmc_ncn_20221126T0738482951_d_img_d32.zip,2022-11-26T07:38:48.295Z,2022-11-26T07:46:42.278Z,1171776000,112.61,View,44.734598,172.778591,44.740941,173.707781,68.789579,171.568921,68.802894,173.506905,Selenographic,Equatorial
1566,ch2_tmc_ncn_20200703T1535027868_d_img_d18.zip,2020-07-03T15:35:02.786Z,2020-07-03T15:40:07.163Z,752480000,120.53,View,-24.827076,16.939328,-24.831737,16.045914,-39.977394,16.963771,-39.981894,15.930867,Selenographic,Equatorial
1567,ch2_tmc_nca_20200624T0243202023_d_img_d18.zip,2020-06-24T02:43:20.202Z,2020-06-24T02:47:40.935Z,644584000,111,View,44.391745,141.148022,44.314127,142.2267,31.832157,141.28652,31.750201,142.22622,Selenographic,Equatorial
1568,ch2_tmc_nca_20220710T1831594280_d_img_d32.zip,2022-07-10T18:31:59.428Z,2022-07-10T18:46:29.189Z,2150208000,122.17,View,59.466689,21.092801,59.462601,19.387316,15.851025,20.036323,15.840189,19.083493,Selenographic,Equatorial
1569,ch2_tmc_ncn_20220715T2305386837_d_img_d32.zip,2022-07-15T23:05:38.683Z,2022-07-15T23:18:57.938Z,1977416000,115.39,View,21.276883,-48.647248,21.274023,-49.519625,-18.712453,-48.766495,-18.715032,-49.584281,Selenographic,Equatorial
1570,ch2_tmc_ncn_20220709T1057151934_d_img_d32.zip,2022-07-09T10:57:15.193Z,2022-07-09T11:11:36.278Z,2128736000,123,View,61.239059,37.611151,61.237778,36.042409,18.170559,37.145286,18.16937,36.279198,Selenographic,Equatorial
1571,ch2_tmc_ncn_20211224T1749511513_d_img_d18.zip,2021-12-24T17:49:51.151Z,2021-12-24T17:58:38.613Z,1303984000,89.43,View,-61.301815,-71.742115,-61.284708,-73.066233,-34.205933,-71.233193,-34.197132,-71.939854,Selenographic,Equatorial
1572,ch2_tmc_ncn_20220112T1458093645_d_img_d32.zip,2022-01-12T14:58:09.364Z,2022-01-12T15:13:05.486Z,2215344000,89.18,View,-74.54886,-140.192584,-74.536386,-137.755696,-59.481443,39.992079,-59.476597,38.83324,Selenographic,Equatorial
1573,ch2_tmc_ncn_20220622T0100261715_d_img_d32.zip,2022-06-22T01:00:26.171Z,2022-06-22T01:10:22.133Z,1473328000,115.91,View,61.205087,-92.902826,61.198655,-94.516525,31.35875,-93.026709,31.350875,-93.948045,Selenographic,Equatorial
1574,ch2_tmc_ncn_20200720T0726007861_d_img_d18.zip,2020-07-20T07:26:00.786Z,2020-07-20T07:36:38.242Z,1577120000,114.31,View,-28.807419,157.135845,-28.807594,156.261906,-60.798181,157.455313,-60.798799,155.884538,Selenographic,Equatorial
1575,ch2_tmc_nca_20220525T0018254424_d_img_d18.zip,2022-05-25T00:18:25.442Z,2022-05-25T00:27:14.638Z,1308272000,112.82,View,-26.928683,-84.447176,-26.915246,-83.495503,-53.602724,-84.109289,-53.582865,-82.714919,Selenographic,Equatorial
1576,ch2_tmc_ncf_20220704T0635221483_d_img_d32.zip,2022-07-04T06:35:22.148Z,2022-07-04T06:48:35.872Z,1962232000,116.16,View,62.881778,104.325027,62.869877,102.528707,23.059168,104.715869,23.055833,103.788247,Selenographic,Equatorial
1577,ch2_tmc_ncn_20220618T2040278173_d_img_d32.zip,2022-06-18T20:40:27.817Z,2022-06-18T20:55:12.678Z,2187536000,98.78,View,-8.433467,-52.216041,-8.430874,-51.512433,-53.453898,-52.349972,-53.449794,-51.240745,Selenographic,Equatorial
1578,ch2_tmc_ncf_20200720T0528021978_d_img_d18.zip,2020-07-20T05:28:02.197Z,2020-07-20T05:38:40.140Z,1577112000,114.15,View,-26.976184,158.28107,-26.983867,157.31532,-58.960483,158.585325,-58.969834,156.918256,Selenographic,Equatorial
1579,ch2_tmc_ncn_20220120T2119203059_d_img_d18.zip,2022-01-20T21:19:20.305Z,2022-01-20T21:34:24.495Z,2235320000,98.74,View,-74.375118,112.539826,-74.340603,115.144812,-59.700968,-69.550699,-59.685006,-70.841707,Selenographic,Equatorial
1580,ch2_tmc_ncn_20220122T2226079102_d_img_d18.zip,2022-01-22T22:26:07.910Z,2022-01-22T22:41:12.429Z,2238160000,98.39,View,-74.491939,85.909743,-74.449836,88.626252,-59.6126,-96.83368,-59.593713,-98.116669,Selenographic,Equatorial
1581,ch2_tmc_ncf_20200620T0008528614_d_img_d18.zip,2020-06-20T00:08:52.861Z,2020-06-20T00:19:34.787Z,1586960000,118.83,View,60.753999,-165.199511,60.76293,-163.569915,28.442179,-164.885137,28.450796,-163.913848,Selenographic,Equatorial
1582,ch2_tmc_ncn_20220603T0558165626_d_img_d32.zip,2022-06-03T05:58:16.562Z,2022-06-03T06:28:07.534Z,4427584000,123.52,View,61.492125,153.629342,61.486557,155.091856,-28.446577,152.995824,-28.449595,153.910536,Selenographic,Equatorial
1583,ch2_tmc_nca_20221130T1213112313_d_img_n18.zip,2022-11-30T12:13:11.231Z,2022-11-30T12:21:02.509Z,1165088000,113.43,View,46.500511,118.19341,46.49795,119.294222,70.498618,117.900395,70.490415,120.302121,Selenographic,Equatorial
1584,ch2_tmc_nca_20220607T1500572018_d_img_d32.zip,2022-06-07T15:00:57.201Z,2022-06-07T15:30:30.582Z,4384560000,106.36,View,32.921453,94.908015,32.934962,95.817232,-56.902534,96.033343,-56.881863,97.483683,Selenographic,Equatorial
1585,ch2_tmc_ncf_20220608T1635028638_d_img_d32.zip,2022-06-08T16:35:02.863Z,2022-06-08T17:04:42.571Z,4399752000,107.01,View,29.866297,80.8949,29.87907,81.809724,-60.148771,82.08296,-60.126209,83.700271,Selenographic,Equatorial
1586,ch2_tmc_ncf_20211201T0246136833_d_img_d18.zip,2021-12-01T02:46:13.683Z,2021-12-01T02:58:56.186Z,1885048000,84.93,View,-1.620407,-120.12322,-1.669281,-119.484595,37.902261,-119.435297,37.861201,-118.668662,Selenographic,Equatorial
1587,ch2_tmc_ncf_20211225T2124517932_d_img_d18.zip,2021-12-25T21:24:51.793Z,2021-12-25T21:35:09.634Z,1527416000,87.43,View,-59.902304,-87.022235,-59.880114,-88.462388,-28.328397,-86.394904,-28.317517,-87.121955,Selenographic,Equatorial
1588,ch2_tmc_ncf_20200207T0716469418_d_img_d18.zip,2020-02-07T07:16:46.941Z,2020-02-07T07:26:29.591Z,1440416000,84.93,View,-29.912346,-20.573943,-29.911349,-21.366691,0.046691,-20.675788,0.04741,-21.31213,Selenographic,Equatorial
1589,ch2_tmc_nca_20221118T0026353667_d_img_d32.zip,2022-11-18T00:26:35.366Z,2022-11-18T00:34:27.466Z,1167120000,105.52,View,46.235475,-77.285886,46.227018,-76.211249,70.323853,-77.079162,70.304899,-74.80737,Selenographic,Equatorial
1590,ch2_tmc_ncn_20211231T0330352150_d_img_d18.zip,2021-12-31T03:30:35.215Z,2021-12-31T03:49:50.283Z,2855536000,76.96,View,-61.406834,-154.0573,-61.410041,-155.360739,-1.465947,-154.814097,-1.467749,-155.322146,Selenographic,Equatorial
1591,ch2_tmc_ncn_20220605T0733298507_d_img_d32.zip,2022-06-05T07:33:29.850Z,2022-06-05T08:03:27.944Z,4443088000,122.5,View,61.758344,125.17381,61.766503,126.760725,-28.206153,125.882088,-28.20046,126.804846,Selenographic,Equatorial
1592,ch2_tmc_ncn_20220609T1621036061_d_img_d32.zip,2022-06-09T16:21:03.606Z,2022-06-09T16:40:52.416Z,2938944000,109.47,View,1.626979,68.377208,1.636037,69.113112,-58.260691,68.889159,-58.244593,70.277637,Selenographic,Equatorial
1593,ch2_tmc_ncn_20220702T1337449598_d_img_d32.zip,2022-07-02T13:37:44.959Z,2022-07-02T13:47:40.255Z,1471104000,111.35,View,-28.713587,127.157185,-28.713878,126.262341,-58.65275,127.130853,-58.646533,125.658358,Selenographic,Equatorial
1594,ch2_tmc_nca_20220518T2245448343_d_img_d18.zip,2022-05-18T22:45:44.834Z,2022-05-18T22:48:53.167Z,465600000,113.67,View,14.448117,-4.887187,14.443321,-4.01555,5.001142,-4.935431,4.995043,-4.091106,Selenographic,Equatorial
1595,ch2_tmc_ncf_20200725T1515214084_d_img_d18.zip,2020-07-25T15:15:21.408Z,2020-07-25T15:25:59.483Z,1577440000,114.46,View,-27.092477,87.141997,-27.11136,86.154596,-59.06136,88.692986,-59.093145,87.03769,Selenographic,Equatorial
1596,ch2_tmc_ncn_20221203T1708208906_d_img_n18.zip,2022-12-03T17:08:20.890Z,2022-12-03T17:16:06.113Z,1150120000,115.63,View,44.844846,76.315413,44.837773,77.265059,68.504528,76.45298,68.488222,78.456059,Selenographic,Equatorial
1597,ch2_tmc_ncn_20220626T0519239376_d_img_d32.zip,2022-06-26T05:19:23.937Z,2022-06-26T05:46:07.515Z,3964304000,114.61,View,61.107372,-148.191376,61.112191,-149.832518,-18.810595,-149.308127,-18.808754,-150.107336,Selenographic,Equatorial
1598,ch2_tmc_ncf_20220602T0610114930_d_img_d32.zip,2022-06-02T06:10:11.493Z,2022-06-02T06:40:10.337Z,4448152000,124.08,View,59.714306,166.44623,59.766376,168.067777,-30.224376,168.796605,-30.109091,169.828228,Selenographic,Equatorial
1599,ch2_tmc_ncf_20200720T1121569308_d_img_d32.zip,2020-07-20T11:21:56.930Z,2020-07-20T11:32:33.853Z,1574592000,114.55,View,-27.09491,154.996811,-27.097903,154.046017,-59.013838,155.266932,-59.016651,153.616294,Selenographic,Equatorial
1600,ch2_tmc_ncn_20210531T0515421004_d_img_hw1.zip,2021-05-31T05:15:42.100Z,2021-05-31T05:21:37.486Z,878584000,112,,-18.417321,-35.633477,-18.419051,-34.784486,-36.332771,-35.724084,-36.338597,-34.785522,Selenographic,Equatorial
1601,ch2_tmc_nca_20210720T2341395856_d_img_d32.zip,2021-07-20T23:41:39.585Z,2021-07-20T23:43:07.857Z,218232000,115.32,View,-20.588298,15.87468,-20.62356,14.960603,-25.009647,15.852471,-25.044323,14.909666,Selenographic,Equatorial
1602,ch2_tmc_nca_20220723T0037194138_d_img_d32.zip,2022-07-23T00:37:19.413Z,2022-07-23T00:47:26.643Z,1501160000,136,View,59.179878,-142.927665,59.07516,-144.87224,29.247546,-142.735658,29.148964,-143.923951,Selenographic,Equatorial
1603,ch2_tmc_nca_20220707T1333044047_d_img_d32.zip,2022-07-07T13:33:04.404Z,2022-07-07T13:42:40.396Z,1423960000,120.64,View,59.474364,61.367816,59.458297,59.74622,30.458936,61.528161,30.447286,60.494323,Selenographic,Equatorial
1604,ch2_tmc_nca_20200211T2052133793_d_img_d18.zip,2020-02-11T20:52:13.379Z,2020-02-11T21:02:04.222Z,1460672000,118.75,View,-53.840672,99.264444,-53.810054,100.772545,-83.418996,104.227661,-83.272275,111.643896,Polar stereographic,South
1605,ch2_tmc_ncf_20220701T1128212301_d_img_d32.zip,2022-07-01T11:28:21.230Z,2022-07-01T11:38:13.221Z,1463512000,109.68,View,62.822548,141.650575,62.863142,139.930457,32.925002,141.548453,32.975726,140.571324,Selenographic,Equatorial
1606,ch2_tmc_nca_20191223T1057316685_d_img_g26.zip,2019-12-23T10:57:31.668Z,2019-12-23T11:06:59.639Z,1404128000,78.31,View,1.771525,-136.622827,1.763189,-136.0795,31.367431,-136.370947,31.358502,-135.741377,Selenographic,Equatorial
1607,ch2_tmc_ncn_20191223T1057314387_d_img_g26.zip,2019-12-23T10:57:31.438Z,2019-12-23T11:06:59.639Z,1404696000,78.31,View,0.61278,-136.603381,0.607278,-136.114226,30.235114,-136.349028,30.228944,-135.788612,Selenographic,Equatorial
1608,ch2_tmc_ncf_20220102T0048587892_d_img_d18.zip,2022-01-02T00:48:58.789Z,2022-01-02T01:08:11.809Z,2850472000,79.31,View,-59.932857,-179.174426,-59.934435,179.512664,-0.155147,-179.789679,-0.158431,179.630783,Selenographic,Equatorial
1609,ch2_tmc_ncn_20200722T0835285527_d_img_d32.zip,2020-07-22T08:35:28.552Z,2020-07-22T08:46:04.453Z,1572064000,111.03,View,-29.129587,130.217725,-29.139148,129.355255,-61.097906,131.142777,-61.113833,129.609353,Selenographic,Equatorial
1610,ch2_tmc_ncf_20200107T1812397441_d_img_d18.zip,2020-01-07T18:12:39.744Z,2020-01-07T18:22:30.716Z,1460992000,96.98,View,-24.702741,21.651615,-24.699668,20.870503,5.4732,21.593838,5.476241,20.885312,Selenographic,Equatorial
1611,ch2_tmc_nca_20200609T1600218929_d_img_d18.zip,2020-06-09T16:00:21.892Z,2020-06-09T16:11:00.818Z,1579544000,108.52,View,63.682757,-28.992376,63.663938,-27.134264,31.23266,-28.428163,31.21144,-27.475316,Selenographic,Equatorial
1612,ch2_tmc_nca_20220627T0119152638_d_img_d32.zip,2022-06-27T01:19:15.263Z,2022-06-27T01:29:15.199Z,1483144000,112.02,View,-0.415208,-159.950599,-0.44125,-160.780199,-30.435985,-160.224929,-30.459582,-161.141414,Selenographic,Equatorial
1613,ch2_tmc_ncf_20220130T0317307668_d_img_d18.zip,2022-01-30T03:17:30.766Z,2022-01-30T03:32:15.998Z,2188456000,90.19,View,-76.146144,-12.394292,-76.149378,-9.294275,-58.707453,170.049727,-58.709664,168.778759,Selenographic,Equatorial
1614,ch2_tmc_ncf_20220109T0824167493_d_img_d32.zip,2022-01-09T08:24:16.749Z,2022-01-09T08:39:14.920Z,2220408000,94.59,View,-76.626847,-94.148523,-76.577227,-91.007772,-57.538702,82.765622,-57.519209,81.477188,Polar stereographic,South
1615,ch2_tmc_ncn_20220730T1023574780_d_img_d32.zip,2022-07-30T10:23:57.478Z,2022-07-30T10:44:07.529Z,2992504000,123.68,View,30.366069,120.300645,30.358026,119.323825,-29.563287,120.537803,-29.571143,119.60035,Selenographic,Equatorial
1616,ch2_tmc_ncn_20221117T0442592594_d_img_n18.zip,2022-11-17T04:42:59.259Z,2022-11-17T04:50:54.122Z,1173952000,107.89,View,44.625348,-66.473679,44.619851,-65.507568,68.759304,-66.400033,68.746569,-64.447089,Selenographic,Equatorial
1617,ch2_tmc_ncf_20211226T0121199261_d_img_d18.zip,2021-12-26T01:21:19.926Z,2021-12-26T01:34:50.993Z,2005104000,84.34,View,-60.022481,-89.231613,-60.008157,-90.647164,-18.464107,-88.462332,-18.462526,-89.100329,Selenographic,Equatorial
1618,ch2_tmc_ncn_20220127T0237112157_d_img_d18.zip,2022-01-27T02:37:11.215Z,2022-01-27T02:52:18.601Z,2243224000,96.96,View,-74.517799,28.062071,-74.520011,30.835492,-59.498886,-149.72658,-59.501109,-150.987633,Selenographic,Equatorial
1619,ch2_tmc_nca_20220603T1155168900_d_img_d32.zip,2022-06-03T11:55:16.890Z,2022-06-03T12:25:07.887Z,4427640000,123.45,View,63.199656,150.191962,63.196646,151.906487,-26.609754,149.771545,-26.608358,150.772522,Selenographic,Equatorial
1620,ch2_tmc_ncf_20220801T0350481098_d_img_d18.zip,2022-08-01T03:50:48.109Z,2022-08-01T04:01:05.785Z,1527008000,131.64,View,32.400777,97.302545,32.385671,96.167185,1.980932,97.540027,1.967782,96.561816,Selenographic,Equatorial
1621,ch2_tmc_ncn_20220126T2241288791_d_img_d18.zip,2022-01-26T22:41:28.879Z,2022-01-26T22:56:36.265Z,2243224000,97.11,View,-74.472413,30.425194,-74.471732,33.196445,-59.556884,-147.679753,-59.557784,-148.944934,Selenographic,Equatorial
1622,ch2_tmc_ncf_20191128T1024372503_d_img_d18.zip,2019-11-28T10:24:37.250Z,2019-11-28T10:34:05.690Z,1405288000,87.6,View,-1.706399,-166.579609,-1.712572,-166.010119,27.665876,-166.67775,27.659514,-165.99191,Selenographic,Equatorial
1623,ch2_tmc_nca_20200622T0717449080_d_img_d18.zip,2020-06-22T07:17:44.908Z,2020-06-22T07:28:25.315Z,1582504000,115.89,View,63.218716,164.662849,63.226883,166.360721,31.134968,165.159914,31.141337,166.134651,Selenographic,Equatorial
1624,ch2_tmc_ncf_20221119T2148474203_d_img_d32.zip,2022-11-19T21:48:47.420Z,2022-11-19T21:56:35.193Z,1156424000,105.27,View,43.315393,-102.037674,43.311507,-101.060234,67.142222,-101.812315,67.126944,-99.892791,Selenographic,Equatorial
1625,ch2_tmc_ncf_20221202T1331333485_d_img_d32.zip,2022-12-02T13:31:33.348Z,2022-12-02T13:39:27.923Z,1171184000,116.67,View,43.113214,91.430941,43.10084,92.48229,67.001578,91.573521,66.979403,93.697751,Selenographic,Equatorial
1626,ch2_tmc_ncn_20220715T2053508676_d_img_d32.zip,2022-07-15T20:53:50.867Z,2022-07-15T21:06:08.405Z,1823328000,121.5,View,61.286809,-47.014413,61.285687,-48.697013,24.522227,-47.527972,24.520566,-48.42486,Selenographic,Equatorial
1627,ch2_tmc_nca_20200726T1253267430_d_img_d18.zip,2020-07-26T12:53:26.743Z,2020-07-26T13:04:06.866Z,1582504000,113.94,View,-30.917736,75.359838,-30.880322,74.323874,-62.78764,76.974615,-62.762777,75.114143,Selenographic,Equatorial
1628,ch2_tmc_nca_20220720T2138219039_d_img_d32.zip,2022-07-20T21:38:21.903Z,2022-07-20T21:58:26.124Z,2977016000,108.63,View,-0.261113,-113.614162,-0.263109,-114.562541,-59.864469,-112.802122,-59.870336,-114.337768,Selenographic,Equatorial
1629,ch2_tmc_ncf_20200108T0600101701_d_img_gds.zip,2020-01-08T06:00:10.170Z,2020-01-08T06:10:01.142Z,1460992000,97.82,View,-24.138234,15.224296,-24.135423,14.426314,5.974776,15.127373,5.97729,14.410341,Selenographic,Equatorial
1630,ch2_tmc_nca_20220120T1525473341_d_img_d18.zip,2022-01-20T15:25:47.334Z,2022-01-20T15:40:12.723Z,2139400000,99.13,View,-72.870188,115.349281,-72.837385,118.000757,-63.073579,-66.210396,-63.05522,-67.816001,Selenographic,Equatorial
1631,ch2_tmc_ncn_20211116T1329461965_d_img_d18.zip,2021-11-16T13:29:46.196Z,2021-11-16T13:40:18.125Z,1562248000,102.57,View,-87.494026,-78.686066,-87.743736,-94.303499,-60.082844,70.389745,-60.102285,71.746794,Polar stereographic,South
1632,ch2_tmc_nca_20220730T0627073188_d_img_d32.zip,2022-07-30T06:27:07.318Z,2022-07-30T06:47:17.681Z,2992232000,123.56,View,28.361247,122.572952,28.347546,121.514605,-31.483492,122.806917,-31.498151,121.748886,Selenographic,Equatorial
1633,ch2_tmc_ncn_20221124T0224108252_d_img_d32.zip,2022-11-24T02:24:10.825Z,2022-11-24T02:31:54.956Z,1147128000,104.63,View,44.774367,-157.767328,44.782307,-156.918983,68.494381,-159.025215,68.509922,-157.28752,Selenographic,Equatorial
1634,ch2_tmc_nca_20211111T1322553940_d_img_d18.zip,2021-11-11T13:22:55.394Z,2021-11-11T13:33:12.806Z,1526360000,99.56,View,-89.186213,-4.048589,-89.300393,-64.421756,-59.259543,137.464893,-59.26113,138.893278,Polar stereographic,South
1635,ch2_tmc_nca_20201117T0941201883_d_img_d18.zip,2020-11-17T09:41:20.188Z,2020-11-17T09:51:40.853Z,1534400000,92.3,View,0.499946,-166.759767,0.495676,-166.150895,32.614875,-166.93687,32.608648,-166.159383,Selenographic,Equatorial
1636,ch2_tmc_ncf_20211225T2135027868_d_img_d18.zip,2021-12-25T21:35:02.786Z,2021-12-25T21:44:14.156Z,1363088000,81.65,View,-28.775467,-85.989005,-28.802953,-86.724362,-0.267222,-85.583469,-0.258715,-86.184615,Selenographic,Equatorial
1637,ch2_tmc_ncf_20220131T0845092848_d_img_d18.zip,2022-01-31T08:45:09.284Z,2022-01-31T09:00:00.286Z,2202720000,86.84,View,-75.995736,-29.016197,-76.003948,-26.148528,-58.247039,153.885518,-58.251301,152.678397,Selenographic,Equatorial
1638,ch2_tmc_ncf_20220129T0541079533_d_img_d18.zip,2022-01-29T05:41:07.953Z,2022-01-29T05:56:06.123Z,2220440000,91.88,View,-76.392055,-0.695699,-76.399488,2.529768,-57.908094,-177.708048,-57.911963,-178.97393,Selenographic,Equatorial
1639,ch2_tmc_ncn_20210524T1512098273_d_img_d18.zip,2021-05-24T15:12:09.827Z,2021-05-24T15:21:40.904Z,1411808000,114.1,View,-57.228175,51.969681,-57.20048,53.478196,-85.927374,56.325622,-85.792052,66.3813,Polar stereographic,South
1640,ch2_tmc_ncn_20200207T0122596445_d_img_m65.zip,2020-02-07T01:22:59.644Z,2020-02-07T01:32:43.762Z,1445480000,83.82,View,-31.372732,-17.428528,-31.371865,-18.125587,-1.142031,-17.514973,-1.141422,-18.068352,Selenographic,Equatorial
1641,ch2_tmc_nca_20200725T0921189343_d_img_d18.zip,2020-07-25T09:21:18.934Z,2020-07-25T09:25:10.218Z,571784000,117.07,View,-30.659946,90.479629,-30.681051,89.473823,-42.209007,90.876132,-42.233168,89.714939,Selenographic,Equatorial
1642,ch2_tmc_ncn_20200704T1637018932_d_img_d18.zip,2020-07-04T16:37:01.893Z,2020-07-04T16:42:07.169Z,754704000,114.47,View,77.235224,3.449271,77.223251,0.186925,61.872036,3.068065,61.865765,1.466458,Selenographic,Equatorial
1643,ch2_tmc_ncf_20220705T0815098657_d_img_d32.zip,2022-07-05T08:15:09.865Z,2022-07-05T08:25:05.161Z,1473608000,116.87,View,62.963473,91.334282,62.891201,89.481933,33.120855,91.24904,33.044116,90.19081,Selenographic,Equatorial
1644,ch2_tmc_ncf_20221201T0756351243_d_img_n18.zip,2022-12-01T07:56:35.124Z,2022-12-01T08:04:28.560Z,1170424000,113.36,View,43.234623,107.578123,43.225298,108.625066,67.148029,107.59168,67.131337,109.67517,Selenographic,Equatorial
1645,ch2_tmc_ncf_20220625T0405179548_d_img_d32.zip,2022-06-25T04:05:17.954Z,2022-06-25T04:15:16.916Z,1478696000,112.61,View,3.002782,-134.544658,3.014982,-135.393469,-26.919826,-134.862938,-26.922886,-135.753486,Selenographic,Equatorial
1646,ch2_tmc_nca_20220120T1921277908_d_img_d18.zip,2022-01-20T19:21:27.790Z,2022-01-20T19:36:08.192Z,2176512000,98.94,View,-72.700922,113.290213,-72.666648,115.913707,-62.471529,-68.441092,-62.452775,-70.010113,Selenographic,Equatorial
1647,ch2_tmc_nca_20220705T0815097682_d_img_d32.zip,2022-07-05T08:15:09.768Z,2022-07-05T08:25:05.161Z,1473632000,116.87,View,59.386004,91.308044,59.445251,89.645348,29.356152,91.274685,29.417845,90.253346,Selenographic,Equatorial
1648,ch2_tmc_ncn_20220603T0757156355_d_img_d32.zip,2022-06-03T07:57:15.635Z,2022-06-03T08:27:06.736Z,4427896000,123.49,View,61.549116,152.520388,61.543983,153.989377,-28.412431,151.919024,-28.414764,152.836748,Selenographic,Equatorial
1649,ch2_tmc_ncf_20200714T0159298018_d_img_d18.zip,2020-07-14T01:59:29.801Z,2020-07-14T02:10:00.443Z,1559064000,102.92,View,-26.975053,-120.412488,-26.961194,-121.326421,-58.964768,-119.251138,-58.961644,-120.703284,Selenographic,Equatorial
1650,ch2_tmc_nca_20200713T0420029554_d_img_d18.zip,2020-07-13T04:20:02.955Z,2020-07-13T04:30:34.755Z,1561928000,106.01,View,-26.423262,-108.32818,-26.43259,-109.218018,-58.223803,-106.989734,-58.243047,-108.42898,Selenographic,Equatorial
1651,ch2_tmc_nca_20220519T2201208300_d_img_d18.zip,2022-05-19T22:01:20.830Z,2022-05-19T22:10:11.869Z,1314864000,114.61,View,62.886505,-17.905578,62.87698,-16.048678,36.24582,-17.934071,36.240237,-16.865897,Selenographic,Equatorial
1652,ch2_tmc_ncf_20220702T1110076688_d_img_d32.zip,2022-07-02T11:10:07.668Z,2022-07-02T11:19:23.510Z,1374144000,113.02,View,61.074672,130.43748,61.051315,128.712184,33.117821,129.682595,33.086516,128.657346,Selenographic,Equatorial
1653,ch2_tmc_nca_20221127T0718415890_d_img_d32.zip,2022-11-27T07:18:41.589Z,2022-11-27T07:26:33.366Z,1167632000,117.28,View,46.406862,159.364789,46.41744,160.47946,70.344921,157.783672,70.366731,160.212452,Selenographic,Equatorial
1654,ch2_tmc_ncf_20201127T0953148568_d_img_d32.zip,2020-11-27T09:53:14.856Z,2020-11-27T10:12:45.409Z,2893784000,97.9,View,-31.570194,60.366618,-31.601681,61.184212,28.490511,61.234769,28.46097,62.059798,Selenographic,Equatorial
1655,ch2_tmc_ncn_20220122T2028145745_d_img_d18.zip,2022-01-22T20:28:14.574Z,2022-01-22T20:43:10.554Z,2215024000,98.7,View,-74.477408,86.97657,-74.435485,89.691387,-60.110159,-95.763092,-60.091003,-97.069526,Selenographic,Equatorial
1656,ch2_tmc_ncf_20220715T2305387162_d_img_d32.zip,2022-07-15T23:05:38.716Z,2022-07-15T23:18:57.938Z,1977400000,115.39,View,23.189684,-48.605405,23.186277,-49.588095,-16.889833,-48.733876,-16.892709,-49.633042,Selenographic,Equatorial
1657,ch2_tmc_ncf_20220713T2144027798_d_img_d32.zip,2022-07-13T21:44:02.779Z,2022-07-13T21:47:08.550Z,461000000,121.18,View,27.58063,-21.497249,27.585093,-22.525145,18.268146,-21.628353,18.272686,-22.578238,Selenographic,Equatorial
1658,ch2_tmc_ncn_20211227T0059566001_d_img_d18.zip,2021-12-27T00:59:56.600Z,2021-12-27T01:19:13.714Z,2860592000,78.8,View,-61.67178,-102.529229,-61.642456,-103.835315,-1.768144,-101.293996,-1.75594,-101.802544,Selenographic,Equatorial
1659,ch2_tmc_ncf_20220610T1745099743_d_img_d32.zip,2022-06-10T17:45:09.974Z,2022-06-10T17:55:54.482Z,1593344000,112.46,View,29.972234,54.291904,29.981025,55.221528,-2.603611,54.515672,-2.595397,55.357733,Selenographic,Equatorial
1660,ch2_tmc_nca_20210523T2308228397_d_img_hw1.zip,2021-05-23T23:08:22.839Z,2021-05-23T23:10:58.362Z,383680000,123.9,View,-49.335258,60.495359,-49.315678,61.937913,-57.115009,60.629561,-57.091873,62.332099,Selenographic,Equatorial
1661,ch2_tmc_ncn_20220602T0411109521_d_img_d32.zip,2022-06-02T04:11:10.952Z,2022-06-02T04:41:11.266Z,4450672000,124.02,View,61.439726,167.581032,61.434908,169.120801,-28.553775,167.094617,-28.55546,168.010701,Selenographic,Equatorial
1662,ch2_tmc_nca_20220127T0237112124_d_img_d18.zip,2022-01-27T02:37:11.212Z,2022-01-27T02:52:18.601Z,2243232000,96.96,View,-72.778674,28.076557,-72.780382,30.857664,-60.999873,-149.613315,-61.002884,-151.080237,Selenographic,Equatorial
1663,ch2_tmc_ncn_20220127T2215296303_d_img_d18.zip,2022-01-27T22:15:29.630Z,2022-01-27T22:30:29.803Z,2225344000,94.13,View,-74.355094,16.797098,-74.364355,19.412865,-59.814266,-160.24857,-59.820007,-161.484301,Selenographic,Equatorial
1664,ch2_tmc_ncn_20220708T1314261067_d_img_d32.zip,2022-07-08T13:14:26.106Z,2022-07-08T13:22:59.757Z,1269840000,120.79,View,61.175988,48.745234,61.165236,47.167905,35.454993,48.769685,35.447826,47.776874,Selenographic,Equatorial
1665,ch2_tmc_ncf_20200725T1317195584_d_img_d18.zip,2020-07-25T13:17:19.558Z,2020-07-25T13:27:59.552Z,1582184000,114.42,View,-27.025687,88.184802,-27.039258,87.20138,-59.091016,89.728595,-59.117404,88.076129,Selenographic,Equatorial
1666,ch2_tmc_nca_20220605T1154498399_d_img_d32.zip,2022-06-05T11:54:49.839Z,2022-06-05T12:11:30.411Z,2473568000,120.78,View,-6.286216,123.636538,-6.279599,124.540032,-56.23499,123.614663,-56.223978,125.209633,Selenographic,Equatorial
1667,ch2_tmc_ncn_20220511T1402285565_d_img_d18.zip,2022-05-11T14:02:28.556Z,2022-05-11T14:22:05.369Z,2909296000,110.89,View,60.392376,90.086119,60.41252,91.445862,0.941162,91.625338,0.952652,92.360715,Selenographic,Equatorial
1668,ch2_tmc_ncn_20201125T1827104830_d_img_d32.zip,2020-11-25T18:27:10.483Z,2020-11-25T18:55:35.355Z,4083656000,101.66,View,-42.388431,81.697815,-42.40422,82.622074,41.635933,83.460039,41.618461,84.369816,Selenographic,Equatorial
1669,ch2_tmc_ncn_20210520T1701224888_d_img_d18.zip,2021-05-20T17:01:22.488Z,2021-05-20T17:11:19.602Z,1476176000,111.96,View,-57.178195,103.814063,-57.154307,105.231233,-87.279771,114.761762,-87.038348,128.900654,Polar stereographic,South
1670,ch2_tmc_nca_20200628T0704222211_d_img_d18.zip,2020-06-28T07:04:22.221Z,2020-06-28T07:15:02.344Z,1582504000,118.99,View,60.187237,85.335902,60.15493,83.724502,27.885402,86.343993,27.865533,85.345124,Selenographic,Equatorial
1671,ch2_tmc_ncn_20201127T0953148536_d_img_d32.zip,2020-11-27T09:53:14.853Z,2020-11-27T10:12:45.412Z,2893824000,97.9,View,-29.975143,60.344581,-29.987071,61.067869,30.002364,61.294555,29.991368,62.047843,Selenographic,Equatorial
1672,ch2_tmc_ncf_20220119T1749187076_d_img_d32.zip,2022-01-19T17:49:18.707Z,2022-01-19T18:04:25.968Z,2242896000,100.4,View,-76.179311,126.456948,-76.154558,129.747659,-57.926459,-53.69724,-57.916977,-55.08142,Selenographic,Equatorial
1673,ch2_tmc_ncn_20220630T0611492792_d_img_d32.zip,2022-06-30T06:11:49.279Z,2022-06-30T06:21:45.244Z,1473320000,115.53,View,1.414222,157.776648,1.420779,157.003937,-28.551891,157.442494,-28.54283,156.549843,Selenographic,Equatorial
1674,ch2_tmc_ncn_20220622T0258238857_d_img_d32.zip,2022-06-22T02:58:23.885Z,2022-06-22T03:28:17.926Z,4435176000,108.51,View,61.381178,-95.275457,61.359612,-96.886822,-28.651953,-94.24098,-28.663608,-95.075562,Selenographic,Equatorial
1675,ch2_tmc_nca_20210524T1512098273_d_img_d18.zip,2021-05-24T15:12:09.827Z,2021-05-24T15:21:40.901Z,1411800000,114.1,View,-55.320894,51.957361,-55.297958,53.699617,-84.13513,55.571622,-83.987408,64.111926,Polar stereographic,South
1676,ch2_tmc_nca_20220614T2011578946_d_img_d32.zip,2022-06-14T20:11:57.894Z,2022-06-14T20:25:04.494Z,1946608000,105.01,View,13.119889,0.849031,13.117607,1.666662,-26.76806,0.503551,-26.770654,1.369829,Selenographic,Equatorial
1677,ch2_tmc_nca_20211212T0821149090_d_img_d32.zip,2021-12-12T08:21:14.909Z,2021-12-12T08:50:21.976Z,4319040000,92.58,View,-59.556316,90.480167,-59.577444,91.849502,30.388515,92.64501,30.376979,93.432203,Selenographic,Equatorial
1678,ch2_tmc_ncf_20220124T2332413686_d_img_d18.zip,2022-01-24T23:32:41.368Z,2022-01-24T23:47:50.803Z,2248288000,98.57,View,-75.874956,57.864678,-75.839897,61.321973,-58.432523,-123.036988,-58.419353,-124.41548,Selenographic,Equatorial
1679,ch2_tmc_nca_20220111T1721503359_d_img_d32.zip,2022-01-11T17:21:50.335Z,2022-01-11T17:36:45.306Z,2212496000,88.26,View,-73.030131,-127.409583,-73.006256,-124.946269,-60.872334,51.659394,-60.861137,50.331003,Selenographic,Equatorial
1680,ch2_tmc_ncn_20220717T1831056842_d_img_d18.zip,2022-07-17T18:31:05.684Z,2022-07-17T18:50:41.294Z,2906320000,113.69,View,21.418181,-72.570482,21.40817,-73.445659,-37.296971,-72.062693,-37.307465,-73.009286,Selenographic,Equatorial
1681,ch2_tmc_ncf_20220708T1115585949_d_img_d32.zip,2022-07-08T11:15:58.594Z,2022-07-08T11:23:46.455Z,1156640000,120.09,View,62.969727,49.847556,62.955475,47.994467,39.635956,49.859831,39.626368,48.69998,Selenographic,Equatorial
1682,ch2_tmc_ncn_20220125T2307105389_d_img_d18.zip,2022-01-25T23:07:10.538Z,2022-01-25T23:22:16.905Z,2240704000,96.15,View,-74.320188,44.622451,-74.301155,47.34363,-59.717682,-135.537769,-59.71002,-136.796222,Selenographic,Equatorial
1683,ch2_tmc_ncf_20191213T1738376423_d_img_d18.zip,2019-12-13T17:38:37.642Z,2019-12-13T17:48:08.391Z,1412568000,85.32,View,-0.916604,-8.723673,-0.923093,-8.083269,28.649273,-8.732047,28.642511,-8.006052,Selenographic,Equatorial
1684,ch2_tmc_ncf_20221125T0402118152_d_img_d32.zip,2022-11-25T04:02:11.815Z,2022-11-25T04:09:59.798Z,1156944000,109.61,View,43.2435,-171.956358,43.253629,-170.972356,66.93052,-173.230711,66.95115,-171.29099,Selenographic,Equatorial
1685,ch2_tmc_nca_20220715T2053508709_d_img_d32.zip,2022-07-15T20:53:50.870Z,2022-07-15T21:06:08.402Z,1823312000,121.5,View,59.392028,-46.962211,59.396921,-48.729332,22.605909,-47.482212,22.610454,-48.466083,Selenographic,Equatorial
1686,ch2_tmc_ncn_20210512T1417374849_d_img_hw1.zip,2021-05-12T14:17:37.484Z,2021-05-12T14:22:19.776Z,698960000,119.51,View,-14.649674,-150.498446,-14.63825,-149.660412,-28.75228,-150.51628,-28.740389,-149.629721,Selenographic,Equatorial
1687,ch2_tmc_ncn_20211124T0058239617_d_img_d18.zip,2021-11-24T00:58:23.961Z,2021-11-24T01:02:00.921Z,534320000,112.57,View,-61.333268,-26.51607,-61.32965,-24.934555,-50.472326,-26.413535,-50.469463,-25.238583,Selenographic,Equatorial
1688,ch2_tmc_ncn_20220607T1055045692_d_img_d32.zip,2022-06-07T10:55:04.569Z,2022-06-07T11:24:35.154Z,4376848000,105.36,View,61.397189,96.13388,61.410922,97.530241,-28.523603,97.789691,-28.517466,98.588138,Selenographic,Equatorial
1689,ch2_tmc_ncf_20211226T0329181142_d_img_d18.zip,2021-12-26T03:29:18.114Z,2021-12-26T03:48:30.120Z,2848216000,80.85,View,-30.109827,-89.632827,-30.10213,-90.380152,29.842285,-88.675158,29.852348,-89.365908,Selenographic,Equatorial
1690,ch2_tmc_ncn_20200103T0006532402_d_img_gds.zip,2020-01-03T00:06:53.240Z,2020-01-03T00:08:28.961Z,236648000,102.88,View,-31.081542,84.204356,-31.068208,83.398096,-26.206532,84.307509,-26.190208,83.53932,Selenographic,Equatorial
1691,ch2_tmc_nca_20220702T1337449631_d_img_d32.zip,2022-07-02T13:37:44.963Z,2022-07-02T13:47:40.287Z,1471104000,111.35,View,-30.491343,127.212191,-30.555729,126.197575,-60.395057,127.219442,-60.449941,125.490174,Selenographic,Equatorial
1692,ch2_tmc_ncn_20201126T1808573675_d_img_d32.zip,2020-11-26T18:08:57.367Z,2020-11-26T18:17:10.482Z,1219072000,98.26,View,-29.952263,69.080702,-29.964418,69.843984,-4.781387,69.565825,-4.791695,70.225211,Selenographic,Equatorial
1693,ch2_tmc_ncf_20220620T1929524692_d_img_d32.zip,2022-06-20T19:29:52.469Z,2022-06-20T19:43:06.579Z,1961856000,110.67,View,60.018122,-79.370544,60.036321,-77.714294,20.081313,-78.262927,20.090776,-77.384519,Selenographic,Equatorial
1694,ch2_tmc_nca_20220716T2034569294_d_img_d18.zip,2022-07-16T20:34:56.929Z,2022-07-16T20:41:00.577Z,899008000,121.55,View,59.368604,-60.543815,59.356363,-62.2906,41.191496,-60.563313,41.182429,-61.767241,Selenographic,Equatorial
1695,ch2_tmc_ncn_20220630T0214571960_d_img_d32.zip,2022-06-30T02:14:57.196Z,2022-06-30T02:24:54.167Z,1475808000,115.69,View,1.424872,160.478363,1.434661,159.724469,-28.584761,160.258279,-28.574491,159.391875,Selenographic,Equatorial
1696,ch2_tmc_ncf_20220605T0539347191_d_img_d32.zip,2022-06-05T05:39:34.719Z,2022-06-05T05:44:24.737Z,716976000,117.76,View,44.491554,125.812698,44.574763,127.022658,29.904145,126.094854,29.984577,127.111016,Selenographic,Equatorial
1697,ch2_tmc_nca_20201126T1610528086_d_img_d32.zip,2020-11-26T16:10:52.808Z,2020-11-26T16:30:28.357Z,2906152000,98.92,View,-28.59427,70.999975,-28.531927,71.830793,31.467959,71.171066,31.510253,72.023274,Selenographic,Equatorial
1698,ch2_tmc_ncn_20220102T0445228391_d_img_d18.zip,2022-01-02T04:45:22.839Z,2022-01-02T05:04:37.841Z,2853312000,79.28,View,-61.488954,178.642276,-61.492673,177.365777,-1.492888,177.948834,-1.49638,177.408215,Selenographic,Equatorial
1699,ch2_tmc_ncf_20201118T0520179058_d_img_d18.zip,2020-11-18T05:20:17.905Z,2020-11-18T05:30:36.522Z,1529336000,93.07,View,-2.566328,-177.697313,-2.572846,-177.086934,29.313155,-177.76099,29.308025,-177.00328,Selenographic,Equatorial
1700,ch2_tmc_ncn_20220614T2011578633_d_img_d32.zip,2022-06-14T20:11:57.863Z,2022-06-14T20:25:04.494Z,1946608000,105.01,,11.438424,0.886521,11.436029,1.617172,-28.401454,0.534075,-28.404088,1.324999,Selenographic,Equatorial
1701,ch2_tmc_ncf_20220104T0402056581_d_img_d18.zip,2022-01-04T04:02:05.658Z,2022-01-04T04:21:16.626Z,2845400000,82.38,View,-60.154768,152.477089,-60.162135,151.238414,-0.300219,151.72197,-0.306495,151.12296,Selenographic,Equatorial
1702,ch2_tmc_ncf_20210522T1506566722_d_img_d18.zip,2021-05-22T15:06:56.672Z,2021-05-22T15:16:55.708Z,1480928000,112.41,View,-59.318904,78.717467,-59.286524,80.405551,-89.111978,123.938485,-88.418282,144.70791,Polar stereographic,South
1703,ch2_tmc_ncn_20220104T0402056549_d_img_d18.zip,2022-01-04T04:02:05.654Z,2022-01-04T04:21:16.630Z,2845416000,82.38,View,-61.453639,152.471901,-61.45982,151.308289,-1.574303,151.73402,-1.578665,151.193387,Selenographic,Equatorial
1704,ch2_tmc_ncn_20220101T0506523847_d_img_d18.zip,2022-01-01T05:06:52.384Z,2022-01-01T05:26:07.576Z,2855840000,79.33,View,-61.65626,-167.721724,-61.6676,-169.023531,-1.730982,-168.814662,-1.734843,-169.35472,Selenographic,Equatorial
1705,ch2_tmc_ncf_20200630T0819002520_d_img_d18.zip,2020-06-30T08:19:00.252Z,2020-06-30T08:29:43.200Z,1589488000,122.13,View,63.406374,58.725237,63.389884,56.94171,31.439054,59.516667,31.435238,58.455252,Selenographic,Equatorial
1706,ch2_tmc_nca_20220803T0526153454_d_img_d18.zip,2022-08-03T05:26:15.345Z,2022-08-03T05:33:02.527Z,1006632000,137.02,View,28.367937,70.206903,28.347162,69.062363,8.284618,70.317073,8.264755,69.287007,Selenographic,Equatorial
1707,ch2_tmc_nca_20220720T0332127444_d_img_d32.zip,2022-07-20T03:32:12.744Z,2022-07-20T03:45:39.652Z,1994824000,131.13,View,59.666222,-104.256024,59.647257,-106.067336,19.723431,-103.915653,19.712832,-104.93164,Selenographic,Equatorial
1708,ch2_tmc_ncf_20221118T2208306200_d_img_d32.zip,2022-11-18T22:08:30.620Z,2022-11-18T22:16:19.755Z,1159792000,103.78,View,43.15404,-89.099587,43.143543,-88.118834,67.057573,-88.758521,67.037201,-86.856711,Selenographic,Equatorial
1709,ch2_tmc_ncf_20220602T0411113533_d_img_d32.zip,2022-06-02T04:11:11.353Z,2022-06-02T04:41:11.266Z,4449672000,124.02,View,59.712008,167.585198,59.67537,169.199452,-30.331104,165.879179,-30.388583,166.910846,Selenographic,Equatorial
1710,ch2_tmc_ncn_20220112T1102281958_d_img_d32.zip,2022-01-12T11:02:28.195Z,2022-01-12T11:17:24.315Z,2215336000,89.58,View,-74.551355,-137.777974,-74.536058,-135.327422,-59.504158,42.07377,-59.497987,40.908976,Selenographic,Equatorial
1711,ch2_tmc_ncf_20220614T1757261030_d_img_d32.zip,2022-06-14T17:57:26.103Z,2022-06-14T18:10:17.770Z,1907696000,108.36,View,59.836695,2.152114,59.829554,3.753486,20.854914,2.026588,20.851782,2.892369,Selenographic,Equatorial
1712,ch2_tmc_nca_20211229T0215298865_d_img_d18.zip,2021-12-29T02:15:29.886Z,2021-12-29T02:34:42.904Z,2850464000,74.66,View,-62.895012,-128.534655,-62.8754,-130.035122,-2.695445,-128.003368,-2.686551,-128.532072,Selenographic,Equatorial
1713,ch2_tmc_ncn_20211230T2334143119_d_img_d18.zip,2021-12-30T23:34:14.311Z,2021-12-30T23:53:28.351Z,2852992000,76.46,View,-61.470402,-151.929583,-61.459587,-153.284237,-1.594562,-152.553241,-1.584652,-153.078184,Selenographic,Equatorial
1714,ch2_tmc_ncf_20191207T1040107224_d_img_d18.zip,2019-12-07T10:40:10.722Z,2019-12-07T10:49:47.356Z,1425544000,90.56,View,-1.096754,74.391958,-1.110105,75.042444,28.547897,74.924882,28.533204,75.680428,Selenographic,Equatorial
1715,ch2_tmc_ncf_20191224T0436128888_d_img_d18.zip,2019-12-24T04:36:12.888Z,2019-12-24T04:45:42.228Z,1407512000,78,View,-0.520742,-146.204821,-0.522899,-145.669558,29.177667,-146.123396,29.174667,-145.523168,Selenographic,Equatorial
1716,ch2_tmc_ncn_20220119T1947096243_d_img_d32.zip,2022-01-19T19:47:09.624Z,2022-01-19T20:02:16.439Z,2243200000,100.19,View,-74.464458,125.609845,-74.442974,128.251669,-59.516201,-54.917306,-59.506697,-56.220551,Selenographic,Equatorial
1717,ch2_tmc_ncf_20220609T1621036061_d_img_d32.zip,2022-06-09T16:21:03.606Z,2022-06-09T16:40:52.416Z,2938952000,109.47,View,-0.09963,68.35048,-0.085743,69.167145,-59.977944,68.85923,-59.955558,70.479613,Selenographic,Equatorial
1718,ch2_tmc_ncn_20210514T0604317335_d_img_d18.zip,2021-05-14T06:04:31.733Z,2021-05-14T06:14:08.572Z,1426056000,103.61,View,-57.614625,-172.642955,-57.608162,-171.203119,-86.725576,-178.047661,-86.718558,-165.566927,Polar stereographic,South
1719,ch2_tmc_ncn_20191216T0627459222_d_img_g26.zip,2019-12-16T06:27:45.922Z,2019-12-16T06:30:53.174Z,462928000,86.17,View,9.035442,-42.004261,9.033194,-41.409709,18.703984,-41.987566,18.701174,-41.376433,Selenographic,Equatorial
1720,ch2_tmc_nca_20200710T2117095613_d_img_d18.zip,2020-07-10T21:17:09.561Z,2020-07-10T21:27:38.417Z,1554648000,101.61,View,-30.467474,-77.94827,-30.484812,-78.816096,-62.403397,-76.583154,-62.42394,-78.16749,Selenographic,Equatorial
1721,ch2_tmc_ncn_20220518T1459006639_d_img_d18.zip,2022-05-18T14:59:00.663Z,2022-05-18T15:07:42.577Z,1290272000,110.13,View,1.14618,-0.516797,1.143863,0.231605,-25.078621,-0.740589,-25.081708,0.061606,Selenographic,Equatorial
1722,ch2_tmc_nca_20210515T1539394519_d_img_hw1.zip,2021-05-15T15:39:39.451Z,2021-05-15T15:42:40.325Z,447160000,113.73,View,-49.566305,169.335135,-49.561871,170.703575,-58.685804,169.212517,-58.684082,170.883244,Selenographic,Equatorial
1723,ch2_tmc_ncf_20191127T0458109171_d_img_d18.zip,2019-11-27T04:58:10.917Z,2019-11-27T05:07:37.314Z,1400240000,81.99,View,-1.512095,-150.40218,-1.513941,-149.863792,27.930372,-150.397312,27.928159,-149.768255,Selenographic,Equatorial
1724,ch2_tmc_ncf_20221127T0917001825_d_img_d32.zip,2022-11-27T09:17:00.182Z,2022-11-27T09:24:56.699Z,1178040000,117.85,View,43.17784,158.36899,43.186897,159.421032,67.112238,157.079818,67.129983,159.17699,Selenographic,Equatorial
1725,ch2_tmc_ncn_20210601T0716026044_d_img_hw1.zip,2021-06-01T07:16:02.604Z,2021-06-01T07:23:39.456Z,1129424000,103.5,View,-37.955465,-49.491735,-37.948906,-48.620975,-61.148553,-49.384732,-61.137445,-47.957319,Selenographic,Equatorial
1726,ch2_tmc_ncf_20200703T1535031654_d_img_d18.zip,2020-07-03T15:35:03.165Z,2020-07-03T15:40:07.166Z,751552000,120.53,View,-22.939696,16.967968,-22.941083,15.991088,-38.130674,16.99031,-38.132307,15.874132,Selenographic,Equatorial
1727,ch2_tmc_nca_20220529T0518515977_d_img_d18.zip,2022-05-29T05:18:51.597Z,2022-05-29T05:38:50.779Z,2964592000,114.51,View,3.244512,-141.433039,3.300247,-140.465981,-56.523185,-141.079806,-56.485056,-139.490322,Selenographic,Equatorial
1728,ch2_tmc_nca_20220122T1835221186_d_img_d18.zip,2022-01-22T18:35:22.118Z,2022-01-22T18:45:17.705Z,1472400000,98.89,View,-87.896073,99.130213,-87.594986,117.680147,-61.68331,-94.662414,-61.661271,-96.191357,Polar stereographic,South
1729,ch2_tmc_ncf_20211111T1521391797_d_img_d18.zip,2021-11-11T15:21:39.179Z,2021-11-11T15:32:38.964Z,1631112000,99.59,View,-86.08012,-35.09189,-86.106195,-46.391793,-60.184386,136.327488,-60.186868,137.794551,Polar stereographic,South
1730,ch2_tmc_ncf_20200801T1621579855_d_img_d18.zip,2020-08-01T16:21:57.985Z,2020-08-01T16:32:31.837Z,1567000000,106.97,View,-27.1849,-5.937894,-27.18648,-6.886501,-59.216619,-5.53164,-59.219457,-7.077649,Selenographic,Equatorial
1731,ch2_tmc_ncn_20220725T0812418820_d_img_d32.zip,2022-07-25T08:12:41.882Z,2022-07-25T08:22:47.600Z,1496104000,123.57,View,1.25233,-172.681338,1.256183,-173.521111,-28.735603,-172.929745,-28.731308,-173.841611,Selenographic,Equatorial
1732,ch2_tmc_nca_20220717T2214346206_d_img_d18.zip,2022-07-17T22:14:34.620Z,2022-07-17T22:34:39.805Z,2979432000,121.91,View,59.547182,-74.928248,59.526652,-76.697192,-0.4548,-74.545237,-0.466521,-75.451591,Selenographic,Equatorial
1733,ch2_tmc_ncn_20210517T1310144506_d_img_d18.zip,2021-05-17T13:10:14.450Z,2021-05-17T13:20:10.541Z,1473648000,111.98,View,-57.097485,144.341043,-57.114304,145.809109,-86.965669,139.047011,-86.972532,153.387306,Polar stereographic,South
1734,ch2_tmc_ncn_20220723T0037194138_d_img_d32.zip,2022-07-23T00:37:19.413Z,2022-07-23T00:47:26.643Z,1501184000,136,View,61.211343,-143.06262,61.188335,-144.924309,31.366454,-143.397078,31.366056,-144.48788,Selenographic,Equatorial
1735,ch2_tmc_ncn_20221124T1017238920_d_img_d32.zip,2022-11-24T10:17:23.892Z,2022-11-24T10:25:09.419Z,1150872000,108.31,View,44.773741,-162.213832,44.782759,-161.301983,68.510256,-163.611665,68.52847,-161.74502,Selenographic,Equatorial
1736,ch2_tmc_nca_20201125T1827104604_d_img_d32.zip,2020-11-25T18:27:10.460Z,2020-11-25T18:30:45.811Z,532392000,101.92,View,-43.471579,81.463412,-43.492095,82.514271,-32.527925,81.872397,-32.545426,82.775583,Selenographic,Equatorial
1737,ch2_tmc_ncn_20220602T1008123471_d_img_d32.zip,2022-06-02T10:08:12.347Z,2022-06-02T10:21:28.113Z,1967272000,119.68,View,61.364171,164.402125,61.358402,165.946463,21.395902,164.255699,21.39377,165.103786,Selenographic,Equatorial
1738,ch2_tmc_ncf_20220121T1658022047_d_img_d18.zip,2022-01-21T16:58:02.204Z,2022-01-21T17:13:03.514Z,2228200000,100.09,View,-76.197369,101.951417,-76.149535,105.292816,-58.272377,-80.372329,-58.253357,-81.764361,Selenographic,Equatorial
1739,ch2_tmc_ncf_20200102T1212541093_d_img_d18.zip,2020-01-02T12:12:54.109Z,2020-01-02T12:22:47.126Z,1466048000,104.83,View,-29.142657,90.814595,-29.120135,89.933288,1.012681,91.376976,1.033199,90.603711,Selenographic,Equatorial
1740,ch2_tmc_nca_20220627T0317141901_d_img_d32.zip,2022-06-27T03:17:14.190Z,2022-06-27T03:27:12.139Z,1478240000,112.15,View,-0.471523,-161.033991,-0.469411,-161.868337,-30.407175,-161.481534,-30.395463,-162.405843,Selenographic,Equatorial
1741,ch2_tmc_nca_20220606T1317038588_d_img_d32.zip,2022-06-06T13:17:03.858Z,2022-06-06T13:46:32.305Z,4371904000,102.12,View,62.892636,108.011501,62.906085,109.659289,-27.014997,109.485675,-27.012155,110.328563,Selenographic,Equatorial
1742,ch2_tmc_nca_20220531T0235403736_d_img_d32.zip,2022-05-31T02:35:40.373Z,2022-05-31T03:05:41.706Z,4453152000,122.05,View,63.742232,-165.424023,63.727541,-163.527348,-26.12295,-166.289782,-26.134384,-165.314029,Selenographic,Equatorial
1743,ch2_tmc_ncn_20221123T0045573910_d_img_n18.zip,2022-11-23T00:45:57.391Z,2022-11-23T00:53:45.212Z,1156544000,102.18,View,44.743199,-143.408045,44.746773,-142.549365,68.730434,-144.128104,68.735571,-142.351351,Selenographic,Equatorial
1744,ch2_tmc_ncf_20220131T0647189484_d_img_d18.zip,2022-01-31T06:47:18.948Z,2022-01-31T07:02:09.953Z,2202728000,86.9,View,-75.98967,-27.960157,-75.998098,-25.089639,-58.258981,154.965814,-58.263336,153.757512,Selenographic,Equatorial
1745,ch2_tmc_ncf_20200711T2251223899_d_img_d18.zip,2020-07-11T22:51:22.389Z,2020-07-11T23:01:51.252Z,1554664000,103.05,View,-27.750874,-92.041781,-27.653543,-92.894532,-59.897721,-90.96444,-59.80013,-92.407592,Selenographic,Equatorial
1746,ch2_tmc_ncf_20221130T1609523729_d_img_n18.zip,2022-11-30T16:09:52.372Z,2022-11-30T16:17:41.977Z,1160952000,113.28,View,43.323428,116.097719,43.317233,117.136506,67.051553,115.932921,67.040151,117.983879,Selenographic,Equatorial
1747,ch2_tmc_ncf_20221124T0620457757_d_img_d32.zip,2022-11-24T06:20:45.775Z,2022-11-24T06:28:33.112Z,1155344000,105.89,View,43.268771,-159.990815,43.287275,-159.036378,66.941381,-161.253225,66.968532,-159.377347,Selenographic,Equatorial
1748,ch2_tmc_ncf_20200212T2045445780_d_img_d18.zip,2020-02-12T20:45:44.578Z,2020-02-12T20:55:38.750Z,1468904000,118.19,View,-61.602033,86.554384,-61.563313,88.436142,-88.534193,-124.246983,-87.962788,-145.985345,Polar stereographic,South
1749,ch2_tmc_ncn_20221120T0145293028_d_img_d32.zip,2022-11-20T01:45:29.302Z,2022-11-20T01:53:19.987Z,1161424000,105.45,View,44.776016,-104.188967,44.766824,-103.299336,68.778932,-103.758926,68.75823,-101.92536,Selenographic,Equatorial
1750,ch2_tmc_nca_20220107T1127582803_d_img_d32.zip,2022-01-07T11:27:58.280Z,2022-01-07T11:57:24.417Z,4366824000,100.63,View,-62.745063,112.077065,-62.960952,110.539413,27.115907,108.159765,26.949129,107.354423,Selenographic,Equatorial
1751,ch2_tmc_ncn_20220802T0530199469_d_img_d18.zip,2022-08-02T05:30:19.946Z,2022-08-02T05:40:14.316Z,1469392000,134.53,View,30.376593,83.148868,30.362382,82.13074,1.143329,83.406053,1.130657,82.510949,Selenographic,Equatorial
1752,ch2_tmc_ncf_20220707T0956149656_d_img_d32.zip,2022-07-07T09:56:14.965Z,2022-07-07T10:06:11.582Z,1477080000,125.93,View,3.269231,64.466938,3.185319,63.505827,-26.343801,64.787713,-26.435087,63.717939,Selenographic,Equatorial
1753,ch2_tmc_ncn_20220519T1806046521_d_img_d18.zip,2022-05-19T18:06:04.652Z,2022-05-19T18:13:50.508Z,1151688000,114.53,View,61.050947,-15.659796,61.043957,-14.092197,37.680341,-15.70862,37.675496,-14.729884,Selenographic,Equatorial
1754,ch2_tmc_ncn_20211211T1040426744_d_img_d32.zip,2021-12-11T10:40:42.674Z,2021-12-11T11:09:56.906Z,4336768000,94.77,View,-61.215448,102.553829,-61.234413,103.910881,28.754698,104.518577,28.744402,105.235237,Selenographic,Equatorial
1755,ch2_tmc_nca_20200126T0025369991_d_img_d18.zip,2020-01-26T00:25:36.999Z,2020-01-26T00:35:27.204Z,1459096000,97.48,View,-33.826639,141.10925,-33.819719,140.279558,-3.672732,141.162181,-3.666466,140.458979,Selenographic,Equatorial
1756,ch2_tmc_ncf_20200712T2226057043_d_img_d18.zip,2020-07-12T22:26:05.704Z,2020-07-12T22:36:36.615Z,1559728000,106,View,-23.293589,-105.144759,-23.309657,-106.011221,-55.320999,-103.851573,-55.347238,-105.190757,Selenographic,Equatorial
1757,ch2_tmc_ncn_20220111T1721503392_d_img_d32.zip,2022-01-11T17:21:50.339Z,2022-01-11T17:36:45.303Z,2212480000,88.26,View,-74.549684,-127.20629,-74.526471,-124.777809,-59.506445,51.617087,-59.496521,50.469557,Selenographic,Equatorial
1758,ch2_tmc_ncf_20191221T0601071304_d_img_g26.zip,2019-12-21T06:01:07.130Z,2019-12-21T06:04:13.706Z,461256000,79.78,View,-0.899307,-107.972172,-0.908988,-107.404766,8.809679,-107.810691,8.800712,-107.242103,Selenographic,Equatorial
1759,ch2_tmc_ncf_20200722T1033282277_d_img_d32.zip,2020-07-22T10:33:28.227Z,2020-07-22T10:44:04.254Z,1572376000,110.87,View,-27.396863,129.122396,-27.406496,128.193628,-59.407485,129.999974,-59.423322,128.408522,Selenographic,Equatorial
1760,ch2_tmc_ncf_20220103T1018188923_d_img_d18.zip,2022-01-03T10:18:18.892Z,2022-01-03T10:37:31.163Z,2848256000,80.76,View,-60.271079,162.241532,-60.274481,160.971017,-0.397801,161.490057,-0.399737,160.899595,Selenographic,Equatorial
1761,ch2_tmc_nca_20210512T1417374849_d_img_hw1.zip,2021-05-12T14:17:37.484Z,2021-05-12T14:22:19.772Z,698952000,119.51,View,-12.74872,-150.549875,-12.73153,-149.628361,-26.924294,-150.567976,-26.906615,-149.601933,Selenographic,Equatorial
1762,ch2_tmc_nca_20220124T0201197913_d_img_d18.zip,2022-01-24T02:01:19.791Z,2022-01-24T02:11:23.150Z,1491616000,97.02,View,-87.889191,77.496962,-87.640205,96.733145,-61.26768,-111.62103,-61.25035,-113.102031,Polar stereographic,South
1763,ch2_tmc_ncf_20191226T0338483816_d_img_d18.zip,2019-12-26T03:38:48.381Z,2019-12-26T03:48:20.925Z,1415432000,84.76,View,-0.28616,-172.064168,-0.290186,-171.484589,29.371881,-172.138744,29.366965,-171.458249,Selenographic,Equatorial
1764,ch2_tmc_ncn_20220604T0546183712_d_img_d32.zip,2022-06-04T05:46:18.371Z,2022-06-04T06:16:10.366Z,4430056000,123.6,View,61.629543,140.140827,61.6278,141.624759,-28.304604,139.923465,-28.305208,140.839522,Selenographic,Equatorial
1765,ch2_tmc_ncf_20211227T0059566001_d_img_d18.zip,2021-12-27T00:59:56.600Z,2021-12-27T01:19:13.718Z,2860600000,78.8,View,-60.224956,-102.38142,-60.189391,-103.764744,-0.57906,-101.224576,-0.561545,-101.787461,Selenographic,Equatorial
1766,ch2_tmc_ncf_20221125T0957072022_d_img_d32.zip,2022-11-25T09:57:07.202Z,2022-11-25T10:05:03.783Z,1178200000,111.17,View,43.074839,-175.160939,43.083075,-174.171889,67.205526,-176.395612,67.221718,-174.419489,Selenographic,Equatorial
1767,ch2_tmc_nca_20200620T0801247878_d_img_d18.zip,2020-06-20T08:01:24.787Z,2020-06-20T08:12:07.742Z,1589504000,117.86,View,64.275272,-169.711142,64.278893,-167.898919,32.119411,-169.269882,32.121819,-168.270323,Selenographic,Equatorial
1768,ch2_tmc_ncf_20200721T0305423409_d_img_d32.zip,2020-07-21T03:05:42.340Z,2020-07-21T03:16:18.241Z,1572064000,114.62,View,-27.185042,146.316776,-27.183948,145.371781,-59.062756,146.711713,-59.061174,145.066358,Selenographic,Equatorial
1769,ch2_tmc_ncf_20200625T0809314916_d_img_d18.zip,2020-06-25T08:09:31.491Z,2020-06-25T08:20:09.567Z,1577440000,114.98,View,60.532406,123.719748,60.55293,125.312262,28.262128,124.738762,28.276302,125.698525,Selenographic,Equatorial
1770,ch2_tmc_ncn_20220119T1749187109_d_img_d32.zip,2022-01-19T17:49:18.710Z,2022-01-19T18:04:25.965Z,2242896000,100.4,View,-74.515455,126.580131,-74.495354,129.233581,-59.480237,-53.776436,-59.471446,-55.080968,Selenographic,Equatorial
1771,ch2_tmc_ncn_20220114T1405515898_d_img_d32.zip,2022-01-14T14:05:51.589Z,2022-01-14T14:20:53.860Z,2230552000,96.08,View,-74.479218,-167.93043,-74.487339,-165.366109,-59.55191,14.893818,-59.557027,13.642449,Selenographic,Equatorial
1772,ch2_tmc_nca_20220704T0446528629_d_img_d32.zip,2022-07-04T04:46:52.862Z,2022-07-04T04:56:48.798Z,1473264000,116.73,View,29.285379,106.551072,29.351425,105.543212,-0.595136,106.758331,-0.53754,105.868458,Selenographic,Equatorial
1773,ch2_tmc_ncn_20220102T0841479394_d_img_d18.zip,2022-01-02T08:41:47.939Z,2022-01-02T09:01:01.982Z,2853000000,79.28,View,-61.487246,176.385491,-61.486283,175.11655,-1.510456,175.741995,-1.510368,175.20371,Selenographic,Equatorial
1774,ch2_tmc_ncf_20210512T1428354838_d_img_hw1.zip,2021-05-12T14:28:35.483Z,2021-05-12T14:33:55.765Z,791800000,104.92,View,-49.396835,-150.700888,-49.402647,-149.372816,-65.47905,-150.865669,-65.479881,-148.905702,Selenographic,Equatorial
1775,ch2_tmc_ncn_20200725T0723191760_d_img_d18.zip,2020-07-25T07:23:19.176Z,2020-07-25T07:33:57.244Z,1577424000,114.31,View,-28.872046,91.449794,-28.887181,90.551688,-60.795008,93.072942,-60.822431,91.505361,Selenographic,Equatorial
1776,ch2_tmc_nca_20220702T1110078016_d_img_d32.zip,2022-07-02T11:10:07.801Z,2022-07-02T11:19:23.507Z,1373800000,113.02,View,57.539721,130.278751,57.585998,128.720897,29.575183,129.694956,29.615483,128.705697,Selenographic,Equatorial
1777,ch2_tmc_nca_20210517T0714186933_d_img_d18.zip,2021-05-17T07:14:18.693Z,2021-05-17T07:22:43.385Z,1247696000,113.29,View,-55.278927,147.343574,-55.255966,148.904676,-80.647999,145.930895,-80.628017,151.170689,Polar stereographic,South
1778,ch2_tmc_nca_20220608T1635028670_d_img_d32.zip,2022-06-08T16:35:02.867Z,2022-06-08T17:04:42.571Z,4399736000,107.01,View,33.20933,80.799247,33.224918,81.749812,-56.733411,81.994985,-56.710359,83.466308,Selenographic,Equatorial
1779,ch2_tmc_ncn_20220518T2245448343_d_img_d18.zip,2022-05-18T22:45:44.834Z,2022-05-18T22:48:53.173Z,465616000,113.67,View,12.669003,-4.844506,12.666234,-4.066929,3.222216,-4.899732,3.219357,-4.142538,Selenographic,Equatorial
1780,ch2_tmc_ncf_20200618T2233035392_d_img_d18.zip,2020-06-18T22:33:03.539Z,2020-06-18T22:43:06.743Z,1491232000,124.4,View,60.350847,-151.580303,60.345555,-149.849021,30.229861,-151.022049,30.220004,-149.977302,Selenographic,Equatorial
1781,ch2_tmc_nca_20200103T0006532402_d_img_gds.zip,2020-01-03T00:06:53.240Z,2020-01-03T00:08:28.958Z,236640000,102.88,View,-32.712187,84.221205,-32.693376,83.309449,-27.822943,84.309854,-27.801341,83.444043,Selenographic,Equatorial
1782,ch2_tmc_ncn_20221130T0816281622_d_img_n18.zip,2022-11-30T08:16:28.162Z,2022-11-30T08:24:22.702Z,1173152000,113.22,View,44.783691,120.350585,44.781082,121.316917,68.84457,120.059675,68.838679,122.068869,Selenographic,Equatorial
1783,ch2_tmc_ncn_20220111T1523597843_d_img_d32.zip,2022-01-11T15:23:59.784Z,2022-01-11T15:38:54.881Z,2212832000,87.97,View,-74.559886,-126.064053,-74.536305,-123.640872,-59.47381,52.699021,-59.463713,51.556339,Selenographic,Equatorial
1784,ch2_tmc_nca_20201127T1349121590_d_img_d32.zip,2020-11-27T13:49:12.159Z,2020-11-27T14:08:41.559Z,2890968000,97.66,View,-28.379485,58.206141,-28.414325,59.00212,31.567373,59.127582,31.530039,59.985615,Selenographic,Equatorial
1785,ch2_tmc_ncn_20221203T1311391900_d_img_n18.zip,2022-12-03T13:11:39.190Z,2022-12-03T13:19:31.481Z,1167592000,115.5,View,44.8131,78.505084,44.80608,79.459568,68.825456,78.684714,68.809064,80.72833,Selenographic,Equatorial
1786,ch2_tmc_ncn_20200629T1435199503_d_img_d18.zip,2020-06-29T14:35:19.950Z,2020-06-29T14:46:03.153Z,1589776000,121.94,View,62.027133,68.119907,61.996011,66.557591,29.833021,69.063397,29.813254,68.123659,Selenographic,Equatorial
1787,ch2_tmc_nca_20210528T2116056112_d_img_d18.zip,2021-05-28T21:16:05.611Z,2021-05-28T21:32:25.674Z,2421392000,106.33,View,-34.709656,-4.76699,-34.704094,-3.688432,-84.476395,-7.714357,-84.460194,0.531108,Polar stereographic,South
1788,ch2_tmc_nca_20220116T1511446715_d_img_d32.zip,2022-01-16T15:11:44.671Z,2022-01-16T15:26:51.166Z,2240624000,99.58,View,-72.736549,165.864969,-72.739864,168.539322,-61.160578,-11.70066,-61.163847,-13.21483,Selenographic,Equatorial
1789,ch2_tmc_nca_20211212T1035386438_d_img_d32.zip,2021-12-12T10:35:38.643Z,2021-12-12T10:58:21.712Z,3369744000,98.77,View,-9.77437,90.175183,-9.865158,90.83725,60.528861,92.459478,60.428372,93.930589,Selenographic,Equatorial
1790,ch2_tmc_nca_20220125T0135473777_d_img_d18.zip,2022-01-25T01:35:47.377Z,2022-01-25T01:45:48.675Z,1486520000,98.3,View,-88.164826,61.052063,-87.93274,83.942909,-61.161892,-124.123737,-61.148514,-125.618405,Polar stereographic,South
1791,ch2_tmc_nca_20220607T1253065081_d_img_d32.zip,2022-06-07T12:53:06.508Z,2022-06-07T13:22:35.973Z,4374432000,105.67,View,62.94422,95.295793,62.922592,96.927602,-26.848345,96.205085,-26.881186,97.081438,Selenographic,Equatorial
1792,ch2_tmc_ncf_20221201T1153148447_d_img_d32.zip,2022-12-01T11:53:14.844Z,2022-12-01T12:01:02.521Z,1156184000,113.71,View,43.208658,105.428348,43.196035,106.48295,66.794928,105.449148,66.774488,107.520955,Selenographic,Equatorial
1793,ch2_tmc_nca_20210528T0113235934_d_img_hw1.zip,2021-05-28T01:13:23.593Z,2021-05-28T01:20:45.838Z,1091448000,108.09,View,-75.226229,55.890652,-75.225635,-42.383399,-73.483311,144.00563,-73.421148,-130.408793,Selenographic,Equatorial
1794,ch2_tmc_ncn_20200725T0921189310_d_img_d18.zip,2020-07-25T09:21:18.931Z,2020-07-25T09:25:10.218Z,571792000,117.07,View,-28.834189,90.370516,-28.852468,89.483564,-40.39474,90.737013,-40.415521,89.722783,Selenographic,Equatorial
1795,ch2_tmc_ncf_20210601T2102004070_d_img_d32.zip,2021-06-01T21:02:00.407Z,2021-06-01T21:17:25.122Z,2286064000,105.16,View,-38.496932,-57.294268,-38.464403,-56.285845,-84.805047,-74.92071,-85.022503,-66.314545,Polar stereographic,South
1796,ch2_tmc_ncf_20220117T1643206933_d_img_d32.zip,2022-01-17T16:43:20.693Z,2022-01-17T16:58:32.170Z,2253304000,105.76,View,-75.945727,151.311222,-75.95373,154.698289,-58.189941,-25.574692,-58.194365,-27.044791,Selenographic,Equatorial
1797,ch2_tmc_ncf_20211115T0955366538_d_img_d18.zip,2021-11-15T09:55:36.653Z,2021-11-15T10:06:27.675Z,1609448000,90.79,View,-86.271197,-71.775616,-86.453605,-82.309796,-60.006734,85.390281,-60.028267,86.718449,Polar stereographic,South
1798,ch2_tmc_nca_20221202T1728135184_d_img_n18.zip,2022-12-02T17:28:13.518Z,2022-12-02T17:36:05.851Z,1167696000,116.41,View,46.324503,89.286034,46.315406,90.392417,70.42354,89.442013,70.402562,91.910922,Selenographic,Equatorial
1799,ch2_tmc_nca_20220625T0405179516_d_img_d32.zip,2022-06-25T04:05:17.951Z,2022-06-25T04:15:16.949Z,1478720000,112.61,View,-0.59359,-134.694508,-0.578636,-135.54341,-30.236991,-134.803493,-30.234011,-135.724047,Selenographic,Equatorial
1800,ch2_tmc_ncf_20211225T1926394345_d_img_d18.zip,2021-12-25T19:26:39.434Z,2021-12-25T19:35:26.854Z,1303880000,89.01,,-60.000609,-85.944028,-59.974865,-87.373803,-33.08793,-85.363649,-33.073503,-86.131732,Selenographic,Equatorial
1801,ch2_tmc_ncf_20220403T1007075726_d_img_d18.zip,2022-04-03T10:07:07.572Z,2022-04-03T10:09:46.671Z,393328000,98.13,View,7.378907,-125.71441,7.457283,-124.958683,-0.705116,-125.659292,-0.628237,-124.912309,Selenographic,Equatorial
1802,ch2_tmc_ncf_20221122T0700519657_d_img_d32.zip,2022-11-22T07:00:51.965Z,2022-11-22T07:08:33.371Z,1142832000,104.67,View,43.327133,-133.527989,43.326509,-132.614892,66.942519,-133.796144,66.939218,-131.994231,Selenographic,Equatorial
1803,ch2_tmc_nca_20220620T1929524660_d_img_d32.zip,2022-06-20T19:29:52.466Z,2022-06-20T19:43:06.611Z,1961872000,110.67,View,63.515736,-79.659891,63.537011,-77.799856,23.567711,-78.325363,23.578479,-77.423233,Selenographic,Equatorial
1804,ch2_tmc_nca_20200722T1033282277_d_img_d32.zip,2020-07-22T10:33:28.227Z,2020-07-22T10:44:04.257Z,1572384000,110.87,View,-30.887873,129.189015,-30.898699,128.224281,-62.834695,130.243971,-62.853303,128.462802,Selenographic,Equatorial
1805,ch2_tmc_ncn_20220107T1325487399_d_img_d32.zip,2022-01-07T13:25:48.739Z,2022-01-07T13:55:16.288Z,4369656000,100.56,View,-61.227292,106.456745,-61.20744,105.081961,28.794271,107.770058,28.804323,107.010734,Selenographic,Equatorial
1806,ch2_tmc_ncn_20220718T1957202102_d_img_d18.zip,2022-07-18T19:57:20.210Z,2022-07-18T20:07:00.697Z,1435072000,128.13,View,61.453201,-87.038154,61.434677,-88.771645,32.67881,-86.726864,32.666164,-87.737698,Selenographic,Equatorial
1807,ch2_tmc_ncf_20200726T1253267430_d_img_d18.zip,2020-07-26T12:53:26.743Z,2020-07-26T13:04:06.863Z,1582496000,113.94,View,-27.1498,75.247359,-27.127565,74.25083,-59.234216,76.68671,-59.225137,75.027341,Selenographic,Equatorial
1808,ch2_tmc_nca_20220117T1445323967_d_img_d32.zip,2022-01-17T14:45:32.396Z,2022-01-17T15:00:43.747Z,2253000000,105.51,View,-72.511919,152.814673,-72.518028,155.55199,-61.419364,-24.369988,-61.424972,-25.988372,Selenographic,Equatorial
1809,ch2_tmc_nca_20191129T0957596527_d_img_d18.zip,2019-11-29T09:57:59.652Z,2019-11-29T10:07:25.917Z,1399912000,88.66,View,0.902584,-179.096994,0.897117,-178.514793,30.390918,-179.556939,30.361399,-178.830961,Selenographic,Equatorial
1810,ch2_tmc_ncf_20191128T0431218361_d_img_d18.zip,2019-11-28T04:31:21.836Z,2019-11-28T04:40:50.279Z,1405296000,86.86,View,-1.620838,-163.326879,-1.635213,-162.777796,27.778692,-163.389024,27.760545,-162.728829,Selenographic,Equatorial
1811,ch2_tmc_nca_20220528T0126039546_d_img_d18.zip,2022-05-28T01:26:03.954Z,2022-05-28T01:39:27.951Z,1989752000,124.24,View,22.610485,-125.351125,22.626769,-124.351341,-17.455682,-125.146746,-17.44087,-124.21606,Selenographic,Equatorial
1812,ch2_tmc_ncf_20221202T1728135217_d_img_d32.zip,2022-12-02T17:28:13.521Z,2022-12-02T17:36:05.822Z,1167616000,116.41,View,43.099374,89.269456,43.090792,90.314028,66.928536,89.409973,66.910465,91.517721,Selenographic,Equatorial
1813,ch2_tmc_nca_20221117T0442592594_d_img_n18.zip,2022-11-17T04:42:59.259Z,2022-11-17T04:50:54.122Z,1173952000,107.89,View,46.225986,-66.520427,46.218537,-65.415662,70.423558,-66.487918,70.406185,-64.140678,Selenographic,Equatorial
1814,ch2_tmc_nca_20221123T0839171083_d_img_d32.zip,2022-11-23T08:39:17.108Z,2022-11-23T08:47:07.885Z,1161880000,103.54,View,46.117867,-147.878819,46.131717,-146.944886,70.542302,-149.030656,70.563384,-146.968718,Selenographic,Equatorial
1815,ch2_tmc_ncn_20220518T1834222416_d_img_d18.zip,2022-05-18T18:34:22.241Z,2022-05-18T18:44:19.153Z,1475680000,113.54,View,61.172135,-2.549892,61.166102,-1.020188,31.16956,-2.572683,31.165109,-1.678529,Selenographic,Equatorial
1816,ch2_tmc_ncf_20220607T1055045725_d_img_d32.zip,2022-06-07T10:55:04.572Z,2022-06-07T11:24:35.154Z,4376840000,105.36,View,59.833947,96.127711,59.853208,97.604554,-30.173286,97.798821,-30.161697,98.699999,Selenographic,Equatorial
1817,ch2_tmc_ncn_20221127T1115191763_d_img_d32.zip,2022-11-27T11:15:19.176Z,2022-11-27T11:23:15.787Z,1178272000,118.27,View,44.810326,157.277451,44.819917,158.253711,68.837585,155.882097,68.856499,157.920472,Selenographic,Equatorial
1818,ch2_tmc_ncn_20200710T2315124291_d_img_d18.zip,2020-07-10T23:15:12.429Z,2020-07-10T23:25:40.132Z,1551800000,101.56,View,-28.991239,-79.099538,-29.007063,-79.872787,-60.868822,-77.511032,-60.895961,-78.8703,Selenographic,Equatorial
1819,ch2_tmc_nca_20210513T0223433535_d_img_d18.zip,2021-05-13T02:23:43.353Z,2021-05-13T02:31:41.426Z,1181888000,99.93,View,-55.890476,-157.498694,-55.886483,-156.021738,-80.292342,-159.068759,-80.289912,-154.550008,Polar stereographic,South
1820,ch2_tmc_ncn_20211111T1521391765_d_img_d18.zip,2021-11-11T15:21:39.176Z,2021-11-11T15:32:38.964Z,1631120000,99.59,View,-87.689919,-30.708185,-87.730115,-48.086026,-58.64311,136.439374,-58.6451,137.702583,Polar stereographic,South
1821,ch2_tmc_ncn_20201121T0800465987_d_img_d18.zip,2020-11-21T08:00:46.598Z,2020-11-21T08:11:09.183Z,1539144000,98.95,View,-1.181757,141.08668,-1.187412,141.66128,30.768067,141.074055,30.761306,141.822455,Selenographic,Equatorial
1822,ch2_tmc_nca_20220725T0355416323_d_img_d32.zip,2022-07-25T03:55:41.632Z,2022-07-25T04:25:57.312Z,4488632000,123.44,View,59.383646,-169.452475,59.383635,-171.186483,-30.556215,-170.723127,-30.557279,-171.757318,Selenographic,Equatorial
1823,ch2_tmc_nca_20221203T1311391932_d_img_d32.zip,2022-12-03T13:11:39.193Z,2022-12-03T13:19:31.451Z,1167512000,115.5,View,46.399495,78.457023,46.391265,79.548238,70.553818,78.586165,70.534007,81.051357,Selenographic,Equatorial
1824,ch2_tmc_ncn_20220111T1128205233_d_img_d32.zip,2022-01-11T11:28:20.523Z,2022-01-11T11:43:14.600Z,2210304000,87.44,View,-74.663907,-123.779036,-74.639464,-121.353483,-59.393365,54.865769,-59.382962,53.732639,Selenographic,Equatorial
1825,ch2_tmc_ncf_20191201T0113193274_d_img_g26.zip,2019-12-01T01:13:19.327Z,2019-12-01T01:23:00.607Z,1435680000,93.72,View,-74.663907,158.425102,-1.887525,159.030709,27.910045,158.362366,27.896577,159.123561,Selenographic,Equatorial
1826,ch2_tmc_ncn_20220603T1155167897_d_img_d32.zip,2022-06-03T11:55:16.789Z,2022-06-03T12:25:07.884Z,4427896000,123.45,View,61.514396,150.300866,61.50947,151.754024,-28.463854,149.73397,-28.466307,150.645888,Selenographic,Equatorial
1827,ch2_tmc_ncf_20220627T0515152056_d_img_d32.zip,2022-06-27T05:15:15.205Z,2022-06-27T05:25:10.271Z,1471104000,112.27,View,3.079205,-161.781259,3.047948,-162.672246,-26.867129,-161.651096,-26.890255,-162.608421,Selenographic,Equatorial
1828,ch2_tmc_ncn_20221117T2029512224_d_img_d32.zip,2022-11-17T20:29:51.222Z,2022-11-17T20:37:46.658Z,1175368000,106.24,View,44.594828,-75.088699,44.587243,-74.139915,68.784584,-74.868376,68.768543,-72.947161,Selenographic,Equatorial
1829,ch2_tmc_ncn_20200615T1942454760_d_img_d18.zip,2020-06-15T19:42:45.476Z,2020-06-15T19:53:28.670Z,1590096000,119.35,View,61.55318,-111.303843,61.581781,-109.75121,29.349915,-109.703236,29.366184,-108.807563,Selenographic,Equatorial
1830,ch2_tmc_ncf_20220109T1615439830_d_img_d32.zip,2022-01-09T16:15:43.983Z,2022-01-09T16:30:41.131Z,2217880000,94.47,View,-76.702808,-98.50412,-76.652999,-95.322816,-57.541924,78.457446,-57.522624,77.169708,Polar stereographic,South
1831,ch2_tmc_ncn_20201119T1246555120_d_img_d18.zip,2020-11-19T12:46:55.512Z,2020-11-19T12:57:16.177Z,1534400000,95.55,View,-1.238728,164.766552,-1.239676,165.317106,30.711122,164.680335,30.709926,165.390282,Selenographic,Equatorial
1832,ch2_tmc_ncf_20220125T0333344846_d_img_d18.zip,2022-01-25T03:33:34.484Z,2022-01-25T03:43:39.863Z,1494496000,98.13,View,-88.648965,-131.253726,-88.352606,-160.279623,-58.183919,-125.125435,-58.171311,-126.488257,Polar stereographic,South
1833,ch2_tmc_nca_20200725T0723191727_d_img_d18.zip,2020-07-25T07:23:19.172Z,2020-07-25T07:33:57.248Z,1577440000,114.31,View,-30.715744,91.564437,-30.731842,90.54541,-62.586925,93.369685,-62.618281,91.519388,Selenographic,Equatorial
1834,ch2_tmc_nca_20220112T1300186399_d_img_d32.zip,2022-01-12T13:00:18.639Z,2022-01-12T13:15:15.785Z,2217872000,89.38,View,-73.014125,-139.113009,-72.999677,-136.636785,-60.831474,41.097847,-60.825441,39.754046,Selenographic,Equatorial
1835,ch2_tmc_ncf_20220730T1023575105_d_img_d32.zip,2022-07-30T10:23:57.510Z,2022-07-30T10:44:07.533Z,2992496000,123.68,View,32.348241,120.376625,32.350801,119.267683,-27.654739,120.550615,-27.653192,119.52769,Selenographic,Equatorial
1836,ch2_tmc_nca_20220620T2325574559_d_img_d32.zip,2022-06-20T23:25:57.455Z,2022-06-20T23:55:40.364Z,4407664000,105.17,View,63.444319,-81.502161,63.410864,-79.644511,-26.5354,-80.94976,-26.587,-80.077476,Selenographic,Equatorial
1837,ch2_tmc_nca_20200606T1904309386_d_img_d18.zip,2020-06-06T19:04:30.938Z,2020-06-06T19:15:05.942Z,1569848000,106.62,View,65.043435,9.469398,65.049291,11.308486,32.912209,9.939183,32.916663,10.893672,Selenographic,Equatorial
1838,ch2_tmc_ncn_20221130T1213112313_d_img_n18.zip,2022-11-30T12:13:11.231Z,2022-11-30T12:21:02.509Z,1165088000,113.43,View,44.907029,118.252195,44.903925,119.21474,68.807273,118.045214,68.799932,120.039846,Selenographic,Equatorial
1839,ch2_tmc_ncn_20200102T1212541093_d_img_d18.zip,2020-01-02T12:12:54.109Z,2020-01-02T12:22:47.130Z,1466056000,104.83,View,-30.769426,90.735682,-30.749804,89.929281,-0.618017,91.307155,-0.600678,90.61118,Selenographic,Equatorial
1840,ch2_tmc_nca_20220629T0432155033_d_img_d32.zip,2022-06-29T04:32:15.503Z,2022-06-29T04:42:12.617Z,1476160000,115.36,View,-0.899637,168.999486,-1.120882,168.149837,-30.244274,169.682953,-30.143776,168.688038,Selenographic,Equatorial
1841,ch2_tmc_ncf_20220725T0355416355_d_img_d32.zip,2022-07-25T03:55:41.635Z,2022-07-25T04:25:57.312Z,4488624000,123.44,View,63.046288,-168.933436,63.064227,-170.878373,-26.818527,-170.741528,-26.809758,-171.737373,Selenographic,Equatorial
1842,ch2_tmc_ncn_20221122T0304081779_d_img_n18.zip,2022-11-22T03:04:08.177Z,2022-11-22T03:11:58.697Z,1163608000,102.63,View,44.682144,-131.309927,44.679975,-130.474172,68.834441,-131.488192,68.828683,-129.738687,Selenographic,Equatorial
1843,ch2_tmc_ncf_20191126T0920267219_d_img_d18.zip,2019-11-26T09:20:26.721Z,2019-11-26T09:29:52.939Z,1397704000,82.11,View,-1.450073,-139.715534,-1.460624,-139.170279,27.922149,-139.526273,27.910994,-138.887559,Selenographic,Equatorial
1844,ch2_tmc_ncf_20211230T0550281888_d_img_d18.zip,2021-12-30T05:50:28.188Z,2021-12-30T06:09:43.339Z,2855736000,76.17,View,-59.994506,-142.733428,-60.006951,-144.118253,-0.343203,-142.983564,-0.356316,-143.533993,Selenographic,Equatorial
1845,ch2_tmc_nca_20220619T1953327619_d_img_d32.zip,2022-06-19T19:53:32.761Z,2022-06-19T20:23:12.472Z,4399760000,103.86,View,63.43783,-66.425991,63.451867,-64.630805,-26.58404,-65.050338,-26.578174,-64.191177,Selenographic,Equatorial
1846,ch2_tmc_ncf_20200607T1842575252_d_img_d18.zip,2020-06-07T18:42:57.525Z,2020-06-07T18:53:33.425Z,1572064000,108.03,View,59.879811,-3.720176,59.886898,-2.14759,27.64818,-3.219533,27.653011,-2.303565,Selenographic,Equatorial
1847,ch2_tmc_nca_20210515T0350274763_d_img_d18.zip,2021-05-15T03:50:27.476Z,2021-05-15T03:57:07.608Z,989208000,106.71,View,-57.887833,175.653108,-57.880824,177.271625,-78.156752,174.807168,-78.145284,178.771167,Polar stereographic,South
1848,ch2_tmc_nca_20221130T1609523729_d_img_n18.zip,2022-11-30T16:09:52.372Z,2022-11-30T16:17:41.977Z,1160952000,113.28,View,46.517375,116.086028,46.51157,117.185961,70.432482,115.868769,70.420274,118.259951,Selenographic,Equatorial
1849,ch2_tmc_ncf_20200607T1446398956_d_img_d18.zip,2020-06-07T14:46:39.895Z,2020-06-07T14:57:15.747Z,1571944000,107.85,View,59.836781,-1.495605,59.844709,0.068015,27.602076,-1.007334,27.607296,-0.095297,Selenographic,Equatorial
1850,ch2_tmc_ncf_20220719T2136595550_d_img_d18.zip,2022-07-19T21:36:59.555Z,2022-07-19T21:57:11.887Z,2997104000,128.85,View,63.288783,-101.159815,63.256769,-103.200514,3.429038,-100.567523,3.408879,-101.511885,Selenographic,Equatorial
1851,ch2_tmc_nca_20191129T0206488221_d_img_cnb.zip,2019-11-29T02:06:48.822Z,2019-11-29T02:16:18.161Z,1407512000,88.48,View,0.76867,-175.25214,0.768503,-174.677636,30.374695,-175.339481,30.376204,-174.624769,Selenographic,Equatorial
1852,ch2_tmc_ncf_20220718T0013016399_d_img_d18.zip,2022-07-18T00:13:01.639Z,2022-07-18T00:33:07.545Z,2979880000,122.12,View,63.291244,-76.130625,63.267517,-78.128514,3.340458,-75.678835,3.329162,-76.587256,Selenographic,Equatorial
1853,ch2_tmc_nca_20210530T0526425338_d_img_hw1.zip,2021-05-30T05:26:42.533Z,2021-05-30T05:33:30.366Z,1008240000,101.08,View,-57.485484,-22.913678,-57.485839,-21.469943,-78.36798,-24.015016,-78.367042,-20.322704,Polar stereographic,South
1854,ch2_tmc_ncn_20210530T0518594829_d_img_hw1.zip,2021-05-30T05:18:59.482Z,2021-05-30T05:26:25.515Z,1103752000,105.58,View,-35.539995,-22.607938,-35.539765,-21.675738,-58.204573,-22.855597,-58.204014,-21.511446,Selenographic,Equatorial
1855,ch2_tmc_ncf_20201122T0735452124_d_img_d18.zip,2020-11-22T07:35:45.212Z,2020-11-22T07:46:06.777Z,1536624000,95.94,View,-2.577155,128.1926,-2.585037,128.823058,29.258996,128.38858,29.249317,129.1783,Selenographic,Equatorial
1856,ch2_tmc_nca_20220121T2053452871_d_img_d18.zip,2022-01-21T20:53:45.287Z,2022-01-21T21:08:51.521Z,2240376000,100.31,View,-72.765676,99.521024,-72.724899,102.240828,-61.187596,-82.680351,-61.166301,-84.206574,Selenographic,Equatorial
1857,ch2_tmc_ncf_20220712T1417205778_d_img_d32.zip,2022-07-12T14:17:20.577Z,2022-07-12T14:32:19.586Z,2222504000,112.77,View,3.140768,-4.188288,3.157282,-5.086695,-41.99124,-4.497803,-41.974365,-5.618621,Selenographic,Equatorial
1858,ch2_tmc_ncf_20220610T1003029246_d_img_d32.zip,2022-06-10T10:03:02.924Z,2022-06-10T10:17:59.946Z,2217600000,114.22,View,-0.134919,58.743961,-0.131635,59.579413,-45.19817,58.896684,-45.192494,60.10313,Selenographic,Equatorial
1859,ch2_tmc_nca_20200719T0948309761_d_img_d32.zip,2020-07-19T09:48:30.976Z,2020-07-19T09:59:06.873Z,1572056000,111.59,View,-31.039053,169.023324,-31.037801,168.005018,-62.909924,169.562858,-62.911472,167.696881,Selenographic,Equatorial
1860,ch2_tmc_ncf_20200725T0723191727_d_img_d18.zip,2020-07-25T07:23:19.172Z,2020-07-25T07:33:57.248Z,1577440000,114.31,View,-27.024317,91.436457,-27.040974,90.456667,-58.997595,92.972437,-59.026643,91.324692,Selenographic,Equatorial
1861,ch2_tmc_nca_20200703T1535027868_d_img_d18.zip,2020-07-03T15:35:02.786Z,2020-07-03T15:40:07.166Z,752488000,120.53,View,-26.727101,17.012191,-26.728958,16.000948,-41.827295,17.046941,-41.828778,15.863996,Selenographic,Equatorial
1862,ch2_tmc_nca_20220714T1527503129_d_img_d32.zip,2022-07-14T15:27:50.312Z,2022-07-14T15:37:50.497Z,1483760000,117.56,View,29.268567,-30.38384,29.35594,-31.457348,-0.590839,-30.866358,-0.51409,-31.763564,Selenographic,Equatorial
1863,ch2_tmc_ncn_20220123T0023596093_d_img_d18.zip,2022-01-23T00:23:59.609Z,2022-01-23T00:39:04.944Z,2238152000,98.2,View,-74.501386,84.844955,-74.45913,87.5616,-59.596562,-97.920752,-59.57764,-99.200604,Selenographic,Equatorial
1864,ch2_tmc_nca_20200630T1215224191_d_img_d18.zip,2020-06-30T12:15:22.419Z,2020-06-30T12:26:04.552Z,1587472000,122.22,View,60.047115,56.773696,60.014154,55.166872,27.625754,57.457117,27.600405,56.430507,Selenographic,Equatorial
1865,ch2_tmc_ncn_20200211T2052133793_d_img_d18.zip,2020-02-11T20:52:13.379Z,2020-02-11T21:02:04.222Z,1460672000,118.75,View,-55.719884,99.420827,-55.691418,100.841838,-85.23851,107.04996,-85.058178,116.079375,Polar stereographic,South
1866,ch2_tmc_ncn_20220801T0747415174_d_img_d18.zip,2022-08-01T07:47:41.517Z,2022-08-01T07:59:07.521Z,1695928000,131.88,View,30.26365,95.09903,30.248508,94.096731,-3.566856,95.393575,-3.580701,94.510028,Selenographic,Equatorial
1867,ch2_tmc_ncf_20220109T1219587048_d_img_d32.zip,2022-01-09T12:19:58.704Z,2022-01-09T12:34:58.798Z,2225184000,94.5,View,-76.589877,-96.320327,-76.540185,-93.175145,-57.490569,80.608926,-57.471077,79.322524,Polar stereographic,South
1868,ch2_tmc_nca_20220624T0408587903_d_img_d32.zip,2022-06-24T04:08:58.790Z,2022-06-24T04:39:03.205Z,4460808000,112.09,View,59.489904,-121.689115,59.476443,-123.410013,-30.303364,-121.546254,-30.311879,-122.476111,Selenographic,Equatorial
1869,ch2_tmc_nca_20220121T1658022079_d_img_d18.zip,2022-01-21T16:58:02.207Z,2022-01-21T17:13:03.504Z,2228168000,100.09,View,-72.813561,101.585861,-72.774663,104.295176,-61.372454,-80.470599,-61.351685,-82.002929,Selenographic,Equatorial
1870,ch2_tmc_ncf_20200629T0642409607_d_img_d18.zip,2020-06-29T06:42:40.960Z,2020-06-29T06:53:22.110Z,1585040000,121.65,View,63.615221,72.300377,63.582696,70.452913,31.699538,73.34354,31.681534,72.280613,Selenographic,Equatorial
1871,ch2_tmc_nca_20221125T0600289370_d_img_d32.zip,2022-11-25T06:00:28.937Z,2022-11-25T06:08:18.105Z,1159872000,109.91,View,46.158913,-173.096977,46.169255,-172.055346,70.095113,-174.632392,70.116294,-172.38912,Selenographic,Equatorial
1872,ch2_tmc_ncn_20220709T1255413663_d_img_d32.zip,2022-07-09T12:55:41.366Z,2022-07-09T13:10:39.129Z,2219408000,123.27,View,61.185679,36.616005,61.185757,35.047633,16.302501,36.055408,16.302619,35.194787,Selenographic,Equatorial
1873,ch2_tmc_ncn_20200609T1600218929_d_img_d18.zip,2020-06-09T16:00:21.892Z,2020-06-09T16:11:00.815Z,1579536000,108.52,View,61.879725,-28.83174,61.885489,-27.258962,29.639129,-28.341357,29.642846,-27.497981,Selenographic,Equatorial
1874,ch2_tmc_nca_20191219T1053106529_d_img_gds.zip,2019-12-19T10:53:10.652Z,2019-12-19T11:02:44.650Z,1420480000,82.94,View,2.566686,-84.199373,2.57779,-83.566243,32.323706,-83.683162,32.329947,-82.951058,Selenographic,Equatorial
1875,ch2_tmc_ncf_20211116T1726139902_d_img_d18.zip,2021-11-16T17:26:13.990Z,2021-11-16T17:36:43.586Z,1556480000,101.61,View,-85.897886,-92.499495,-86.054269,-103.176971,-61.853118,68.060792,-61.875052,69.638357,Polar stereographic,South
1876,ch2_tmc_ncf_20220630T0611492792_d_img_d32.zip,2022-06-30T06:11:49.279Z,2022-06-30T06:21:45.244Z,1473336000,115.53,View,3.106348,157.050988,3.421039,156.230952,-26.875975,157.404402,-26.534581,156.485484,Selenographic,Equatorial
1877,ch2_tmc_ncf_20200118T1731219963_d_img_d18.zip,2020-01-18T17:31:21.996Z,2020-01-18T17:41:08.871Z,1450864000,90.2,View,-30.918765,-123.149319,-30.906712,-123.987811,-0.950788,-122.824892,-0.941351,-123.484736,Selenographic,Equatorial
1878,ch2_tmc_ncf_20220726T0336355477_d_img_d32.zip,2022-07-26T03:36:35.547Z,2022-07-26T03:46:38.793Z,1491304000,129.58,View,63.141383,176.425744,63.199722,174.405607,33.350274,176.195062,33.424377,175.037567,Selenographic,Equatorial
1879,ch2_tmc_ncn_20200720T0923576897_d_img_d18.zip,2020-07-20T09:23:57.689Z,2020-07-20T09:34:35.140Z,1577432000,114.45,View,-28.780439,156.06777,-28.782674,155.195755,-60.754308,156.304538,-60.756286,154.736113,Selenographic,Equatorial
1880,ch2_tmc_ncn_20220725T0012206778_d_img_d32.zip,2022-07-25T00:12:20.677Z,2022-07-25T00:22:26.881Z,1498632000,128.17,View,21.233304,-168.835232,21.233952,-169.751256,-8.724365,-169.129352,-8.71901,-169.979942,Selenographic,Equatorial
1881,ch2_tmc_nca_20220703T1050538265_d_img_d32.zip,2022-07-03T10:50:53.826Z,2022-07-03T11:00:49.475Z,1473336000,115.21,View,59.320989,114.333419,59.218929,112.665746,29.313977,114.964345,29.22689,113.956265,Selenographic,Equatorial
1882,ch2_tmc_ncn_20221204T1449565611_d_img_d32.zip,2022-12-04T14:49:56.561Z,2022-12-04T14:57:44.273Z,1156272000,118.96,View,44.886046,64.144128,44.882538,65.076339,68.646821,63.971016,68.638367,65.993555,Selenographic,Equatorial
1883,ch2_tmc_nca_20220727T0129279054_d_img_d32.zip,2022-07-27T01:29:27.905Z,2022-07-27T01:49:38.270Z,2992208000,125.2,View,28.328303,165.354347,28.332697,164.313671,-31.555817,164.849652,-31.55176,163.789272,Selenographic,Equatorial
1884,ch2_tmc_nca_20200619T0625382796_d_img_d18.zip,2020-06-19T06:25:38.279Z,2020-06-19T06:36:24.548Z,1597696000,123.38,View,64.020067,-155.900363,64.031488,-153.984021,31.899824,-155.301049,31.908742,-154.253797,Selenographic,Equatorial
1885,ch2_tmc_ncf_20220717T2214346206_d_img_d18.zip,2022-07-17T22:14:34.620Z,2022-07-17T22:34:39.801Z,2979424000,121.91,View,63.336085,-74.997545,63.313765,-76.992084,3.372078,-74.592487,3.360825,-75.498916,Selenographic,Equatorial
1886,ch2_tmc_ncn_20200725T1119206674_d_img_d18.zip,2020-07-25T11:19:20.667Z,2020-07-25T11:29:59.765Z,1579968000,114.34,View,-28.93398,89.28912,-28.950376,88.388865,-60.900497,90.938981,-60.930093,89.367301,Selenographic,Equatorial
1887,ch2_tmc_ncf_20211231T0330352183_d_img_d18.zip,2021-12-31T03:30:35.218Z,2021-12-31T03:49:50.280Z,2855520000,76.96,View,-59.944216,-154.032912,-59.947209,-155.414131,-0.276889,-154.790827,-0.278682,-155.353411,Selenographic,Equatorial
1888,ch2_tmc_ncf_20200112T0024407810_d_img_m65.zip,2020-01-12T00:24:40.781Z,2020-01-12T00:34:37.212Z,1473968000,100.33,View,-20.983947,-34.017265,-20.981591,-34.873628,9.147333,-34.055054,9.149397,-34.814039,Selenographic,Equatorial
1889,ch2_tmc_ncn_20221122T0700519332_d_img_n18.zip,2022-11-22T07:00:51.933Z,2022-11-22T07:08:33.695Z,1143640000,104.67,View,44.733545,-133.489933,44.731867,-132.649799,68.453843,-133.736209,68.449435,-132.009902,Selenographic,Equatorial
1890,ch2_tmc_ncn_20210528T0107502543_d_img_hw1.zip,2021-05-28T01:07:50.254Z,2021-05-28T01:13:32.800Z,846840000,119.97,View,-18.599334,6.47605,-18.598598,7.352297,-35.738044,6.362046,-35.738203,7.339688,Selenographic,Equatorial
1891,ch2_tmc_nca_20191128T1024372470_d_img_d18.zip,2019-11-28T10:24:37.247Z,2019-11-28T10:34:05.686Z,1405288000,87.6,View,0.696818,-166.579494,0.694376,-166.009574,30.232728,-166.694422,30.230397,-165.990518,Selenographic,Equatorial
1892,ch2_tmc_nca_20220201T0225455692_d_img_d18.zip,2022-02-01T02:25:45.569Z,2022-02-01T02:39:47.756Z,2082040000,87.3,View,-73.17713,-37.925086,-73.18085,-35.518065,-63.368666,144.244384,-63.368713,142.819,Selenographic,Equatorial
1893,ch2_tmc_ncn_20210513T0223433503_d_img_d18.zip,2021-05-13T02:23:43.350Z,2021-05-13T02:31:41.426Z,1181896000,99.93,View,-57.649629,-157.449376,-57.645295,-156.051898,-81.909774,-159.235439,-81.90678,-154.343947,Polar stereographic,South
1894,ch2_tmc_ncn_20220403T1007075726_d_img_d18.zip,2022-04-03T10:07:07.572Z,2022-04-03T10:09:46.671Z,393328000,98.13,View,8.968291,-125.690607,8.975915,-125.00662,0.878698,-125.631814,0.885172,-124.958429,Selenographic,Equatorial
1895,ch2_tmc_ncf_20220518T1459006607_d_img_d18.zip,2022-05-18T14:59:00.660Z,2022-05-18T15:07:42.577Z,1290280000,110.13,View,-0.608621,-0.559067,-0.611483,0.271098,-26.782604,-0.795285,-26.785687,0.107449,Selenographic,Equatorial
1896,ch2_tmc_nca_20220511T1402285597_d_img_d18.zip,2022-05-11T14:02:28.559Z,2022-05-11T14:22:05.372Z,2909296000,110.89,View,61.973518,89.89061,61.996726,91.478928,2.655941,91.562319,2.66912,92.380535,Selenographic,Equatorial
1897,ch2_tmc_nca_20220518T2239379155_d_img_d18.zip,2022-05-18T22:39:37.915Z,2022-05-18T22:45:52.315Z,925592000,114.07,View,32.882393,-4.81282,32.873264,-3.80933,14.058808,-4.887674,14.051157,-4.015313,Selenographic,Equatorial
1898,ch2_tmc_nca_20210521T1103414631_d_img_d18.zip,2021-05-21T11:03:41.463Z,2021-05-21T11:13:28.425Z,1451080000,113.78,View,-55.705839,93.957947,-55.674966,95.517074,-85.25737,100.504156,-85.074184,110.26975,Polar stereographic,South
1899,ch2_tmc_nca_20220603T1019273010_d_img_d32.zip,2022-06-03T10:19:27.301Z,2022-06-03T10:36:10.817Z,2480848000,124.61,View,-6.604203,150.972648,-6.594145,151.871811,-56.544808,150.13664,-56.538993,151.80628,Selenographic,Equatorial
1900,ch2_tmc_ncf_20220128T0409055907_d_img_d18.zip,2022-01-28T04:09:05.590Z,2022-01-28T04:24:07.727Z,2230248000,93.07,,-76.282663,13.04826,-76.295907,16.30459,-57.898293,-163.469108,-57.904222,-164.75117,Selenographic,Equatorial
1901,ch2_tmc_ncf_20210514T1001493870_d_img_d18.zip,2021-05-14T10:01:49.387Z,2021-05-14T10:11:40.228Z,1460672000,104.02,View,-59.397385,-174.753809,-59.394243,-173.124948,-89.093895,168.180005,-89.0079,-144.766692,Polar stereographic,South
1902,ch2_tmc_ncn_20220704T0446528467_d_img_d32.zip,2022-07-04T04:46:52.846Z,2022-07-04T04:56:48.795Z,1473280000,116.73,View,31.145715,106.24286,31.126216,105.321429,1.2597,106.116153,1.271109,105.317853,Selenographic,Equatorial
1903,ch2_tmc_nca_20200721T1057382241_d_img_d32.zip,2020-07-21T10:57:38.224Z,2020-07-21T11:08:14.121Z,1572056000,114.38,View,-30.836324,142.038888,-30.844092,141.052246,-62.733939,142.652628,-62.743158,140.799783,Selenographic,Equatorial
1904,ch2_tmc_ncf_20211209T1133073381_d_img_d32.zip,2021-12-09T11:33:07.338Z,2021-12-09T11:57:32.677Z,3622576000,99.4,View,-32.652437,129.824507,-32.676584,130.659746,42.264701,130.026028,42.242794,130.999198,Selenographic,Equatorial
1905,ch2_tmc_nca_20200629T0642409607_d_img_d18.zip,2020-06-29T06:42:40.960Z,2020-06-29T06:53:22.106Z,1585032000,121.65,View,60.138584,72.514423,60.110532,70.859463,27.874918,73.437489,27.8584,72.410982,Selenographic,Equatorial
1906,ch2_tmc_nca_20200607T1446398956_d_img_d18.zip,2020-06-07T14:46:39.895Z,2020-06-07T14:57:15.747Z,1571944000,107.85,View,63.158349,-1.661329,63.167178,0.083417,31.019302,-1.058215,31.024893,-0.112631,Selenographic,Equatorial
1907,ch2_tmc_ncn_20220607T0906549871_d_img_d32.zip,2022-06-07T09:06:54.987Z,2022-06-07T09:36:27.265Z,4381384000,105.46,View,31.334296,98.221087,31.343991,99.021958,-58.489266,94.368022,-58.532712,95.718037,Selenographic,Equatorial
1908,ch2_tmc_ncf_20221123T0442392585_d_img_n18.zip,2022-11-23T04:42:39.258Z,2022-11-23T04:44:09.689Z,223568000,93.04,View,43.461693,-145.623648,43.465301,-144.721487,48.09879,-145.7128,48.102754,-144.722923,Selenographic,Equatorial
1909,ch2_tmc_ncf_20200713T0420029521_d_img_d18.zip,2020-07-13T04:20:02.952Z,2020-07-13T04:30:34.755Z,1561936000,106.01,View,-23.083355,-108.418238,-23.081337,-109.282278,-55.022273,-107.247161,-55.029889,-108.56604,Selenographic,Equatorial
1910,ch2_tmc_ncf_20200719T0354357006_d_img_d32.zip,2020-07-19T03:54:35.700Z,2020-07-19T04:05:11.727Z,1572376000,110.66,View,-27.401181,172.16879,-27.404398,171.195589,-59.396027,172.595007,-59.402914,170.950574,Selenographic,Equatorial
1911,ch2_tmc_ncn_20191129T0800374115_d_img_d18.zip,2019-11-29T08:00:37.411Z,2019-11-29T08:09:39.542Z,1340248000,88.61,View,1.009931,-178.577623,1.011812,-178.044124,29.141392,-178.567529,29.146584,-177.912645,Selenographic,Equatorial
1912,ch2_tmc_ncn_20200713T0420029521_d_img_d18.zip,2020-07-13T04:20:02.952Z,2020-07-13T04:30:34.752Z,1561928000,106.01,View,-24.743798,-108.422237,-24.753402,-109.210943,-56.629204,-107.202007,-56.646729,-108.440945,Selenographic,Equatorial
1913,ch2_tmc_ncn_20220722T0106188066_d_img_d32.zip,2022-07-22T01:06:18.806Z,2022-07-22T01:16:28.207Z,1506544000,133.89,View,31.278721,-128.245953,31.282044,-129.30397,1.39201,-128.388967,1.389625,-129.274846,Selenographic,Equatorial
1914,ch2_tmc_nca_20200714T1941272288_d_img_d18.zip,2020-07-14T19:41:27.228Z,2020-07-14T19:52:02.103Z,1569528000,104.71,View,-30.355053,-130.276437,-30.364527,-131.251975,-62.315912,-128.991136,-62.336167,-130.671588,Selenographic,Equatorial
1915,ch2_tmc_ncn_20220727T0526148858_d_img_d32.zip,2022-07-27T05:26:14.885Z,2022-07-27T05:46:26.274Z,2994728000,125.1,View,30.138901,163.134689,30.142895,162.185137,-29.855925,162.652604,-29.851996,161.711946,Selenographic,Equatorial
1916,ch2_tmc_ncf_20210517T1111358595_d_img_d18.zip,2021-05-17T11:11:35.859Z,2021-05-17T11:21:31.946Z,1473640000,112.11,View,-59.010563,145.133601,-59.011431,146.857424,-88.726186,128.29279,-88.713922,166.701389,Polar stereographic,South
1917,ch2_tmc_ncf_20200620T0801247846_d_img_d18.zip,2020-06-20T08:01:24.784Z,2020-06-20T08:12:07.742Z,1589512000,117.86,View,60.954388,-169.570927,60.956655,-167.951222,28.544514,-169.231876,28.54588,-168.268429,Selenographic,Equatorial
1918,ch2_tmc_ncf_20220618T2040278173_d_img_d32.zip,2022-06-18T20:40:27.817Z,2022-06-18T20:55:12.678Z,2187536000,98.78,View,-10.066517,-52.247699,-10.068762,-51.454127,-54.993145,-52.420223,-54.99311,-51.127955,Selenographic,Equatorial
1919,ch2_tmc_nca_20191128T1222225951_d_img_cnb.zip,2019-11-28T12:22:22.595Z,2019-11-28T12:31:51.170Z,1405624000,87.8,View,0.693098,-167.667079,0.695589,-167.08634,30.230687,-167.771829,30.23335,-167.054767,Selenographic,Equatorial
1920,ch2_tmc_ncn_20200622T0123141151_d_img_d18.zip,2020-06-22T01:23:14.115Z,2020-06-22T01:33:56.283Z,1587560000,117.01,View,61.67587,167.948177,61.681112,169.422881,29.38387,168.389411,29.387197,169.261278,Selenographic,Equatorial
1921,ch2_tmc_ncn_20191215T0851578290_d_img_gds.zip,2019-12-15T08:51:57.829Z,2019-12-15T09:00:55.229Z,1328552000,85.22,View,2.754558,-30.060743,2.756678,-29.462704,30.494556,-30.110555,30.49615,-29.449047,Selenographic,Equatorial
1922,ch2_tmc_nca_20221201T1351354757_d_img_d32.zip,2022-12-01T13:51:35.475Z,2022-12-01T13:59:25.406Z,1162816000,114.35,View,46.449285,104.357061,46.442522,105.479019,70.402003,104.368677,70.385299,106.818383,Selenographic,Equatorial
1923,ch2_tmc_ncf_20200608T2023424886_d_img_d18.zip,2020-06-08T20:23:42.488Z,2020-06-08T20:29:34.787Z,870952000,109.07,View,45.547617,-17.690859,45.552028,-16.525113,27.755617,-17.535676,27.759211,-16.610501,Selenographic,Equatorial
1924,ch2_tmc_ncn_20210518T1656115474_d_img_d18.zip,2021-05-18T16:56:11.547Z,2021-05-18T17:05:41.273Z,1409808000,103.45,View,-74.03702,129.756292,-74.015282,132.516074,-77.137006,-50.734752,-77.113993,-53.916874,Polar stereographic,South
1925,ch2_tmc_ncf_20210513T1401073904_d_img_hw1.zip,2021-05-13T14:01:07.390Z,2021-05-13T14:04:21.130Z,478968000,121.81,View,-16.530288,-163.608657,-16.532521,-162.666169,-26.132283,-163.599213,-26.117663,-162.611459,Selenographic,Equatorial
1926,ch2_tmc_nca_20220725T0812418788_d_img_d32.zip,2022-07-25T08:12:41.878Z,2022-07-25T08:22:47.600Z,1496112000,123.57,View,-0.715901,-172.640344,-0.701927,-173.575318,-30.608121,-172.877657,-30.593972,-173.911679,Selenographic,Equatorial
1927,ch2_tmc_nca_20220625T0009146797_d_img_d32.zip,2022-06-25T00:09:14.679Z,2022-06-25T00:19:13.712Z,1480912000,112.82,View,-0.548792,-133.048694,-0.53226,-133.90113,-30.19117,-132.684496,-30.157061,-133.607234,Selenographic,Equatorial
1928,ch2_tmc_ncn_20220625T2345282084_d_img_d32.zip,2022-06-25T23:45:28.208Z,2022-06-25T23:55:26.991Z,1480264000,111.45,View,1.273253,-145.903945,1.275141,-146.665085,-28.748952,-146.050385,-28.746391,-146.857012,Selenographic,Equatorial
1929,ch2_tmc_nca_20211231T0132252916_d_img_d18.zip,2021-12-31T01:32:25.291Z,2021-12-31T01:51:40.357Z,2855528000,76.69,View,-62.970834,-152.84222,-62.955686,-154.402335,-2.757802,-153.624801,-2.743654,-154.201099,Selenographic,Equatorial
1930,ch2_tmc_nca_20221123T0045573943_d_img_d32.zip,2022-11-23T00:45:57.394Z,2022-11-23T00:53:45.122Z,1156312000,102.18,View,46.16848,-143.481597,46.173029,-142.503699,70.230415,-144.339907,70.237327,-142.225649,Selenographic,Equatorial
1931,ch2_tmc_nca_20220126T2049204293_d_img_d18.zip,2022-01-26T20:49:20.429Z,2022-01-26T20:58:38.825Z,1378624000,97.29,View,-89.609705,-67.231636,-89.593601,132.347364,-61.45051,-146.513602,-61.451221,-148.006192,Selenographic,Equatorial
1932,ch2_tmc_nca_20211208T0946376123_d_img_d32.zip,2021-12-08T09:46:37.612Z,2021-12-08T10:11:02.951Z,3622568000,99.18,View,-59.948169,143.786193,-59.949338,145.183831,15.10897,143.882962,15.106738,144.632443,Selenographic,Equatorial
1933,ch2_tmc_ncf_20220627T0653129684_d_img_d32.zip,2022-06-27T06:53:12.968Z,2022-06-27T07:06:30.786Z,1972344000,117.55,View,63.000664,-161.679482,63.045391,-163.486248,23.109333,-162.934715,23.149767,-163.860481,Selenographic,Equatorial
1934,ch2_tmc_nca_20200718T0814401159_d_img_d18.zip,2020-07-18T08:14:40.115Z,2020-07-18T08:25:14.876Z,1567296000,109.54,View,-31.008372,-177.195564,-31.023455,-178.217628,-62.781912,-176.658252,-62.800387,-178.50868,Selenographic,Equatorial
1935,ch2_tmc_ncf_20220528T0126039546_d_img_d18.zip,2022-05-28T01:26:03.954Z,2022-05-28T01:39:27.955Z,1989760000,124.24,View,18.714251,-125.291759,18.729012,-124.319007,-21.211817,-125.118422,-21.197916,-124.167755,Selenographic,Equatorial
1936,ch2_tmc_nca_20220107T1325487399_d_img_d32.zip,2022-01-07T13:25:48.739Z,2022-01-07T13:55:16.288Z,4369680000,100.56,View,-62.775972,106.474991,-62.753486,104.870045,27.236002,107.78492,27.24714,106.954461,Selenographic,Equatorial
1937,ch2_tmc_ncn_20210516T0730466925_d_img_d18.zip,2021-05-16T07:30:46.692Z,2021-05-16T07:40:19.198Z,1415344000,109.78,View,-57.489325,160.692971,-57.490171,162.159733,-86.212012,156.117194,-86.207648,167.331464,Polar stereographic,South
1938,ch2_tmc_nca_20221128T1055037475_d_img_d32.zip,2022-11-28T10:55:03.747Z,2022-11-28T11:02:53.860Z,1162208000,119.42,View,46.613359,144.307907,46.624214,145.469461,70.309391,142.818707,70.329965,145.327805,Selenographic,Equatorial
1939,ch2_tmc_ncn_20210521T1103414600_d_img_d18.zip,2021-05-21T11:03:41.460Z,2021-05-21T11:13:28.435Z,1451112000,113.78,View,-57.55379,94.117603,-57.527562,95.58473,-86.996936,105.799206,-86.74645,118.881628,Polar stereographic,South
1940,ch2_tmc_ncn_20220716T2233222974_d_img_d18.zip,2022-07-16T22:33:22.297Z,2022-07-16T22:40:24.121Z,1042560000,121.81,View,61.274142,-61.767367,61.261074,-63.431642,40.235233,-61.765715,40.227119,-62.834451,Selenographic,Equatorial
1941,ch2_tmc_ncn_20220110T1154169263_d_img_d32.zip,2022-01-10T11:54:16.926Z,2022-01-10T12:09:14.717Z,2217896000,91.48,View,-75.073441,-110.04763,-75.040591,-107.50207,-58.985832,67.753531,-58.971784,66.582247,Polar stereographic,South
1942,ch2_tmc_nca_20220511T0809312048_d_img_d18.zip,2022-05-11T08:09:31.204Z,2022-05-11T08:27:24.706Z,2653896000,109.89,View,61.989669,93.211367,61.98168,94.794692,7.835697,94.630804,7.813716,95.448237,Selenographic,Equatorial
1943,ch2_tmc_ncf_20220605T0955507663_d_img_d32.zip,2022-06-05T09:55:50.766Z,2022-06-05T10:12:30.311Z,2471056000,120.82,View,-10.223882,124.75896,-10.219001,125.667931,-60.081694,124.672834,-60.071572,126.445528,Selenographic,Equatorial
1944,ch2_tmc_ncn_20191213T2133547852_d_img_d18.zip,2019-12-13T21:33:54.785Z,2019-12-13T21:43:26.169Z,1412568000,85.06,View,0.483756,-10.791881,0.483346,-10.213811,30.041321,-10.814142,30.040641,-10.152417,Selenographic,Equatorial
1945,ch2_tmc_ncn_20220725T0355416323_d_img_d32.zip,2022-07-25T03:55:41.632Z,2022-07-25T04:25:57.308Z,4488616000,123.44,View,61.2134,-169.273485,61.223043,-170.921423,-28.68325,-170.789108,-28.67841,-171.701089,Selenographic,Equatorial
1946,ch2_tmc_ncn_20191201T0113193307_d_img_g26.zip,2019-12-01T01:13:19.330Z,2019-12-01T01:23:00.576Z,1435664000,93.72,View,-0.597178,158.457194,-0.604274,159.003039,29.33463,158.394786,29.326277,159.090219,Selenographic,Equatorial
1947,ch2_tmc_ncf_20191129T0800374115_d_img_d18.zip,2019-11-29T08:00:37.411Z,2019-11-29T08:09:39.539Z,1340240000,88.61,View,-0.279927,-178.561976,-0.264363,-177.969779,27.789426,-178.583808,27.807249,-177.863856,Selenographic,Equatorial
1948,ch2_tmc_nca_20220630T0611492825_d_img_d32.zip,2022-06-30T06:11:49.282Z,2022-06-30T06:21:45.241Z,1473320000,115.53,View,-0.26586,156.687582,-0.601492,155.911363,-30.180835,157.404159,-30.473658,156.465387,Selenographic,Equatorial
1949,ch2_tmc_ncn_20220716T2040532747_d_img_d18.zip,2022-07-16T20:40:53.274Z,2022-07-16T20:42:00.660Z,167208000,121.75,View,43.321526,-60.701594,43.312501,-61.803619,39.950661,-60.694756,39.942005,-61.742673,Selenographic,Equatorial
1950,ch2_tmc_ncn_20221129T1034507570_d_img_d32.zip,2022-11-29T10:34:50.757Z,2022-11-29T10:42:39.860Z,1159712000,115.18,View,44.855868,131.835587,44.859971,132.810394,68.576968,130.998927,68.583979,132.99786,Selenographic,Equatorial
1951,ch2_tmc_nca_20200712T2028064170_d_img_d18.zip,2020-07-12T20:28:06.417Z,2020-07-12T20:38:38.868Z,1564464000,105.85,View,-26.750229,-103.945924,-26.742637,-104.834706,-58.640197,-102.546058,-58.642521,-104.007575,Selenographic,Equatorial
1952,ch2_tmc_nca_20200622T0123141151_d_img_d18.zip,2020-06-22T01:23:14.115Z,2020-06-22T01:33:56.287Z,1587568000,117.01,View,63.358467,167.808053,63.340703,169.540584,31.19254,168.314824,31.170866,169.301816,Selenographic,Equatorial
1953,ch2_tmc_ncn_20220603T0419084737_d_img_d32.zip,2022-06-03T04:19:08.473Z,2022-06-03T04:29:08.460Z,1483280000,123.57,View,1.357024,154.382753,1.354847,155.172512,-28.594748,154.054883,-28.59779,154.983577,Selenographic,Equatorial
1954,ch2_tmc_ncn_20220712T1417205778_d_img_d32.zip,2022-07-12T14:17:20.577Z,2022-07-12T14:32:19.589Z,2222512000,112.77,View,1.253697,-4.246282,1.256786,-5.053798,-43.74749,-4.528046,-43.7434,-5.566584,Selenographic,Equatorial
1955,ch2_tmc_ncn_20220123T2007488409_d_img_d18.zip,2022-01-23T20:07:48.840Z,2022-01-23T20:17:45.617Z,1475344000,96.47,View,-89.5612,143.920191,-88.877959,155.140207,-59.773163,-108.529231,-59.756829,-109.793492,Polar stereographic,South
1956,ch2_tmc_ncn_20220105T0947347427_d_img_d18.zip,2022-01-05T09:47:34.742Z,2022-01-05T10:07:12.460Z,2911528000,103.42,View,-61.428406,136.034395,-61.427949,134.561457,-1.464941,135.617492,-1.465686,134.938544,Selenographic,Equatorial
1957,ch2_tmc_nca_20220111T0930287772_d_img_d32.zip,2022-01-11T09:30:28.777Z,2022-01-11T09:45:22.851Z,2210296000,87.26,View,-73.103397,-122.861535,-73.07796,-120.412887,-60.790837,55.985933,-60.778892,54.675536,Selenographic,Equatorial
1958,ch2_tmc_ncn_20220627T0119152606_d_img_d32.zip,2022-06-27T01:19:15.260Z,2022-06-27T01:29:15.202Z,1483160000,112.02,View,1.336035,-159.987121,1.319155,-160.733193,-28.783165,-160.275885,-28.797537,-161.086769,Selenographic,Equatorial
1959,ch2_tmc_ncf_20221130T1014486607_d_img_n18.zip,2022-11-30T10:14:48.660Z,2022-11-30T10:29:29.314Z,2177136000,113.17,View,43.171317,117.849372,43.164225,118.889915,87.544445,114.789587,87.471152,134.098928,Polar stereographic,North
1960,ch2_tmc_ncn_20210720T2341395824_d_img_d32.zip,2021-07-20T23:41:39.582Z,2021-07-20T23:43:07.857Z,218240000,115.32,View,-18.808588,15.834365,-18.806112,15.022227,-23.232869,15.810879,-23.229948,14.975554,Selenographic,Equatorial
1961,ch2_tmc_nca_20221117T2029512192_d_img_d32.zip,2022-11-17T20:29:51.219Z,2022-11-17T20:37:46.687Z,1175448000,106.24,View,46.177619,-75.134733,46.168965,-74.049637,70.415558,-74.955526,70.396329,-72.648975,Selenographic,Equatorial
1962,ch2_tmc_nca_20221128T1253226787_d_img_d32.zip,2022-11-28T12:53:22.678Z,2022-11-28T13:01:13.895Z,1162944000,119.3,View,46.582136,143.256076,46.590752,144.409429,70.365569,141.782698,70.384068,144.284062,Selenographic,Equatorial
1963,ch2_tmc_ncf_20220123T1809512954_d_img_d18.zip,2022-01-23T18:09:51.295Z,2022-01-23T18:19:54.198Z,1490488000,96.42,View,-88.713108,-124.899515,-88.30559,-150.52715,-58.239071,-107.375096,-58.221133,-108.713631,Polar stereographic,South
1964,ch2_tmc_nca_20200629T1435199503_d_img_d18.zip,2020-06-29T14:35:19.950Z,2020-06-29T14:46:03.153Z,1589776000,121.94,View,60.30953,68.303463,60.277072,66.657278,27.926882,69.154706,27.905616,68.127379,Selenographic,Equatorial
1965,ch2_tmc_ncf_20221130T1213112346_d_img_d32.zip,2022-11-30T12:13:11.234Z,2022-11-30T12:21:02.480Z,1165008000,113.43,View,43.304407,118.211007,43.301591,119.251109,67.109439,117.981549,67.102023,120.040557,Selenographic,Equatorial
1966,ch2_tmc_ncf_20220626T0341284775_d_img_d32.zip,2022-06-26T03:41:28.477Z,2022-06-26T03:51:27.513Z,1480920000,111.47,View,3.283508,-148.247304,3.03621,-149.05132,-27.148286,-148.158509,-27.368968,-148.997693,Selenographic,Equatorial
1967,ch2_tmc_nca_20221130T1411304128_d_img_d32.zip,2022-11-30T14:11:30.412Z,2022-11-30T14:19:20.814Z,1163840000,113.34,View,46.42349,117.140602,46.419946,118.240751,70.395924,116.883295,70.386429,119.274863,Selenographic,Equatorial
1968,ch2_tmc_ncn_20220124T0201197622_d_img_d18.zip,2022-01-24T02:01:19.762Z,2022-01-24T02:11:23.153Z,1491696000,97.02,View,-89.444162,108.476048,-88.856495,136.928985,-59.76287,-111.651763,-59.747757,-112.92296,Polar stereographic,South
1969,ch2_tmc_nca_20220621T2302203415_d_img_d32.zip,2022-06-21T23:02:20.341Z,2022-06-21T23:15:37.137Z,1969816000,115.32,View,59.677684,-93.000958,59.627728,-94.664815,19.698425,-92.502941,19.656748,-93.403226,Selenographic,Equatorial
1970,ch2_tmc_ncn_20220603T1019273042_d_img_d32.zip,2022-06-03T10:19:27.304Z,2022-06-03T10:36:10.813Z,2480840000,124.61,View,-8.482733,151.037836,-8.484613,151.848628,-58.480851,150.142811,-58.486675,151.723306,Selenographic,Equatorial
1971,ch2_tmc_ncf_20191225T0407322824_d_img_d18.zip,2019-12-25T04:07:32.282Z,2019-12-25T04:17:03.796Z,1412888000,81.59,View,-0.491934,-159.087439,-0.489337,-158.525227,29.227834,-159.193133,29.228778,-158.547053,Selenographic,Equatorial
1972,ch2_tmc_ncn_20200719T0948309729_d_img_d32.zip,2020-07-19T09:48:30.972Z,2020-07-19T09:59:06.873Z,1572064000,111.59,View,-29.200742,168.951259,-29.199645,168.053767,-61.119825,169.384208,-61.121295,167.804126,Selenographic,Equatorial
1973,ch2_tmc_ncn_20191225T0407322824_d_img_d18.zip,2019-12-25T04:07:32.282Z,2019-12-25T04:17:03.800Z,1412896000,81.59,View,0.6977,-159.065697,0.701542,-158.557938,30.419621,-159.165448,30.422008,-158.574962,Selenographic,Equatorial
1974,ch2_tmc_nca_20220520T0156388295_d_img_d18.zip,2022-05-20T01:56:38.829Z,2022-05-20T02:06:34.896Z,1473592000,114.47,View,62.768388,-20.060038,62.758457,-18.201311,32.908283,-20.117683,32.902392,-19.092085,Selenographic,Equatorial
1975,ch2_tmc_nca_20220125T2109207590_d_img_d18.zip,2022-01-25T21:09:20.759Z,2022-01-25T21:24:24.391Z,2235632000,96.2,View,-72.667105,45.635893,-72.64584,48.385228,-61.239444,-134.471137,-61.229983,-135.937321,Selenographic,Equatorial
1976,ch2_tmc_ncn_20200712T2028064496_d_img_d18.zip,2020-07-12T20:28:06.449Z,2020-07-12T20:38:38.871Z,1564464000,105.85,View,-25.076569,-104.043822,-25.081477,-104.831918,-57.038977,-102.756543,-57.051812,-104.014143,Selenographic,Equatorial
1977,ch2_tmc_ncn_20211116T1924288577_d_img_d18.zip,2021-11-16T19:24:28.857Z,2021-11-16T19:35:32.403Z,1640408000,100.8,View,-87.419111,-84.223476,-87.643259,-99.31497,-58.539422,67.334534,-58.556501,68.609007,Polar stereographic,South
1978,ch2_tmc_nca_20220701T0533051818_d_img_d32.zip,2022-07-01T05:33:05.181Z,2022-07-01T05:49:33.339Z,2442888000,111.83,View,59.597933,146.128426,59.606458,144.636009,9.511768,145.298973,9.519131,144.477619,Selenographic,Equatorial
1979,ch2_tmc_ncf_20210514T0604317367_d_img_d18.zip,2021-05-14T06:04:31.736Z,2021-05-14T06:14:08.575Z,1426056000,103.61,View,-59.424378,-172.745763,-59.420526,-171.053438,-88.370279,174.407929,-88.361448,-157.447216,Polar stereographic,South
1980,ch2_tmc_nca_20191219T1646107526_d_img_d18.zip,2019-12-19T16:46:10.752Z,2019-12-19T16:55:44.315Z,1417952000,82.51,View,2.957391,-87.40625,2.985747,-86.785604,32.243039,-86.912463,32.266645,-86.194295,Selenographic,Equatorial
1981,ch2_tmc_nca_20220122T0049334678_d_img_d18.zip,2022-01-22T00:49:33.467Z,2022-01-22T01:04:40.725Z,2242904000,100.32,View,-72.942108,97.471295,-72.89941,100.229034,-60.963429,-84.883462,-60.941516,-86.399019,Selenographic,Equatorial
1982,ch2_tmc_nca_20211209T1133073350_d_img_d32.zip,2021-12-09T11:33:07.335Z,2021-12-09T11:57:32.677Z,3622584000,99.4,View,-29.672781,129.87535,-29.718974,130.685503,45.330693,130.060287,45.287603,131.085726,Selenographic,Equatorial
1983,ch2_tmc_nca_20220716T1648052108_d_img_d18.zip,2022-07-16T16:48:05.210Z,2022-07-16T16:55:18.264Z,1070592000,121.2,View,29.390157,-58.383863,29.383688,-59.431344,7.819407,-58.378434,7.813584,-59.294443,Selenographic,Equatorial
1984,ch2_tmc_ncf_20200719T0948309729_d_img_d32.zip,2020-07-19T09:48:30.972Z,2020-07-19T09:59:06.870Z,1572056000,111.59,View,-27.358124,168.977381,-27.357355,167.998327,-59.329169,169.388455,-59.331265,167.728271,Selenographic,Equatorial
1985,ch2_tmc_ncf_20220705T1212032069_d_img_d32.zip,2022-07-05T12:12:03.206Z,2022-07-05T12:21:57.246Z,1468568000,117.37,View,62.866332,86.471502,62.892556,84.588088,33.158075,87.549406,33.211853,86.47146,Selenographic,Equatorial
1986,ch2_tmc_ncf_20210523T2308228364_d_img_hw1.zip,2021-05-23T23:08:22.836Z,2021-05-23T23:10:58.298Z,383672000,123.9,View,-53.295303,60.584724,-53.274488,62.147232,-61.006616,60.756517,-60.980883,62.651076,Selenographic,Equatorial
1987,ch2_tmc_ncf_20191127T0853448186_d_img_d18.zip,2019-11-27T08:53:44.818Z,2019-11-27T09:03:11.835Z,1399912000,82.4,View,-1.747663,-152.503412,-1.791015,-151.97105,27.698236,-152.491984,27.650807,-151.870355,Selenographic,Equatorial
1988,ch2_tmc_ncf_20220116T1511446554_d_img_d32.zip,2022-01-16T15:11:44.655Z,2022-01-16T15:26:51.166Z,2240656000,99.58,View,-76.085405,165.49125,-76.08975,168.787655,-58.076966,-11.791867,-58.079702,-13.171262,Selenographic,Equatorial
1989,ch2_tmc_ncn_20220517T2100236594_d_img_d18.zip,2022-05-17T21:00:23.659Z,2022-05-17T21:10:05.477Z,1439832000,112.37,View,61.197725,9.703251,61.189817,11.214337,31.877852,9.503683,31.875008,10.396918,Selenographic,Equatorial
1990,ch2_tmc_ncf_20220604T0546183777_d_img_d32.zip,2022-06-04T05:46:18.377Z,2022-06-04T06:16:10.369Z,4430080000,123.6,View,59.975899,140.099279,59.96984,141.665061,-30.195377,139.627413,-30.205125,140.665214,Selenographic,Equatorial
1991,ch2_tmc_ncn_20220601T0223403748_d_img_d32.zip,2022-06-01T02:23:40.374Z,2022-06-01T02:42:37.984Z,2812360000,123.16,View,61.782839,-178.644805,61.778016,-177.025894,4.898002,-178.784593,4.896465,-177.968917,Selenographic,Equatorial
1992,ch2_tmc_nca_20221119T2148474171_d_img_d32.zip,2022-11-19T21:48:47.417Z,2022-11-19T21:56:35.222Z,1156504000,105.27,View,46.334479,-102.086402,46.299574,-101.051873,70.325047,-101.731923,70.276178,-99.508657,Selenographic,Equatorial
1993,ch2_tmc_ncn_20221203T1113183666_d_img_n18.zip,2022-12-03T11:13:18.366Z,2022-12-03T11:21:09.557Z,1164448000,114.21,View,44.790923,79.60139,44.783217,80.554541,68.732751,79.797983,68.715451,81.829736,Selenographic,Equatorial
1994,ch2_tmc_ncf_20201125T1827104636_d_img_d32.zip,2020-11-25T18:27:10.463Z,2020-11-25T18:30:45.798Z,532352000,101.92,View,-46.686601,81.314956,-46.708711,82.423424,-35.737891,81.770639,-35.756588,82.70606,Selenographic,Equatorial
1995,ch2_tmc_nca_20210521T2105239564_d_img_hw1.zip,2021-05-21T21:05:23.956Z,2021-05-21T21:09:33.916Z,617952000,110.37,View,-76.715961,-164.585685,-78.603815,-23.292039,-69.185214,-130.276743,-70.322898,-58.920762,Selenographic,Equatorial
1996,ch2_tmc_nca_20210524T1311568462_d_img_d18.zip,2021-05-24T13:11:56.846Z,2021-05-24T13:20:11.556Z,1223016000,117.02,View,-55.383151,52.966841,-55.358714,54.569848,-80.295508,54.170352,-80.229757,59.264833,Polar stereographic,South
1997,ch2_tmc_nca_20220720T0133461839_d_img_d32.zip,2022-07-20T01:33:46.183Z,2022-07-20T02:04:03.781Z,4493416000,121.55,View,59.70522,-103.202471,59.682464,-105.010542,-30.166476,-102.394726,-30.180277,-103.4168,Selenographic,Equatorial
1998,ch2_tmc_ncn_20200725T1515214084_d_img_d18.zip,2020-07-25T15:15:21.408Z,2020-07-25T15:25:59.486Z,1577448000,114.46,View,-28.952854,87.155052,-28.971638,86.250441,-60.862417,88.801916,-60.894163,87.227887,Selenographic,Equatorial
1999,ch2_tmc_ncf_20220621T0520071949_d_img_d32.zip,2022-06-21T05:20:07.194Z,2022-06-21T05:33:22.764Z,1966768000,112.97,View,63.028089,-83.384065,63.005168,-85.212956,23.075119,-82.885516,23.063622,-83.78503,Selenographic,Equatorial
2000,ch2_tmc_ncn_20200718T0814401127_d_img_d18.zip,2020-07-18T08:14:40.112Z,2020-07-18T08:25:14.908Z,1567312000,109.54,,-29.159801,-177.270479,-29.175099,-178.171536,-61.002579,-176.841462,-61.020463,-178.41005,Selenographic,Equatorial
2001,ch2_tmc_nca_20200618T0449412205_d_img_d18.zip,2020-06-18T04:49:41.220Z,2020-06-18T05:00:12.393Z,1560376000,124.28,View,63.731299,-142.524837,63.742651,-140.617913,32.329646,-141.411459,32.332468,-140.356513,Selenographic,Equatorial
2002,ch2_tmc_nca_20221127T1115191730_d_img_d32.zip,2022-11-27T11:15:19.173Z,2022-11-27T11:23:15.816Z,1178352000,118.27,View,46.431339,157.172191,46.442346,158.289726,70.559268,155.535185,70.582159,157.99527,Selenographic,Equatorial
2003,ch2_tmc_nca_20220629T1027326147_d_img_d32.zip,2022-06-29T10:27:32.614Z,2022-06-29T10:37:30.618Z,1478368000,115.73,View,-0.314113,169.054839,-0.307894,168.201024,-30.286637,168.883929,-30.279849,167.903772,Selenographic,Equatorial
2004,ch2_tmc_ncf_20200611T2110065660_d_img_d18.zip,2020-06-11T21:10:06.566Z,2020-06-11T21:20:41.906Z,1572064000,107.51,View,60.742417,-58.928487,60.765497,-57.309561,28.532909,-57.667367,28.545908,-56.749397,Selenographic,Equatorial
2005,ch2_tmc_ncn_20200714T1941272256_d_img_d18.zip,2020-07-14T19:41:27.225Z,2020-07-14T19:52:02.103Z,1569536000,104.71,View,-28.62652,-130.381787,-28.640606,-131.242597,-60.652756,-129.230468,-60.674945,-130.661215,Selenographic,Equatorial
2006,ch2_tmc_ncn_20210513T1401073872_d_img_hw1.zip,2021-05-13T14:01:07.387Z,2021-05-13T14:04:21.130Z,478976000,121.81,View,-14.628963,-163.528934,-14.642899,-162.688617,-24.257335,-163.587305,-24.254614,-162.711627,Selenographic,Equatorial
2007,ch2_tmc_ncf_20220111T1721503392_d_img_d32.zip,2022-01-11T17:21:50.339Z,2022-01-11T17:36:45.306Z,2212496000,88.26,View,-76.069321,-127.257992,-76.041091,-124.277541,-58.141277,51.699477,-58.130476,50.476273,Selenographic,Equatorial
2008,ch2_tmc_nca_20220729T0249172563_d_img_d32.zip,2022-07-29T02:49:17.256Z,2022-07-29T03:09:26.424Z,2989240000,124.54,View,28.588573,138.052636,28.593435,137.038679,-31.396213,137.748631,-31.39128,136.699454,Selenographic,Equatorial
2009,ch2_tmc_nca_20220618T2040278206_d_img_d32.zip,2022-06-18T20:40:27.820Z,2022-06-18T20:55:12.675Z,2187520000,98.78,View,-6.80052,-52.251949,-6.798499,-51.481363,-51.908554,-52.402174,-51.904783,-51.225574,Selenographic,Equatorial
2010,ch2_tmc_ncn_20221201T1153148447_d_img_n18.zip,2022-12-01T11:53:14.844Z,2022-12-01T12:01:02.521Z,1156184000,113.71,View,44.810429,105.485041,44.803869,106.46324,68.524749,105.553858,68.510594,107.565371,Selenographic,Equatorial
2011,ch2_tmc_ncn_20220630T0810136805_d_img_d32.zip,2022-06-30T08:10:13.680Z,2022-06-30T08:16:42.498Z,961232000,115.45,View,1.419211,157.220097,1.422394,156.478351,-18.131892,157.034848,-18.123434,156.24462,Selenographic,Equatorial
2012,ch2_tmc_ncf_20211229T0413409660_d_img_d18.zip,2021-12-29T04:13:40.966Z,2021-12-29T04:32:55.139Z,2853320000,74.8,View,-60.088984,-129.485695,-60.077992,-130.854345,-0.482761,-129.04997,-0.478599,-129.579149,Selenographic,Equatorial
2013,ch2_tmc_ncf_20220518T2239379155_d_img_d18.zip,2022-05-18T22:39:37.915Z,2022-05-18T22:45:52.315Z,925592000,114.07,View,29.298232,-4.820138,29.290248,-3.85563,10.520815,-4.910495,10.512574,-4.051487,Selenographic,Equatorial
2014,ch2_tmc_ncn_20220130T0515221440_d_img_d18.zip,2022-01-30T05:15:22.144Z,2022-01-30T05:30:19.165Z,2217600000,89.72,View,-74.58154,-13.194711,-74.584128,-10.690643,-59.471996,168.911699,-59.474416,167.745914,Selenographic,Equatorial
2015,ch2_tmc_nca_20220707T1729565940_d_img_d32.zip,2022-07-07T17:29:56.594Z,2022-07-07T17:35:04.828Z,762016000,116.72,View,59.460962,58.104273,59.369579,56.437217,43.934183,58.50034,43.847944,57.266414,Selenographic,Equatorial
2016,ch2_tmc_ncf_20220704T0446528629_d_img_d32.zip,2022-07-04T04:46:52.862Z,2022-07-04T04:56:48.798Z,1473264000,116.73,View,33.009881,106.52852,32.935278,105.483849,3.165306,106.658515,3.083235,105.770994,Selenographic,Equatorial
2017,ch2_tmc_nca_20220801T1144312591_d_img_d18.zip,2022-08-01T11:44:31.259Z,2022-08-01T11:56:12.634Z,1733928000,132.16,View,28.325566,93.01262,28.309757,91.913623,-6.285005,93.315811,-6.299768,92.324919,Selenographic,Equatorial
2018,ch2_tmc_ncn_20221120T0542107644_d_img_d32.zip,2022-11-20T05:42:10.764Z,2022-11-20T05:49:56.884Z,1152336000,106.28,View,44.735396,-106.395692,44.741875,-105.512357,68.560359,-106.019782,68.557399,-104.212319,Selenographic,Equatorial
2019,ch2_tmc_nca_20220731T0409477869_d_img_d18.zip,2022-07-31T04:09:47.786Z,2022-07-31T04:19:40.121Z,1466112000,129.46,View,28.403463,110.467798,28.382472,109.382456,-0.900676,110.626691,-0.921095,109.666415,Selenographic,Equatorial
2020,ch2_tmc_ncn_20221203T1113183666_d_img_d32.zip,2022-12-03T11:13:18.366Z,2022-12-03T11:21:09.557Z,1164448000,114.21,View,44.791104,79.605087,44.783272,80.558623,68.732829,79.802828,68.715067,81.83529,Selenographic,Equatorial
2021,ch2_tmc_nca_20220103T0621569707_d_img_d18.zip,2022-01-03T06:21:56.970Z,2022-01-03T06:41:09.991Z,2850472000,80.18,View,-62.91806,164.520906,-62.920309,163.124213,-2.826504,163.679284,-2.826777,163.088748,Selenographic,Equatorial
2022,ch2_tmc_nca_20200712T2226057075_d_img_d18.zip,2020-07-12T22:26:05.707Z,2020-07-12T22:36:36.611Z,1559712000,106,View,-26.706548,-105.041533,-26.715472,-105.934459,-58.401921,-103.647363,-58.420654,-105.105613,Selenographic,Equatorial
2023,ch2_tmc_ncn_20200703T1535031622_d_img_d18.zip,2020-07-03T15:35:03.162Z,2020-07-03T15:40:07.163Z,751552000,120.53,View,-24.846291,16.938602,-24.85069,16.045928,-39.977998,16.962408,-39.982123,15.930514,Selenographic,Equatorial
2024,ch2_tmc_ncn_20211112T1705195920_d_img_d18.zip,2021-11-12T17:05:19.592Z,2021-11-12T17:16:28.253Z,1653056000,102.72,View,-87.738031,-33.217579,-87.918071,-51.78796,-58.142028,121.729731,-58.153322,123.014203,Polar stereographic,South
2025,ch2_tmc_ncn_20220720T0332127475_d_img_d32.zip,2022-07-20T03:32:12.747Z,2022-07-20T03:45:39.649Z,1994784000,131.13,View,61.592567,-104.395542,61.580336,-106.123699,21.712576,-104.030774,21.710162,-104.955536,Selenographic,Equatorial
2026,ch2_tmc_ncn_20220129T0541079533_d_img_d18.zip,2022-01-29T05:41:07.953Z,2022-01-29T05:56:06.123Z,2220440000,91.88,View,-74.790458,-0.323851,-74.796572,2.282354,-59.330124,-177.731335,-59.333684,-178.92028,Selenographic,Equatorial
2027,ch2_tmc_ncn_20200720T0528021945_d_img_d18.zip,2020-07-20T05:28:02.194Z,2020-07-20T05:38:40.136Z,1577112000,114.15,View,-28.796954,158.244715,-28.803504,157.360506,-60.782531,158.566758,-60.79047,156.981359,Selenographic,Equatorial
2028,ch2_tmc_ncf_20220609T1024238513_d_img_d32.zip,2022-06-09T10:24:23.851Z,2022-06-09T10:36:45.919Z,1834528000,109.33,View,8.018807,71.524334,8.064838,72.331491,-29.465454,71.85153,-29.416943,72.774238,Selenographic,Equatorial
2029,ch2_tmc_ncf_20220126T2049204326_d_img_d18.zip,2022-01-26T20:49:20.432Z,2022-01-26T20:58:38.857Z,1378624000,97.29,View,-86.591299,-140.735089,-86.589401,-153.974664,-58.437042,-146.58196,-58.43737,-147.944116,Selenographic,Equatorial
2030,ch2_tmc_ncf_20220124T2134498810_d_img_d18.zip,2022-01-24T21:34:49.881Z,2022-01-24T21:49:59.315Z,2248288000,98.69,View,-75.890176,58.954928,-75.854542,62.418949,-58.422764,-121.991533,-58.409371,-123.371281,Selenographic,Equatorial
2031,ch2_tmc_ncf_20200619T0625382796_d_img_d18.zip,2020-06-19T06:25:38.279Z,2020-06-19T06:36:24.544Z,1597688000,123.38,View,60.479563,-155.716821,60.48345,-154.014777,28.157142,-155.258272,28.158805,-154.250722,Selenographic,Equatorial
2032,ch2_tmc_ncf_20220121T2251376721_d_img_d18.zip,2022-01-21T22:51:37.672Z,2022-01-21T23:06:45.619Z,2243232000,100.35,View,-76.187406,98.896089,-76.136352,102.267728,-58.02014,-83.678975,-58.000072,-85.065404,Selenographic,Equatorial
2033,ch2_tmc_ncn_20220619T1953327619_d_img_d32.zip,2022-06-19T19:53:32.761Z,2022-06-19T20:23:12.472Z,4399760000,103.86,View,61.718944,-66.234065,61.732986,-64.68819,-28.22904,-64.943092,-28.220974,-64.147171,Selenographic,Equatorial
2034,ch2_tmc_ncn_20220526T2324568859_d_img_d18.zip,2022-05-26T23:24:56.885Z,2022-05-26T23:44:54.801Z,2961464000,124.55,View,61.826361,-112.085162,61.852242,-110.406591,2.121065,-110.793834,2.140054,-109.978618,Selenographic,Equatorial
2035,ch2_tmc_ncf_20220716T2034569261_d_img_d18.zip,2022-07-16T20:34:56.926Z,2022-07-16T20:41:00.580Z,899024000,121.55,View,63.126662,-60.567499,63.112325,-62.533212,45.014889,-60.601007,45.005229,-61.880561,Selenographic,Equatorial
2036,ch2_tmc_nca_20200731T1448111076_d_img_d18.zip,2020-07-31T14:48:11.107Z,2020-07-31T14:58:45.979Z,1569520000,108.36,View,-30.60131,8.316749,-30.600305,7.334325,-62.444773,8.685348,-62.444046,6.957982,Selenographic,Equatorial
2037,ch2_tmc_nca_20220131T0845092881_d_img_d18.zip,2022-01-31T08:45:09.288Z,2022-01-31T09:00:00.286Z,2202712000,86.84,View,-73.063219,-28.656617,-73.06975,-26.270218,-60.933393,153.974381,-60.938347,152.664251,Selenographic,Equatorial
2038,ch2_tmc_ncn_20220101T0110303578_d_img_d18.zip,2022-01-01T01:10:30.357Z,2022-01-01T01:29:45.549Z,2855840000,79.07,View,-61.640964,-165.63324,-61.649544,-166.935745,-1.674258,-166.654902,-1.67732,-167.19341,Selenographic,Equatorial
2039,ch2_tmc_nca_20200102T1212541093_d_img_d18.zip,2020-01-02T12:12:54.109Z,2020-01-02T12:22:47.130Z,1466056000,104.83,View,-32.393976,90.747998,-32.373639,89.836567,-2.252894,91.315814,-2.235203,90.542206,Selenographic,Equatorial
2040,ch2_tmc_ncf_20220527T0522066307_d_img_d18.zip,2022-05-27T05:22:06.630Z,2022-05-27T05:32:09.886Z,1491360000,126.48,View,59.659855,-113.941465,59.582816,-112.113257,29.605077,-113.633652,29.531545,-112.54255,Selenographic,Equatorial
2041,ch2_tmc_ncf_20220101T0308414361_d_img_d18.zip,2022-01-01T03:08:41.436Z,2022-01-01T03:27:57.650Z,2858368000,79.21,View,-60.198014,-166.779165,-60.190999,-168.163073,-0.369816,-167.662392,-0.359512,-168.261959,Selenographic,Equatorial
2042,ch2_tmc_ncn_20200720T0132068182_d_img_d18.zip,2020-07-20T01:32:06.818Z,2020-07-20T01:42:42.715Z,1572056000,113.71,View,-28.813228,160.395384,-28.815178,159.506472,-60.694314,160.709432,-60.697835,159.128163,Selenographic,Equatorial
2043,ch2_tmc_ncf_20220120T2119203059_d_img_d18.zip,2022-01-20T21:19:20.305Z,2022-01-20T21:34:24.492Z,2235312000,98.74,View,-76.02563,112.563574,-75.98312,115.786702,-58.173388,-69.439501,-58.156275,-70.809866,Selenographic,Equatorial
2044,ch2_tmc_ncn_20200729T1140552399_d_img_d18.zip,2020-07-29T11:40:55.239Z,2020-07-29T11:51:35.360Z,1582496000,116.92,View,-28.522994,36.464408,-28.529631,35.554594,-60.451507,37.152779,-60.462327,35.593134,Selenographic,Equatorial
2045,ch2_tmc_ncn_20211211T0852165708_d_img_d32.zip,2021-12-11T08:52:16.570Z,2021-12-11T09:11:43.920Z,2885880000,94.86,View,-31.185374,105.022955,-31.192071,105.761924,28.754129,105.593321,28.744778,106.313772,Selenographic,Equatorial
2046,ch2_tmc_ncf_20200629T1039007613_d_img_d18.zip,2020-06-29T10:39:00.761Z,2020-06-29T10:49:43.955Z,1590096000,121.83,View,63.676679,70.174226,63.641272,68.334877,31.680132,71.201277,31.6603,70.140417,Selenographic,Equatorial
2047,ch2_tmc_nca_20221118T2208306167_d_img_d32.zip,2022-11-18T22:08:30.616Z,2022-11-18T22:16:19.784Z,1159872000,103.78,View,46.17839,-89.074694,46.167874,-88.040557,70.192945,-88.672153,70.170197,-86.483241,Selenographic,Equatorial
2048,ch2_tmc_ncn_20200804T1310425663_d_img_d18.zip,2020-08-04T13:10:42.566Z,2020-08-04T13:19:47.444Z,1347040000,103.01,View,-28.940582,-43.698346,-28.946945,-44.526923,-56.510716,-43.19018,-56.520023,-44.423469,Selenographic,Equatorial
2049,ch2_tmc_ncf_20211214T1333204813_d_img_d32.zip,2021-12-14T13:33:20.481Z,2021-12-14T13:42:58.110Z,1427760000,81.12,View,-62.685836,61.493701,-62.704123,62.911306,-32.618052,62.588239,-32.627959,63.304198,Selenographic,Equatorial
2050,ch2_tmc_nca_20220125T1911266644_d_img_d18.zip,2022-01-25T19:11:26.664Z,2022-01-25T19:26:31.875Z,2237848000,96.36,View,-72.587602,46.776443,-72.565104,49.52265,-61.281405,-133.456898,-61.271097,-134.927947,Selenographic,Equatorial
2051,ch2_tmc_ncn_20200706T1755015013_d_img_d18.zip,2020-07-06T17:55:01.501Z,2020-07-06T18:00:05.877Z,752480000,122.27,View,65.745545,-24.195447,65.734826,-26.158002,50.578079,-24.423215,50.569191,-25.72268,Selenographic,Equatorial
2052,ch2_tmc_nca_20220121T1855536653_d_img_d18.zip,2022-01-21T18:55:53.665Z,2022-01-21T19:11:00.922Z,2242904000,100.18,View,-72.791444,100.553754,-72.751547,103.26869,-61.101328,-81.569556,-61.080562,-83.089617,Selenographic,Equatorial
2053,ch2_tmc_ncf_20211116T1329461965_d_img_d18.zip,2021-11-16T13:29:46.196Z,2021-11-16T13:40:18.967Z,1562176000,102.57,View,-85.980401,-89.409511,-86.147993,-100.359734,-61.669628,70.180001,-61.692568,71.763061,Polar stereographic,South
2054,ch2_tmc_ncn_20200726T1253267462_d_img_d18.zip,2020-07-26T12:53:26.746Z,2020-07-26T13:04:06.866Z,1582496000,113.94,View,-28.995235,75.244386,-29.013685,74.331086,-61.00073,76.845497,-61.032158,75.268011,Selenographic,Equatorial
2055,ch2_tmc_ncf_20210601T0716026044_d_img_hw1.zip,2021-06-01T07:16:02.604Z,2021-06-01T07:23:39.433Z,1129368000,103.5,View,-39.573678,-49.5296,-39.567133,-48.534578,-62.767359,-49.447829,-62.755392,-47.766364,Selenographic,Equatorial
2056,ch2_tmc_nca_20220602T1008123438_d_img_d32.zip,2022-06-02T10:08:12.343Z,2022-06-02T10:21:28.113Z,1967272000,119.68,View,63.102393,164.295055,63.096313,166.114544,23.251574,164.207314,23.249712,165.163641,Selenographic,Equatorial
2057,ch2_tmc_ncf_20220602T1008123438_d_img_d32.zip,2022-06-02T10:08:12.343Z,2022-06-02T10:21:28.113Z,1967280000,119.68,View,59.626851,164.334225,59.620151,165.959657,19.541454,164.208631,19.538664,165.13954,Selenographic,Equatorial
2058,ch2_tmc_ncf_20211217T1823234572_d_img_d32.zip,2021-12-17T18:23:23.457Z,2021-12-17T18:37:50.876Z,2144368000,82.68,View,-62.554065,20.391257,-62.549039,21.844942,-17.516759,20.396832,-17.514244,21.030876,Selenographic,Equatorial
2059,ch2_tmc_ncn_20210720T2333035757_d_img_d32.zip,2021-07-20T23:33:03.575Z,2021-07-20T23:41:00.323Z,1178608000,115.55,View,7.054831,15.970056,7.055161,15.199975,-16.840721,15.844733,-16.838414,15.041161,Selenographic,Equatorial
2060,ch2_tmc_nca_20210720T2333035757_d_img_d32.zip,2021-07-20T23:33:03.575Z,2021-07-20T23:41:00.323Z,1178608000,115.55,View,5.28585,16.007156,5.248348,15.153142,-18.621029,15.884515,-18.656506,14.981188,Selenographic,Equatorial
2061,ch2_tmc_ncf_20210720T2333035757_d_img_d32.zip,2021-07-20T23:33:03.575Z,2021-07-20T23:41:00.326Z,1178616000,115.55,View,8.822562,16.012467,8.860601,15.153337,-15.061745,15.887883,-15.021289,15.003293,Selenographic,Equatorial
2062,ch2_tmc_ncn_20210514T1604078106_d_img_hw1.zip,2021-05-14T16:04:07.810Z,2021-05-14T16:06:28.948Z,350728000,104.91,View,-76.709342,-178.623937,-76.703664,-175.427821,-83.88842,179.974767,-83.87627,-173.263564,Polar stereographic,South
2063,ch2_tmc_nca_20210514T1604078431_d_img_hw1.zip,2021-05-14T16:04:07.843Z,2021-05-14T16:06:28.948Z,350720000,104.91,View,-74.983788,-178.604289,-74.979346,-175.467661,-82.195974,-179.796869,-82.186635,-173.932598,Polar stereographic,South
2064,ch2_tmc_ncf_20210514T1604078106_d_img_hw1.zip,2021-05-14T16:04:07.810Z,2021-05-14T16:06:28.944Z,350720000,104.91,View,-78.436545,-179.021873,-78.427752,-174.929161,-85.574811,178.375767,-85.559948,-171.205987,Polar stereographic,South
2065,ch2_tmc_ncn_20210529T1718083910_d_img_d18.zip,2021-05-29T17:18:08.391Z,2021-05-29T17:32:43.107Z,2162456000,103.63,View,0.15677,-51.775342,0.149154,-51.181447,30.451092,-51.563965,30.442613,-50.888367,Selenographic,Equatorial
2066,ch2_tmc_nca_20210529T1718083910_d_img_d18.zip,2021-05-29T17:18:08.391Z,2021-05-29T17:32:43.103Z,2162448000,103.63,View,-21.692836,-83.882095,-21.805012,-75.15747,-9.490295,-83.48739,-9.596545,-75.188432,Selenographic,Equatorial
2067,ch2_tmc_ncf_20210529T1718083910_d_img_d18.zip,2021-05-29T17:18:08.391Z,2021-05-29T17:32:43.103Z,2162448000,103.63,View,-76.188046,100.931369,-76.139195,104.284554,-57.998833,-81.469991,-57.979592,-82.853269,Selenographic,Equatorial
2068,ch2_tmc_ncn_20191130T1524395374_d_img_g26.zip,2019-11-30T15:24:39.537Z,2019-11-30T15:28:27.912Z,562560000,85.93,View,28.353395,97.358194,28.331075,96.269063,-2.146488,97.604604,-2.167706,96.626676,Selenographic,Equatorial
2069,ch2_tmc_nca_20191130T1524395341_d_img_g26.zip,2019-11-30T15:24:39.534Z,2019-11-30T15:28:27.912Z,562568000,85.93,View,-0.278254,156.810143,-0.218142,155.984994,-30.343792,156.721125,-30.292386,155.745944,Selenographic,Equatorial
2070,ch2_tmc_ncf_20191130T1524395341_d_img_g26.zip,2019-11-30T15:24:39.534Z,2019-11-30T15:28:27.912Z,562568000,85.93,View,61.738444,58.712116,61.713905,57.193067,29.514132,59.505907,29.498708,58.568999,Selenographic,Equatorial
2071,ch2_tmc_ncn_20220726T0010043793_d_img_d32.zip,2022-07-26T00:10:04.379Z,2022-07-26T00:20:02.382Z,1478368000,113.93,View,29.841169,108.256901,29.795977,109.132163,-60.160227,107.335662,-60.224659,108.863568,Selenographic,Equatorial
2072,ch2_tmc_nca_20220726T0010043761_d_img_d32.zip,2022-07-26T00:10:04.376Z,2022-07-26T00:20:02.386Z,1478368000,113.93,View,1.740896,-113.685763,1.730241,-114.537911,-58.22844,-112.83512,-58.24303,-114.152263,Selenographic,Equatorial
2073,ch2_tmc_ncf_20220726T0010043761_d_img_d32.zip,2022-07-26T00:10:04.376Z,2022-07-26T00:20:02.386Z,1478384000,113.93,View,-60.004047,-128.489785,-59.982446,-129.855645,-0.467603,-127.983978,-0.456264,-128.511533,Selenographic,Equatorial
2074,ch2_tmc_ncn_20220105T1146514851_d_img_d18.zip,2022-01-05T11:46:51.485Z,2022-01-05T12:06:30.102Z,2913752000,103.4,View,46.352717,91.442775,46.340747,92.554833,70.583971,91.611864,70.559742,94.108812,Selenographic,Equatorial
2075,ch2_tmc_nca_20220105T1146514818_d_img_d18.zip,2022-01-05T11:46:51.481Z,2022-01-05T12:06:30.102Z,2913760000,103.4,View,62.90645,9.60915,62.897528,11.386958,33.65865,9.452242,33.655124,10.466078,Selenographic,Equatorial
2076,ch2_tmc_ncf_20220105T1146514818_d_img_d18.zip,2022-01-05T11:46:51.481Z,2022-01-05T12:06:30.993Z,2913752000,103.4,View,-0.438607,-76.719726,-0.448865,-77.608348,-30.313705,-76.429902,-30.324836,-77.405472,Selenographic,Equatorial
2077,ch2_tmc_ncn_20211212T1623546643_d_img_d32.zip,2021-12-12T16:23:54.664Z,2021-12-12T16:53:00.703Z,4316504000,98.01,View,59.420822,104.403084,59.408161,102.79075,19.453149,104.764795,19.447409,103.858053,Selenographic,Equatorial
2078,ch2_tmc_nca_20211212T1623546611_d_img_d32.zip,2021-12-12T16:23:54.661Z,2021-12-12T16:53:00.706Z,4316512000,98.01,View,-1.275547,-177.647193,-1.280847,-177.096888,30.719062,-177.725062,30.714408,-177.031941,Selenographic,Equatorial
2079,ch2_tmc_ncf_20211212T1623546611_d_img_d32.zip,2021-12-12T16:23:54.661Z,2021-12-12T16:53:00.706Z,4316504000,98.01,View,-88.414077,-129.50977,-88.151275,-155.204259,-58.117484,-124.079224,-58.104682,-125.44164,Polar stereographic,South
2080,ch2_tmc_ncn_20191228T1822356184_d_img_gds.zip,2019-12-28T18:22:35.618Z,2019-12-28T18:32:11.233Z,1423024000,91.43,View,-57.604199,99.424795,-57.571235,101.086146,-87.057062,111.665284,-86.743759,126.770756,Polar stereographic,South
2081,ch2_tmc_nca_20191228T1822356184_d_img_gds.zip,2019-12-28T18:22:35.618Z,2019-12-28T18:32:11.233Z,1423024000,91.43,View,-38.450226,-4.78381,-38.447925,-3.65338,-87.811775,-12.323587,-87.775724,8.368764,Polar stereographic,South
2082,ch2_tmc_ncf_20191228T1822356184_d_img_gds.zip,2019-12-28T18:22:35.618Z,2019-12-28T18:32:11.229Z,1423016000,91.43,View,2.202474,-175.295103,2.181528,-174.71776,31.950272,-175.358526,31.926432,-174.661677,Selenographic,Equatorial
2083,ch2_tmc_ncf_20211223T2009266700_d_img_d32.zip,2021-12-23T20:09:26.670Z,2021-12-23T20:24:01.286Z,2162200000,86.73,View,-59.706761,86.534013,-59.673622,88.131182,-89.054831,139.180159,-88.358354,155.409696,Polar stereographic,South
2084,ch2_tmc_ncn_20211223T2009266668_d_img_d32.zip,2021-12-23T20:09:26.666Z,2021-12-23T20:24:01.283Z,2162208000,86.73,View,-59.908598,36.066506,-59.918689,37.345253,-15.136413,36.584285,-15.143274,37.19146,Selenographic,Equatorial
2085,ch2_tmc_nca_20211223T2009266668_d_img_d32.zip,2021-12-23T20:09:26.666Z,2021-12-23T20:24:01.286Z,2162208000,86.73,View,62.991674,60.263328,62.974869,58.452199,34.421674,60.424785,34.410854,59.345439,Selenographic,Equatorial
2086,ch2_tmc_nca_20211123T1903459238_d_img_d18.zip,2021-11-23T19:03:45.923Z,2021-11-23T19:14:20.797Z,1569528000,107.67,View,-58.95709,144.31261,-58.991275,146.030426,-88.700678,128.976084,-88.698707,166.665053,Polar stereographic,South
2087,ch2_tmc_ncn_20211123T1903459206_d_img_d18.zip,2021-11-23T19:03:45.920Z,2021-11-23T19:14:20.797Z,1569536000,107.67,View,-1.658658,-177.466397,-1.649286,-176.881157,27.780526,-177.490183,27.791932,-176.77966,Selenographic,Equatorial
2088,ch2_tmc_ncf_20211123T2101586530_d_img_d18.zip,2021-11-23T21:01:58.653Z,2021-11-23T21:12:32.634Z,1567320000,108.05,View,4.162507,-30.094529,4.159063,-29.427646,31.818001,-30.143581,31.813712,-29.396856,Selenographic,Equatorial
2089,ch2_tmc_nca_20211123T1705351967_d_img_d18.zip,2021-11-23T17:05:35.196Z,2021-11-23T17:15:34.672Z,1482016000,107.56,View,46.130185,-133.544271,46.125437,-132.587934,69.937295,-133.867908,69.92889,-131.815129,Selenographic,Equatorial
2090,ch2_tmc_ncn_20211123T2300103636_d_img_d18.zip,2021-11-23T23:00:10.363Z,2021-11-23T23:10:45.364Z,1569840000,108.35,View,43.238949,170.548342,43.230074,171.551169,67.129438,169.420563,67.125957,171.419711,Selenographic,Equatorial
2091,ch2_tmc_ncf_20211123T2300103603_d_img_d18.zip,2021-11-23T23:00:10.360Z,2021-11-23T23:10:45.364Z,1569848000,108.35,View,10.444063,96.087929,10.137978,78.700948,-1.790886,96.120204,-2.084127,79.022717,Selenographic,Equatorial
2092,ch2_tmc_ncn_20211123T1705351967_d_img_d18.zip,2021-11-23T17:05:35.196Z,2021-11-23T17:15:34.662Z,1481992000,107.56,View,-16.548596,-22.549054,-16.581988,-21.609896,-34.262734,-22.658406,-34.292832,-21.634095,Selenographic,Equatorial
2093,ch2_tmc_ncn_20211123T0119537815_d_img_d18.zip,2021-11-23T01:19:53.781Z,2021-11-23T01:30:22.510Z,1554336000,103.51,View,-2.538268,139.9576,-2.541784,140.604432,29.211999,139.966289,29.207672,140.793676,Selenographic,Equatorial
2094,ch2_tmc_nca_20211123T2300103603_d_img_d18.zip,2021-11-23T23:00:10.360Z,2021-11-23T23:10:45.360Z,1569840000,108.35,View,62.439268,-165.179884,62.441583,-163.628311,30.250333,-164.863585,30.251491,-163.972088,Selenographic,Equatorial
2095,ch2_tmc_ncn_20211123T2101586563_d_img_d18.zip,2021-11-23T21:01:58.656Z,2021-11-23T21:12:32.634Z,1567312000,108.05,View,-28.876686,88.195803,-28.891762,87.295093,-60.888522,89.831508,-60.916177,88.260393,Selenographic,Equatorial
2096,ch2_tmc_nca_20211123T0119537782_d_img_d18.zip,2021-11-23T01:19:53.778Z,2021-11-23T01:30:22.507Z,1554336000,103.51,View,46.183688,-89.075963,46.172902,-88.037419,70.200343,-88.674617,70.177172,-86.476133,Selenographic,Equatorial
2097,ch2_tmc_ncf_20211123T1903459206_d_img_d18.zip,2021-11-23T19:03:45.920Z,2021-11-23T19:14:20.794Z,1569528000,107.67,View,-61.534341,-129.581484,-61.520658,-130.871931,-1.60227,-129.064717,-1.595788,-129.542497,Selenographic,Equatorial
2098,ch2_tmc_ncf_20211123T0119537782_d_img_d18.zip,2021-11-23T01:19:53.778Z,2021-11-23T01:30:22.510Z,1554344000,103.51,View,1.39739,-133.23414,1.364339,-134.000183,-28.647043,-132.731945,-28.657892,-133.549802,Selenographic,Equatorial
2099,ch2_tmc_nca_20211123T2101586530_d_img_d18.zip,2021-11-23T21:01:58.653Z,2021-11-23T21:12:32.631Z,1567312000,108.05,View,-10.070516,123.696738,-10.074746,124.606382,-59.970559,123.620291,-59.968436,125.387209,Selenographic,Equatorial
2100,ch2_tmc_ncf_20211123T1705351998_d_img_d18.zip,2021-11-23T17:05:35.199Z,2021-11-23T17:15:34.669Z,1482000000,107.56,,59.415562,36.664694,59.415314,35.012088,14.366972,36.101368,14.366539,35.152226,Selenographic,Equatorial
2101,ch2_tmc_ncn_20211202T0621224846_d_img_d18.zip,2021-12-02T06:21:22.484Z,2021-12-02T06:41:02.127Z,2916288000,89.8,View,-55.451177,157.252666,-55.443773,158.811552,-85.446799,152.880389,-85.439781,163.379894,Polar stereographic,South
2102,ch2_tmc_ncf_20211202T0423083437_d_img_d18.zip,2021-12-02T04:23:08.343Z,2021-12-02T04:42:49.138Z,2919136000,89.59,View,-20.438075,-35.665332,-20.450774,-34.711213,-37.855581,-35.755796,-37.869164,-34.691988,Selenographic,Equatorial
2103,ch2_tmc_nca_20211202T0621224846_d_img_d18.zip,2021-12-02T06:21:22.484Z,2021-12-02T06:41:02.130Z,2916296000,89.8,View,17.456176,-4.410155,17.470598,-3.750317,57.25236,-4.886803,57.268172,-3.622154,Selenographic,Equatorial
2104,ch2_tmc_nca_20211202T0224533080_d_img_d18.zip,2021-12-02T02:24:53.308Z,2021-12-02T02:44:25.375Z,2897560000,89.22,View,46.311566,92.538846,46.30236,93.655944,70.265541,92.702657,70.243663,95.169566,Selenographic,Equatorial
2105,ch2_tmc_ncf_20211202T0819366293_d_img_d18.zip,2021-12-02T08:19:36.629Z,2021-12-02T08:39:18.320Z,2921352000,89.91,View,46.185742,-64.388186,46.175081,-63.286064,70.347477,-64.438002,70.328658,-62.104824,Selenographic,Equatorial
2106,ch2_tmc_nca_20211202T0819366261_d_img_d18.zip,2021-12-02T08:19:36.626Z,2021-12-02T08:39:18.320Z,2921360000,89.91,View,63.166454,167.533475,63.11636,169.33714,-26.511611,165.334509,-26.594621,166.328757,Selenographic,Equatorial
2107,ch2_tmc_ncf_20211202T0621224877_d_img_d18.zip,2021-12-02T06:21:22.487Z,2021-12-02T06:41:02.130Z,2916288000,89.8,View,10.557732,-125.755611,10.49623,-124.990444,2.462948,-125.69155,2.400364,-124.941304,Selenographic,Equatorial
2108,ch2_tmc_ncn_20211202T0423083469_d_img_d18.zip,2021-12-02T04:23:08.346Z,2021-12-02T04:42:49.138Z,2919128000,89.59,View,-76.363421,97.896042,-76.310913,101.314799,-57.856689,-84.77506,-57.836382,-86.154524,Selenographic,Equatorial
2109,ch2_tmc_nca_20211202T0423083437_d_img_d18.zip,2021-12-02T04:23:08.343Z,2021-12-02T04:42:49.135Z,2919128000,89.59,View,59.735097,167.535615,59.727254,169.157542,-30.51715,166.997542,-30.521987,168.03553,Selenographic,Equatorial
2110,ch2_tmc_ncn_20211202T0819366261_d_img_d18.zip,2021-12-02T08:19:36.626Z,2021-12-02T08:39:18.317Z,2921352000,89.91,View,-0.058588,39.526516,-0.062111,40.08559,30.182449,39.702441,30.178137,40.382374,Selenographic,Equatorial
2111,ch2_tmc_ncf_20211202T0224533047_d_img_d18.zip,2021-12-02T02:24:53.304Z,2021-12-02T02:44:25.375Z,2897568000,89.22,View,-57.096939,143.44115,-57.083478,144.914334,-82.974197,141.848987,-82.947903,148.089219,Polar stereographic,South
2112,ch2_tmc_ncn_20211202T0224533047_d_img_d18.zip,2021-12-02T02:24:53.304Z,2021-12-02T02:44:25.410Z,2897656000,89.22,View,59.339146,-155.403602,59.252212,-157.2697,29.322599,-155.746764,29.240056,-156.888067,Selenographic,Equatorial
2113,ch2_tmc_nca_20211124T2040294688_d_img_d18.zip,2021-11-24T20:40:29.468Z,2021-11-24T20:51:03.443Z,1567304000,108.57,View,-62.480633,90.22054,-62.504212,91.716653,27.524273,92.599967,27.512408,93.362868,Selenographic,Equatorial
2114,ch2_tmc_ncf_20211124T2040294655_d_img_d18.zip,2021-11-24T20:40:29.465Z,2021-11-24T20:51:03.443Z,1567312000,108.57,View,43.057607,92.517452,43.048493,93.571315,66.746677,92.657282,66.727954,94.763426,Selenographic,Equatorial
2115,ch2_tmc_ncn_20211124T2040294655_d_img_d18.zip,2021-11-24T20:40:29.465Z,2021-11-24T20:51:03.440Z,1567304000,108.57,View,46.459583,107.582038,46.451241,108.691579,70.570964,107.579683,70.553428,110.016883,Selenographic,Equatorial
2116,ch2_tmc_nca_20211124T0256351843_d_img_d18.zip,2021-11-24T02:56:35.184Z,2021-11-24T03:07:11.844Z,1572064000,108.78,View,44.743631,171.67304,44.751358,172.600346,68.808469,170.46377,68.823337,172.400232,Selenographic,Equatorial
2117,ch2_tmc_nca_20211124T2238419458_d_img_d18.zip,2021-11-24T22:38:41.945Z,2021-11-24T22:49:15.790Z,1566984000,108.36,View,-73.532514,-110.331838,-73.498967,-107.759962,-60.402262,67.779407,-60.386308,66.422323,Polar stereographic,South
2118,ch2_tmc_ncf_20211124T2238419425_d_img_d18.zip,2021-11-24T22:38:41.942Z,2021-11-24T22:49:15.794Z,1567000000,108.36,View,33.056342,108.205218,33.019502,109.112847,-56.961181,107.799708,-57.008534,109.197687,Selenographic,Equatorial
2119,ch2_tmc_ncn_20211124T2238419425_d_img_d18.zip,2021-11-24T22:38:41.942Z,2021-11-24T22:49:15.794Z,1567000000,108.36,View,-57.139547,147.536935,-57.132105,149.006701,-82.432914,145.762028,-82.423974,151.564542,Polar stereographic,South
2120,ch2_tmc_ncf_20211124T0256351875_d_img_d18.zip,2021-11-24T02:56:35.187Z,2021-11-24T03:07:11.844Z,1572056000,108.78,View,-62.997928,-35.538544,-63.003387,-33.68021,-31.758266,-35.201393,-31.763832,-34.256295,Selenographic,Equatorial
2121,ch2_tmc_ncn_20211124T0256351843_d_img_d18.zip,2021-11-24T02:56:35.184Z,2021-11-24T03:07:11.811Z,1572056000,108.78,View,-87.591163,-52.24516,-87.849005,-66.544925,-58.267623,94.218008,-58.285823,95.370577,Polar stereographic,South
2122,ch2_tmc_ncn_20211120T1809355499_d_img_d18.zip,2021-11-20T18:09:35.549Z,2021-11-20T18:20:03.382Z,1552120000,100.42,View,-27.56655,18.449406,-27.531656,17.638011,2.804747,18.36941,2.83812,17.65964,Selenographic,Equatorial
2123,ch2_tmc_ncf_20211120T1809355499_d_img_d32.zip,2021-11-20T18:09:35.549Z,2021-11-20T18:20:03.386Z,1552128000,100.42,View,-31.35584,58.16679,-31.375624,58.988251,28.546104,59.044822,28.525857,59.878424,Selenographic,Equatorial
2124,ch2_tmc_ncf_20211120T2206013994_d_img_d18.zip,2021-11-20T22:06:01.399Z,2021-11-20T22:16:29.109Z,1551816000,101.07,View,-59.854593,-61.568321,-59.833521,-63.002605,-15.032934,-61.148648,-15.022231,-61.807253,Selenographic,Equatorial
2125,ch2_tmc_nca_20211120T1809355531_d_img_d18.zip,2021-11-20T18:09:35.553Z,2021-11-20T18:20:03.386Z,1552120000,100.42,View,29.514362,21.381119,29.511653,20.410632,-2.478734,21.263177,-2.481327,20.388675,Selenographic,Equatorial
2126,ch2_tmc_ncf_20211120T2206013994_d_img_d32.zip,2021-11-20T22:06:01.399Z,2021-11-20T22:16:29.109Z,1551816000,101.07,View,-36.879825,-57.732469,-36.830295,-56.864118,-82.500554,-82.140556,-82.816602,-77.261491,Polar stereographic,South
2127,ch2_tmc_nca_20211120T1809355531_d_img_d32.zip,2021-11-20T18:09:35.553Z,2021-11-20T18:20:03.386Z,1552120000,100.42,View,-60.240477,166.558578,-60.232919,165.254077,-0.435326,165.921455,-0.425716,165.328706,Selenographic,Equatorial
2128,ch2_tmc_ncn_20211120T2206013994_d_img_d18.zip,2021-11-20T22:06:01.399Z,2021-11-20T22:16:29.106Z,1551808000,101.07,View,-27.305652,-177.248115,-27.321023,-178.231478,-59.217888,-176.849853,-59.235388,-178.499419,Selenographic,Equatorial
2129,ch2_tmc_ncn_20211120T2206013994_d_img_d32.zip,2021-11-20T22:06:01.399Z,2021-11-20T22:16:29.106Z,1551808000,101.07,View,9.704092,71.539172,9.714381,72.271219,-27.733996,71.847123,-27.722718,72.666816,Selenographic,Equatorial
2130,ch2_tmc_ncn_20211120T1809355499_d_img_d32.zip,2021-11-20T18:09:35.549Z,2021-11-20T18:20:03.382Z,1552120000,100.42,View,-72.84896,83.439607,-72.805958,86.177809,-61.157027,-98.994337,-61.13521,-100.484362,Selenographic,Equatorial
2131,ch2_tmc_nca_20211120T2206014026_d_img_d18.zip,2021-11-20T22:06:01.402Z,2021-11-20T22:16:29.109Z,1551808000,101.07,View,-26.944209,-33.102696,-26.948244,-33.993395,-59.054356,-32.686572,-59.060184,-34.109061,Selenographic,Equatorial
2132,ch2_tmc_ncf_20211120T1809355499_d_img_d18.zip,2021-11-20T18:09:35.549Z,2021-11-20T18:20:03.386Z,1552128000,100.42,View,64.018093,-153.834485,64.021918,-151.908275,31.918394,-153.173172,31.918617,-152.12141,Selenographic,Equatorial
2133,ch2_tmc_nca_20211120T2206014026_d_img_d32.zip,2021-11-20T22:06:01.402Z,2021-11-20T22:16:29.109Z,1551808000,101.07,View,0.034964,154.141139,0.03458,154.696852,29.440043,154.058647,29.43992,154.768227,Selenographic,Equatorial
2134,ch2_tmc_nca_20211218T2023333076_d_img_d32.zip,2021-12-18T20:23:33.307Z,2021-12-18T20:27:10.451Z,536824000,84.67,View,1.422291,-87.449011,1.411951,-86.891043,31.163747,-86.898086,31.151623,-86.259718,Selenographic,Equatorial
2135,ch2_tmc_ncf_20211218T2023333076_d_img_d32.zip,2021-12-18T20:23:33.307Z,2021-12-18T20:27:10.448Z,536816000,84.67,View,-0.495825,154.333889,-0.4985,155.210476,-30.50862,153.985001,-30.512093,155.036027,Selenographic,Equatorial
2136,ch2_tmc_ncn_20211218T2023333108_d_img_d32.zip,2021-12-18T20:23:33.310Z,2021-12-18T20:27:10.451Z,536816000,84.67,View,-72.40975,129.75428,-72.390276,132.211442,-78.656,-50.816537,-78.63065,-54.336203,Polar stereographic,South
2137,ch2_tmc_ncf_20211204T0142034923_d_img_d18.zip,2021-12-04T01:42:03.492Z,2021-12-04T02:00:08.128Z,2682512000,92.02,View,-26.985595,156.098855,-26.988571,155.146283,-58.951207,156.325877,-58.95357,154.675772,Selenographic,Equatorial
2138,ch2_tmc_ncn_20211204T0736344357_d_img_d18.zip,2021-12-04T07:36:34.435Z,2021-12-04T07:56:20.216Z,2931464000,94.36,View,61.636274,-81.602919,61.652617,-80.028104,-28.211294,-80.009866,-28.204049,-79.211401,Selenographic,Equatorial
2139,ch2_tmc_ncf_20211204T0538265223_d_img_d18.zip,2021-12-04T05:38:26.522Z,2021-12-04T05:58:10.937Z,2929248000,93.81,View,46.455593,64.091917,46.454651,65.15749,70.270035,63.850672,70.262332,66.275694,Selenographic,Equatorial
2140,ch2_tmc_ncf_20211204T0934449891_d_img_d18.zip,2021-12-04T09:34:44.989Z,2021-12-04T09:54:32.905Z,2936744000,94.87,View,43.31083,-143.434078,43.313539,-142.502842,67.210209,-144.138118,67.214679,-142.28683,Selenographic,Equatorial
2141,ch2_tmc_nca_20211204T0736344325_d_img_d18.zip,2021-12-04T07:36:34.432Z,2021-12-04T07:56:20.220Z,2931480000,94.36,View,63.209893,-3.889663,63.21992,-2.139144,31.074224,-3.272382,31.081142,-2.32527,Selenographic,Equatorial
2142,ch2_tmc_nca_20211204T0142035248_d_img_d18.zip,2021-12-04T01:42:03.524Z,2021-12-04T02:00:08.102Z,2682440000,92.02,View,46.495976,118.192914,46.494052,119.294034,70.506472,117.903557,70.498841,120.307139,Selenographic,Equatorial
2143,ch2_tmc_nca_20211204T0934449924_d_img_d18.zip,2021-12-04T09:34:44.992Z,2021-12-04T09:54:32.905Z,2936736000,94.87,View,-2.510878,-179.389854,-2.471366,-178.774817,29.297905,-179.869071,29.320389,-179.102839,Selenographic,Equatorial
2144,ch2_tmc_ncf_20211204T0736344325_d_img_d18.zip,2021-12-04T07:36:34.432Z,2021-12-04T07:56:20.220Z,2931480000,94.36,View,-0.179875,164.994193,-0.17477,165.528576,29.253825,164.949292,29.258829,165.622007,Selenographic,Equatorial
2145,ch2_tmc_ncn_20211204T0142034923_d_img_d18.zip,2021-12-04T01:42:03.492Z,2021-12-04T02:00:08.138Z,2682536000,92.02,View,1.186589,-161.472473,1.187045,-162.270962,-28.643064,-161.696141,-28.646308,-162.569305,Selenographic,Equatorial
2146,ch2_tmc_ncn_20211204T0934449891_d_img_d18.zip,2021-12-04T09:34:44.989Z,2021-12-04T09:54:32.902Z,2936736000,94.87,View,-57.639401,-171.475908,-57.637226,-170.083333,-82.663734,-173.173866,-82.65681,-167.734973,Polar stereographic,South
2147,ch2_tmc_ncn_20211204T0340136253_d_img_d18.zip,2021-12-04T03:40:13.625Z,2021-12-04T03:58:12.284Z,2668032000,92.62,View,-40.608193,-144.552869,-40.599339,-145.727772,-60.350809,-144.517623,-60.339231,-146.168408,Selenographic,Equatorial
2148,ch2_tmc_nca_20211204T0340135940_d_img_d18.zip,2021-12-04T03:40:13.594Z,2021-12-04T03:58:12.259Z,2667976000,92.62,View,-27.082741,89.275166,-27.099941,88.293182,-59.105341,90.822532,-59.13539,89.170864,Selenographic,Equatorial
2149,ch2_tmc_ncf_20211204T0340135940_d_img_d18.zip,2021-12-04T03:40:13.594Z,2021-12-04T03:58:12.262Z,2667984000,92.62,View,1.621182,149.735926,1.633688,150.292235,31.426028,149.652882,31.447752,150.34979,Selenographic,Equatorial
2150,ch2_tmc_nca_20211204T0538264898_d_img_d18.zip,2021-12-04T05:38:26.489Z,2021-12-04T05:58:10.940Z,2929264000,93.81,View,-30.828562,49.574865,-30.843926,48.52307,-62.691421,50.911964,-62.717733,49.028275,Selenographic,Equatorial
2151,ch2_tmc_ncn_20211204T0538264898_d_img_d18.zip,2021-12-04T05:38:26.489Z,2021-12-04T05:58:10.940Z,2929264000,93.81,View,2.808065,176.698271,2.946372,175.829528,-26.410245,173.226906,-26.556529,172.272667,Selenographic,Equatorial
2152,ch2_tmc_ncn_20211203T0401526494_d_img_d18.zip,2021-12-03T04:01:52.649Z,2021-12-03T04:21:33.317Z,2918824000,88.8,View,43.30296,118.209524,43.30246,119.249249,67.108978,117.977919,67.104245,120.036352,Selenographic,Equatorial
2153,ch2_tmc_ncf_20211203T0401526526_d_img_d18.zip,2021-12-03T04:01:52.652Z,2021-12-03T04:21:33.314Z,2918808000,88.8,View,62.962115,49.553055,62.997463,47.647539,49.951613,49.92593,49.999502,48.531596,Selenographic,Equatorial
2154,ch2_tmc_ncn_20211203T0600056387_d_img_d18.zip,2021-12-03T06:00:05.638Z,2021-12-03T06:19:45.281Z,2916288000,88.8,View,-61.424795,143.839164,-61.424532,145.156083,13.588706,143.890922,13.588555,144.560744,Selenographic,Equatorial
2155,ch2_tmc_ncf_20211203T0203395810_d_img_d18.zip,2021-12-03T02:03:39.581Z,2021-12-03T02:23:19.346Z,2916592000,88.83,View,-59.574388,102.612513,-59.588048,104.04635,29.707213,104.470397,29.70323,105.273731,Selenographic,Equatorial
2156,ch2_tmc_ncn_20211203T0005275287_d_img_d18.zip,2021-12-03T00:05:27.528Z,2021-12-03T00:24:01.318Z,2753488000,88.54,View,43.261686,-106.458341,43.265306,-105.502693,67.013135,-106.232686,67.009681,-104.355762,Selenographic,Equatorial
2157,ch2_tmc_nca_20211203T0600056419_d_img_d18.zip,2021-12-03T06:00:05.641Z,2021-12-03T06:19:45.281Z,2916280000,88.8,View,63.859082,-24.095776,63.846047,-26.1335,48.647149,-24.344223,48.635334,-25.735334,Selenographic,Equatorial
2158,ch2_tmc_nca_20211203T0401526494_d_img_d18.zip,2021-12-03T04:01:52.649Z,2021-12-03T04:21:33.317Z,2918824000,88.8,View,62.776781,-16.828438,62.766776,-14.980569,33.813354,-16.860469,33.807283,-15.822459,Selenographic,Equatorial
2159,ch2_tmc_nca_20211203T0203395777_d_img_d18.zip,2021-12-03T02:03:39.577Z,2021-12-03T02:23:19.349Z,2916608000,88.83,View,-61.415023,-78.312462,-61.435147,-76.863362,-30.274793,-77.025743,-30.285242,-76.259208,Selenographic,Equatorial
2160,ch2_tmc_ncf_20211203T0600056387_d_img_d18.zip,2021-12-03T06:00:05.638Z,2021-12-03T06:19:45.284Z,2916296000,88.8,View,30.484428,70.123487,30.471288,69.072966,10.428255,70.239369,10.416413,69.307818,Selenographic,Equatorial
2161,ch2_tmc_ncn_20211203T0203395777_d_img_d18.zip,2021-12-03T02:03:39.577Z,2021-12-03T02:23:19.349Z,2916608000,88.83,View,46.178148,-75.135329,46.169563,-74.050065,70.415559,-74.956254,70.396439,-72.649369,Selenographic,Equatorial
2162,ch2_tmc_nca_20211203T0005275287_d_img_d18.zip,2021-12-03T00:05:27.528Z,2021-12-03T00:24:01.324Z,2753504000,88.54,View,63.372117,98.852165,63.393971,97.048049,31.464098,100.324465,31.526049,99.295388,Selenographic,Equatorial
2163,ch2_tmc_ncf_20211203T0005275318_d_img_d18.zip,2021-12-03T00:05:27.531Z,2021-12-03T00:24:01.305Z,2753448000,88.54,View,-0.002602,172.226547,-0.001285,172.83332,59.172046,171.626905,59.173936,172.864801,Selenographic,Equatorial
2164,ch2_tmc_nca_20211227T2042098566_d_img_d18.zip,2021-12-27T20:42:09.856Z,2021-12-27T21:01:24.925Z,2855536000,75.9,View,-30.601336,75.552285,-30.586519,74.768857,-0.43797,76.094931,-0.425412,75.422299,Selenographic,Equatorial
2165,ch2_tmc_ncf_20211227T2042098599_d_img_d18.zip,2021-12-27T20:42:09.859Z,2021-12-27T21:01:24.922Z,2855520000,75.9,View,-75.077181,-108.906574,-75.043456,-106.348859,-58.963167,68.818638,-58.94869,67.638269,Polar stereographic,South
2166,ch2_tmc_ncn_20211227T2042098566_d_img_d18.zip,2021-12-27T20:42:09.856Z,2021-12-27T21:01:24.925Z,2855536000,75.9,View,61.114968,86.546886,61.079844,84.954056,31.313938,87.55207,31.297937,86.603694,Selenographic,Equatorial
2167,ch2_tmc_ncn_20211127T2333085380_d_img_d18.zip,2021-11-27T23:33:08.538Z,2021-11-27T23:43:38.419Z,1557184000,103.16,View,3.22261,-172.62851,3.229058,-173.562896,-26.852157,-172.880122,-26.845509,-173.875574,Selenographic,Equatorial
2168,ch2_tmc_ncn_20211127T0350412830_d_img_d18.zip,2021-11-27T03:50:41.283Z,2021-11-27T04:01:13.831Z,1561928000,103.28,View,-87.41566,-82.72356,-87.645407,-97.846604,-60.282791,68.266205,-60.301369,69.61882,Polar stereographic,South
2169,ch2_tmc_ncf_20211127T2134538820_d_img_d18.zip,2021-11-27T21:34:53.882Z,2021-11-27T21:45:23.763Z,1557184000,103.21,View,-76.075167,-126.111163,-76.046494,-123.137884,-58.113724,52.782096,-58.102734,51.563796,Selenographic,Equatorial
2170,ch2_tmc_ncf_20211127T2333085380_d_img_d18.zip,2021-11-27T23:33:08.538Z,2021-11-27T23:43:38.419Z,1557184000,103.16,View,34.9933,-81.040825,17.573409,-81.432772,14.860143,-85.031897,17.011011,-66.991485,Selenographic,Equatorial
2171,ch2_tmc_ncn_20211127T2134538852_d_img_d18.zip,2021-11-27T21:34:53.885Z,2021-11-27T21:45:23.766Z,1557184000,103.21,View,-0.06696,155.209359,-0.08182,155.759245,29.368297,155.132903,29.352304,155.834754,Selenographic,Equatorial
2172,ch2_tmc_nca_20211127T2134538820_d_img_d18.zip,2021-11-27T21:34:53.882Z,2021-11-27T21:45:23.766Z,1557192000,103.21,View,-0.116238,-87.568346,-0.154441,-86.95212,30.006787,-86.956489,29.969629,-86.259995,Selenographic,Equatorial
2173,ch2_tmc_ncn_20211127T0152288033_d_img_d18.zip,2021-11-27T01:52:28.803Z,2021-11-27T02:02:58.687Z,1557192000,103.32,View,-55.659557,67.180613,-55.617061,68.764346,-81.088025,69.419574,-80.992029,74.831964,Polar stereographic,South
2174,ch2_tmc_nca_20211127T2333085411_d_img_d18.zip,2021-11-27T23:33:08.541Z,2021-11-27T23:43:38.422Z,1557184000,103.16,View,-10.356902,151.002415,-10.35795,151.907374,-60.423962,149.996588,-60.42863,151.855379,Selenographic,Equatorial
2175,ch2_tmc_nca_20211127T0350412830_d_img_d18.zip,2021-11-27T03:50:41.283Z,2021-11-27T04:01:13.864Z,1561936000,103.28,View,-74.398295,45.804371,-74.377539,48.542357,-59.7493,-134.532597,-59.740872,-135.792931,Selenographic,Equatorial
2176,ch2_tmc_ncf_20211127T0350412862_d_img_d18.zip,2021-11-27T03:50:41.286Z,2021-11-27T04:01:13.864Z,1561928000,103.28,View,75.54082,3.53555,75.528604,0.324049,60.0975,3.13905,60.090432,1.453653,Selenographic,Equatorial
2177,ch2_tmc_ncf_20211127T0152288033_d_img_d18.zip,2021-11-27T01:52:28.803Z,2021-11-27T02:02:58.687Z,1557192000,103.32,View,59.816927,-111.198951,59.845458,-109.566042,27.517271,-109.692751,27.533384,-108.715468,Selenographic,Equatorial
2178,ch2_tmc_nca_20211127T0152288065_d_img_d18.zip,2021-11-27T01:52:28.806Z,2021-11-27T02:02:58.684Z,1557176000,103.32,View,46.284812,171.580929,46.292868,172.640549,70.445867,170.166256,70.462783,172.492686,Selenographic,Equatorial
2179,ch2_tmc_nca_20211128T2312056387_d_img_d18.zip,2021-11-28T23:12:05.638Z,2021-11-28T23:22:35.516Z,1557176000,101.16,View,-61.4581,177.556102,-61.462232,176.281195,-1.537559,176.843198,-1.541284,176.302127,Selenographic,Equatorial
2180,ch2_tmc_nca_20211128T0329374478_d_img_d18.zip,2021-11-28T03:29:37.447Z,2021-11-28T03:40:08.351Z,1559712000,103.02,View,1.292658,-80.990408,1.285886,-80.417002,30.993534,-80.483827,30.985022,-79.828544,Selenographic,Equatorial
2181,ch2_tmc_nca_20211128T0131236746_d_img_d18.zip,2021-11-28T01:31:23.674Z,2021-11-28T01:41:52.929Z,1557136000,103.1,View,20.42435,108.346035,20.469223,107.319615,-4.404965,108.510974,-4.364972,107.548702,Selenographic,Equatorial
2182,ch2_tmc_ncn_20211128T0131236422_d_img_d18.zip,2021-11-28T01:31:23.642Z,2021-11-28T01:41:52.932Z,1557152000,103.1,View,1.493425,169.031342,1.52604,168.262958,-28.552146,168.827468,-28.5198,167.960706,Selenographic,Equatorial
2183,ch2_tmc_ncf_20211128T2312056355_d_img_d18.zip,2021-11-28T23:12:05.635Z,2021-11-28T23:22:35.513Z,1557176000,101.16,View,-12.57771,91.09641,-12.58601,91.768673,57.358936,92.118859,57.338073,93.468926,Selenographic,Equatorial
2184,ch2_tmc_ncn_20211128T2113511892_d_img_d18.zip,2021-11-28T21:13:51.189Z,2021-11-28T21:24:03.303Z,1513136000,101.62,View,44.714483,89.330192,44.706873,90.297569,68.679407,89.535706,68.662378,91.581986,Selenographic,Equatorial
2185,ch2_tmc_ncf_20211128T0527522293_d_img_d18.zip,2021-11-28T05:27:52.229Z,2021-11-28T05:38:23.262Z,1560032000,102.93,View,63.034481,102.336964,62.960082,100.467601,33.111087,102.155087,33.032634,101.101182,Selenographic,Equatorial
2186,ch2_tmc_ncf_20211128T0131236422_d_img_d18.zip,2021-11-28T01:31:23.642Z,2021-11-28T01:41:52.929Z,1557144000,103.1,View,61.223134,34.586782,61.226717,33.016949,16.271558,33.933585,16.274125,33.072917,Selenographic,Equatorial
2187,ch2_tmc_ncf_20211128T2113511860_d_img_d18.zip,2021-11-28T21:13:51.186Z,2021-11-28T21:24:03.377Z,1513328000,101.62,View,61.471678,166.518762,61.466996,168.062173,-28.49588,166.022998,-28.497332,166.943822,Selenographic,Equatorial
2188,ch2_tmc_nca_20211128T0527522260_d_img_d18.zip,2021-11-28T05:27:52.226Z,2021-11-28T05:38:23.259Z,1560032000,102.93,View,33.082128,21.388736,33.077696,20.378783,1.215131,21.254227,1.21066,20.378621,Selenographic,Equatorial
2189,ch2_tmc_ncf_20211128T0329374445_d_img_d18.zip,2021-11-28T03:29:37.444Z,2021-11-28T03:40:08.354Z,1559728000,103.02,View,-62.715961,59.318927,-62.739482,60.725736,-17.569414,60.638975,-17.583459,61.259416,Selenographic,Equatorial
2190,ch2_tmc_ncn_20211128T0527522260_d_img_d18.zip,2021-11-28T05:27:52.226Z,2021-11-28T05:38:23.262Z,1560040000,102.93,View,-86.256132,-63.514834,-86.434415,-73.992854,-59.686064,94.043448,-59.707315,95.375161,Polar stereographic,South
2191,ch2_tmc_ncn_20211128T0329374445_d_img_d18.zip,2021-11-28T03:29:37.444Z,2021-11-28T03:40:08.351Z,1559720000,103.02,View,-31.116948,89.603613,-31.133026,90.302978,-1.143237,90.101321,-1.157384,90.694387,Selenographic,Equatorial
2192,ch2_tmc_nca_20211128T2113511860_d_img_d18.zip,2021-11-28T21:13:51.186Z,2021-11-28T21:24:03.358Z,1513280000,101.62,View,30.408861,110.388411,30.396313,109.393602,1.104771,110.549393,1.09342,109.686428,Selenographic,Equatorial
2193,ch2_tmc_ncn_20211128T2312056355_d_img_d18.zip,2021-11-28T23:12:05.635Z,2021-11-28T23:22:35.516Z,1557184000,101.16,View,-74.479099,98.8239,-74.437907,101.536533,-59.572602,-83.802337,-59.553821,-85.109434,Selenographic,Equatorial
2194,ch2_tmc_ncf_20211122T2123225722_d_img_d18.zip,2021-11-22T21:23:22.572Z,2021-11-22T21:33:53.349Z,1559400000,102.9,View,59.50534,161.95996,59.524877,163.319178,29.089095,162.32501,29.107742,163.146755,Selenographic,Equatorial
2195,ch2_tmc_ncn_20211122T2123225689_d_img_d18.zip,2021-11-22T21:23:22.568Z,2021-11-22T21:33:53.346Z,1559400000,102.9,View,46.420853,105.431914,46.409119,106.55124,70.263865,105.445626,70.242148,107.869787,Selenographic,Equatorial
2196,ch2_tmc_ncn_20211122T1528437615_d_img_d18.zip,2021-11-22T15:28:43.761Z,2021-11-22T15:39:12.490Z,1554336000,102.24,View,0.085809,-179.507139,0.123585,-178.891442,32.1256,-179.817757,32.147407,-179.02722,Selenographic,Equatorial
2197,ch2_tmc_ncn_20211122T1925079214_d_img_d18.zip,2021-11-22T19:25:07.921Z,2021-11-22T19:35:38.698Z,1559400000,102.64,View,-63.129066,-102.504322,-63.101271,-104.028715,-2.951722,-101.29471,-2.942796,-101.859814,Selenographic,Equatorial
2198,ch2_tmc_ncf_20211122T1528437647_d_img_d18.zip,2021-11-22T15:28:43.764Z,2021-11-22T15:39:12.490Z,1554328000,102.24,View,46.437795,107.593345,46.442027,108.702277,70.573461,107.583909,70.568734,110.022157,Selenographic,Equatorial
2199,ch2_tmc_ncn_20211122T2321361843_d_img_d18.zip,2021-11-22T23:21:36.184Z,2021-11-22T23:32:07.910Z,1559720000,103.19,View,-59.388306,-171.582701,-59.386359,-169.957657,-84.292266,-174.169432,-84.283016,-166.420581,Polar stereographic,South
2200,ch2_tmc_ncf_20211122T1726562077_d_img_d18.zip,2021-11-22T17:26:56.207Z,2021-11-22T17:37:27.240Z,1560032000,102.41,,58.836352,93.421531,58.842488,94.855524,4.42036,94.722376,4.415421,95.532999,Selenographic,Equatorial
2201,ch2_tmc_nca_20211122T1528437615_d_img_d18.zip,2021-11-22T15:28:43.761Z,2021-11-22T15:39:12.487Z,1554328000,102.24,View,-26.923615,115.152129,-26.939321,114.221248,-58.90403,116.421423,-58.929401,114.859359,Selenographic,Equatorial
2202,ch2_tmc_ncf_20211122T1925079181_d_img_d18.zip,2021-11-22T19:25:07.918Z,2021-11-22T19:35:38.695Z,1559400000,102.64,View,-62.660607,179.885824,-62.663455,178.454477,-2.572824,179.119191,-2.574337,178.538073,Selenographic,Equatorial
2203,ch2_tmc_ncn_20211122T1726562077_d_img_d18.zip,2021-11-22T17:26:56.207Z,2021-11-22T17:37:27.244Z,1560040000,102.41,View,-55.489406,161.712553,-55.488104,163.255874,-81.553384,159.725296,-81.551308,165.339833,Polar stereographic,South
2204,ch2_tmc_nca_20211122T2321361810_d_img_d18.zip,2021-11-22T23:21:36.181Z,2021-11-22T23:32:07.878Z,1559720000,103.19,View,-26.662371,-163.702955,-26.662646,-162.663734,-41.699558,-163.84619,-41.699648,-162.64518,Selenographic,Equatorial
2205,ch2_tmc_nca_20211122T1726562110_d_img_d18.zip,2021-11-22T17:26:56.211Z,2021-11-22T17:37:27.244Z,1560032000,102.41,View,-28.778193,102.218411,-28.789358,101.338797,-60.737848,103.732,-60.761555,102.192369,Selenographic,Equatorial
2206,ch2_tmc_nca_20211122T1925079181_d_img_d18.zip,2021-11-22T19:25:07.918Z,2021-11-22T19:35:38.695Z,1559400000,102.64,View,-30.923673,-176.18885,-30.935748,-177.189349,-62.725493,-175.599412,-62.744186,-177.407197,Selenographic,Equatorial
2207,ch2_tmc_ncf_20211122T2321361810_d_img_d18.zip,2021-11-22T23:21:36.181Z,2021-11-22T23:32:07.910Z,1559728000,103.19,View,0.121376,125.234117,0.115232,125.897789,30.087798,125.488864,30.079372,126.281318,Selenographic,Equatorial
2208,ch2_tmc_nca_20211122T2123225689_d_img_d18.zip,2021-11-22T21:23:22.568Z,2021-11-22T21:33:53.349Z,1559408000,102.9,View,61.222898,102.223748,61.217496,100.636245,31.231193,102.104259,31.224423,101.174463,Selenographic,Equatorial
2209,ch2_tmc_ncf_20211212T1425396116_d_img_d32.zip,2021-12-12T14:25:39.611Z,2021-12-12T14:54:46.550Z,4318728000,98.24,View,1.021477,-165.50834,1.022026,-164.942605,30.555675,-165.641886,30.556185,-164.941041,Selenographic,Equatorial
2210,ch2_tmc_nca_20211212T1425396148_d_img_d32.zip,2021-12-12T14:25:39.614Z,2021-12-12T14:54:46.553Z,4318736000,98.24,View,61.320318,94.960711,61.340613,96.353091,-28.528834,96.797288,-28.515655,97.598062,Selenographic,Equatorial
2211,ch2_tmc_ncn_20211212T1425396116_d_img_d32.zip,2021-12-12T14:25:39.611Z,2021-12-12T14:54:46.553Z,4318736000,98.24,View,-28.969367,-5.962927,-28.973489,-6.831879,-60.891113,-5.52143,-60.897026,-6.987509,Selenographic,Equatorial
2212,ch2_tmc_ncn_20211206T0653329749_d_img_d18.zip,2021-12-06T06:53:32.974Z,2021-12-06T07:12:48.624Z,2855584000,98.51,View,-26.912319,-177.977389,-26.826592,-178.979673,-56.919423,-178.499078,-56.825123,179.928535,Selenographic,Equatorial
2213,ch2_tmc_ncf_20211206T0653329749_d_img_d18.zip,2021-12-06T06:53:32.974Z,2021-12-06T07:12:48.560Z,2855568000,98.51,View,-1.238251,-51.811662,-1.246261,-51.156682,29.098551,-51.60502,29.089512,-50.870182,Selenographic,Equatorial
2214,ch2_tmc_ncn_20211206T0851459180_d_img_d18.zip,2021-12-06T08:51:45.918Z,2021-12-06T09:11:34.776Z,2939072000,99.05,View,46.389261,120.288245,46.386421,121.393838,70.542571,119.897319,70.535338,122.31844,Selenographic,Equatorial
2215,ch2_tmc_ncf_20211206T0851459148_d_img_d18.zip,2021-12-06T08:51:45.914Z,2021-12-06T09:11:34.773Z,2939072000,99.05,View,-59.673342,106.577556,-59.65138,105.121109,30.356577,107.83934,30.367923,106.982256,Selenographic,Equatorial
2216,ch2_tmc_nca_20211206T0653329782_d_img_d18.zip,2021-12-06T06:53:32.978Z,2021-12-06T07:12:48.657Z,2855584000,98.51,View,44.680143,-174.077783,44.688808,-173.164088,68.860785,-175.418598,68.877895,-173.510634,Selenographic,Equatorial
2217,ch2_tmc_ncf_20211206T1049572452_d_img_d18.zip,2021-12-06T10:49:57.245Z,2021-12-06T11:09:47.126Z,2941600000,99.39,View,-76.190426,-11.281313,-76.193372,-8.158641,-63.149148,171.283467,-63.151485,169.801352,Selenographic,Equatorial
2218,ch2_tmc_ncn_20211206T1049572420_d_img_d18.zip,2021-12-06T10:49:57.242Z,2021-12-06T11:09:47.126Z,2941608000,99.39,View,-32.734204,-89.6976,-32.771767,-90.465688,27.091491,-89.606578,27.041809,-90.277479,Selenographic,Equatorial
2219,ch2_tmc_nca_20211206T0851459148_d_img_d18.zip,2021-12-06T08:51:45.914Z,2021-12-06T09:11:34.776Z,2939080000,99.05,View,61.66704,-80.504136,61.685252,-78.933239,-28.219261,-78.876973,-28.209174,-78.079414,Selenographic,Equatorial
2220,ch2_tmc_nca_20211206T1049572420_d_img_d18.zip,2021-12-06T10:49:57.242Z,2021-12-06T11:09:47.123Z,2941600000,99.39,View,-72.850344,126.41162,-72.829856,129.083463,-61.035478,-53.711405,-61.025466,-55.231916,Selenographic,Equatorial
2221,ch2_tmc_ncn_20211126T0213381275_d_img_d18.zip,2021-11-26T02:13:38.127Z,2021-11-26T02:24:07.882Z,1556872000,105.02,View,-63.01911,-114.202208,-62.935586,-115.698459,-3.534654,-112.987931,-3.480086,-113.521278,Selenographic,Equatorial
2222,ch2_tmc_nca_20211126T0015243721_d_img_d18.zip,2021-11-26T00:15:24.372Z,2021-11-26T00:25:57.191Z,1564448000,105.19,View,-26.302718,47.422817,-26.291835,46.620694,3.858418,47.74101,3.868524,47.01681,Selenographic,Equatorial
2223,ch2_tmc_nca_20211126T1957445563_d_img_d18.zip,2021-11-26T19:57:44.556Z,2021-11-26T20:08:05.270Z,1535760000,103.66,View,-0.481177,-163.311511,-0.453913,-162.817004,29.007359,-163.454133,29.037984,-162.852253,Selenographic,Equatorial
2224,ch2_tmc_nca_20211126T0411516262_d_img_d18.zip,2021-11-26T04:11:51.626Z,2021-11-26T04:22:23.426Z,1561928000,104.81,View,-55.672184,78.548503,-55.643317,80.087449,-85.888462,86.336065,-85.685202,97.177617,Polar stereographic,South
2225,ch2_tmc_ncn_20211126T1957445563_d_img_d18.zip,2021-11-26T19:57:44.556Z,2021-11-26T20:08:05.270Z,1535760000,103.66,View,63.104232,83.804448,63.130823,85.497128,-26.698457,85.869057,-26.682921,86.775041,Selenographic,Equatorial
2226,ch2_tmc_nca_20211126T0213381242_d_img_d18.zip,2021-11-26T02:13:38.124Z,2021-11-26T02:24:07.882Z,1556880000,105.02,View,-1.264338,123.950249,-1.270465,124.52258,30.725401,124.219435,30.716966,124.944852,Selenographic,Equatorial
2227,ch2_tmc_ncf_20211126T2156013416_d_img_d18.zip,2021-11-26T21:56:01.341Z,2021-11-26T22:06:30.786Z,1556864000,103.47,View,-88.651676,-114.285416,-88.219562,-138.601867,-58.622558,-94.550727,-58.602068,-95.939765,Polar stereographic,South
2228,ch2_tmc_ncf_20211126T0411516295_d_img_d18.zip,2021-11-26T04:11:51.629Z,2021-11-26T04:22:23.429Z,1561928000,104.81,View,29.578749,-112.617112,29.571411,-113.728426,-10.265247,-112.468742,-10.272171,-113.416566,Selenographic,Equatorial
2229,ch2_tmc_ncf_20211126T1957445888_d_img_d18.zip,2021-11-26T19:57:44.588Z,2021-11-26T20:08:05.273Z,1535760000,103.66,View,-61.204592,-35.410801,-61.203614,-33.827236,-30.064103,-35.15849,-30.063454,-34.318499,Selenographic,Equatorial
2230,ch2_tmc_ncf_20211126T0213381242_d_img_d18.zip,2021-11-26T02:13:38.124Z,2021-11-26T02:24:07.879Z,1556872000,105.02,View,-49.199677,119.303547,-49.76141,84.312695,-60.503939,125.935353,-61.237716,78.543338,Selenographic,Equatorial
2231,ch2_tmc_ncn_20211126T0015243689_d_img_d18.zip,2021-11-26T00:15:24.368Z,2021-11-26T00:25:57.194Z,1564464000,105.19,View,0.440069,-8.687315,0.440676,-8.109056,29.995386,-8.703101,29.995578,-8.038731,Selenographic,Equatorial
2232,ch2_tmc_ncn_20211126T2156013741_d_img_d18.zip,2021-11-26T21:56:01.374Z,2021-11-26T22:06:30.789Z,1556864000,103.47,View,-28.891048,147.383765,-28.894432,146.514073,-60.821897,147.822462,-60.827235,146.249514,Selenographic,Equatorial
2233,ch2_tmc_nca_20211126T2156013416_d_img_d18.zip,2021-11-26T21:56:01.341Z,2021-11-26T22:06:30.789Z,1556872000,103.47,View,61.873684,72.327588,61.846722,70.757488,29.779752,73.339396,29.764437,72.400896,Selenographic,Equatorial
2234,ch2_tmc_ncn_20211126T0411516262_d_img_d18.zip,2021-11-26T04:11:51.626Z,2021-11-26T04:22:23.429Z,1561936000,104.81,View,-63.116631,-26.631193,-63.113203,-24.767618,-52.230804,-26.488002,-52.228338,-25.132013,Selenographic,Equatorial
2235,ch2_tmc_ncf_20211126T0015243689_d_img_d18.zip,2021-11-26T00:15:24.368Z,2021-11-26T00:25:57.194Z,1564464000,105.19,View,-59.167998,122.882483,-59.192111,124.569231,-85.680649,128.187088,-85.524382,138.927061,Polar stereographic,South
2236,ch2_tmc_nca_20211207T0631474638_d_img_d18.zip,2021-12-07T06:31:47.463Z,2021-12-07T06:51:42.598Z,2954584000,104.17,View,-73.185321,-0.284276,-73.19155,2.343179,-60.752244,-177.619622,-60.756365,-178.998459,Selenographic,Equatorial
2237,ch2_tmc_nca_20211207T1226233878_d_img_d18.zip,2021-12-07T12:26:23.387Z,2021-12-07T12:46:19.545Z,2957112000,105.48,View,-29.460551,84.275205,-29.445332,83.394601,-24.589735,84.388544,-24.572413,83.546882,Selenographic,Equatorial
2238,ch2_tmc_ncf_20211207T0433369046_d_img_d18.zip,2021-12-07T04:33:36.904Z,2021-12-07T04:51:59.416Z,2725608000,102.92,View,-62.907402,176.513723,-62.908768,175.036418,-2.765579,175.77314,-2.767491,175.175164,Selenographic,Equatorial
2239,ch2_tmc_ncn_20211207T1028118001_d_img_d18.zip,2021-12-07T10:28:11.800Z,2021-12-07T10:48:07.821Z,2956776000,105.13,View,-51.332027,-117.988044,-50.874662,-118.728307,-1.400468,-88.629993,-1.450471,-89.16767,Selenographic,Equatorial
2240,ch2_tmc_ncn_20211207T1226233878_d_img_d18.zip,2021-12-07T12:26:23.387Z,2021-12-07T12:46:19.545Z,2957112000,105.48,View,59.489664,9.63228,59.48067,11.224262,30.098291,9.457841,30.095299,10.431457,Selenographic,Equatorial
2241,ch2_tmc_ncn_20211207T0433369077_d_img_d18.zip,2021-12-07T04:33:36.907Z,2021-12-07T04:51:59.390Z,2725536000,102.92,View,-76.17019,-123.815928,-76.140482,-120.841012,-58.041689,54.949681,-58.030365,53.741766,Selenographic,Equatorial
2242,ch2_tmc_ncf_20211207T0631474670_d_img_d18.zip,2021-12-07T06:31:47.467Z,2021-12-07T06:51:42.598Z,2954576000,104.17,View,-26.647917,36.482304,-26.659568,35.488139,-58.636595,37.14296,-58.652178,35.500677,Selenographic,Equatorial
2243,ch2_tmc_nca_20211207T0433369046_d_img_d18.zip,2021-12-07T04:33:36.904Z,2021-12-07T04:51:59.397Z,2725560000,102.92,View,44.788887,159.470247,44.798371,160.444203,68.644456,158.118872,68.662729,160.135452,Selenographic,Equatorial
2244,ch2_tmc_nca_20211207T0830011023_d_img_d18.zip,2021-12-07T08:30:01.102Z,2021-12-07T08:49:56.233Z,2954576000,104.69,View,-73.495529,-96.774626,-73.454325,-94.200123,-60.415397,80.501225,-60.394739,79.099081,Polar stereographic,South
2245,ch2_tmc_ncn_20211207T0830011056_d_img_d18.zip,2021-12-07T08:30:01.105Z,2021-12-07T08:49:56.237Z,2954576000,104.69,View,-61.430088,-141.717917,-61.431227,-143.035067,-1.437479,-141.863185,-1.440043,-142.366505,Selenographic,Equatorial
2246,ch2_tmc_ncf_20211207T1226233911_d_img_d18.zip,2021-12-07T12:26:23.391Z,2021-12-07T12:46:19.541Z,2957096000,105.48,View,43.22242,78.445197,43.21431,79.476768,67.086507,78.557671,67.069118,80.663904,Selenographic,Equatorial
2247,ch2_tmc_ncn_20211207T0631474638_d_img_d18.zip,2021-12-07T06:31:47.463Z,2021-12-07T06:51:42.595Z,2954576000,104.17,View,71.696252,-11.16129,71.686102,-13.559979,56.563165,-11.361969,56.55685,-12.783879,Selenographic,Equatorial
2248,ch2_tmc_nca_20211207T1028117969_d_img_d18.zip,2021-12-07T10:28:11.796Z,2021-12-07T10:48:07.824Z,2956792000,105.13,View,11.618983,-67.336839,11.628251,-66.603857,-38.273006,-67.022062,-38.262299,-66.148947,Selenographic,Equatorial
2249,ch2_tmc_ncf_20211207T0830011023_d_img_d18.zip,2021-12-07T08:30:01.102Z,2021-12-07T08:49:56.233Z,2954576000,104.69,View,-29.715531,89.596826,-29.73024,90.363486,0.246882,90.085292,0.234234,90.744656,Selenographic,Equatorial
2250,ch2_tmc_ncf_20211207T1028117969_d_img_d18.zip,2021-12-07T10:28:11.796Z,2021-12-07T10:48:07.824Z,2956792000,105.13,View,-28.777986,159.30744,-28.781213,158.425374,-60.726831,159.603705,-60.73066,158.028452,Selenographic,Equatorial
2251,ch2_tmc_nca_20211205T0516434612_d_img_d18.zip,2021-12-05T05:16:43.461Z,2021-12-05T05:34:30.483Z,2637872000,96.57,View,1.747437,108.778781,1.787579,108.168266,31.483382,109.395367,31.530994,108.652896,Selenographic,Equatorial
2252,ch2_tmc_ncn_20211205T1111233228_d_img_d18.zip,2021-12-05T11:11:23.322Z,2021-12-05T11:31:13.207Z,2941608000,97.56,View,-0.172897,-165.479972,-0.172634,-164.970036,29.281231,-165.60284,29.281448,-164.97928,Selenographic,Equatorial
2253,ch2_tmc_ncf_20211205T1111233261_d_img_d18.zip,2021-12-05T11:11:23.326Z,2021-12-05T11:31:13.204Z,2941592000,97.56,View,-0.75656,-127.080737,-0.749303,-126.529881,7.577493,-126.97999,7.585883,-126.432397,Selenographic,Equatorial
2254,ch2_tmc_nca_20211205T0318324479_d_img_d18.zip,2021-12-05T03:18:32.447Z,2021-12-05T03:36:20.379Z,2640120000,96.52,View,-0.300234,-139.670929,-0.304959,-139.178691,29.117173,-139.488201,29.111728,-138.90488,Selenographic,Equatorial
2255,ch2_tmc_ncn_20211205T0318324479_d_img_d18.zip,2021-12-05T03:18:32.447Z,2021-12-05T03:36:20.389Z,2640144000,96.52,View,32.259879,152.412773,32.261336,151.362564,-27.711539,151.887353,-27.71119,150.86256,Selenographic,Equatorial
2256,ch2_tmc_ncn_20211205T0516434580_d_img_d18.zip,2021-12-05T05:16:43.458Z,2021-12-05T05:34:30.474Z,2637856000,96.57,View,-60.068277,176.40193,-60.063796,175.055684,-0.253842,175.776261,-0.250675,175.179905,Selenographic,Equatorial
2257,ch2_tmc_nca_20211205T0913104607_d_img_d18.zip,2021-12-05T09:13:10.460Z,2021-12-05T09:32:59.319Z,2939072000,97.44,View,-30.803088,12.345254,-30.803069,11.684445,-0.594459,12.245196,-0.594534,11.702697,Selenographic,Equatorial
2258,ch2_tmc_nca_20211205T0714574703_d_img_d18.zip,2021-12-05T07:14:57.470Z,2021-12-05T07:34:46.403Z,2939256000,97.36,View,61.292886,-161.880835,61.302996,-163.420016,21.337224,-162.949695,21.342098,-163.773522,Selenographic,Equatorial
2259,ch2_tmc_ncf_20211205T0714574736_d_img_d18.zip,2021-12-05T07:14:57.473Z,2021-12-05T07:34:46.393Z,2939224000,97.36,View,46.323706,93.620854,46.310864,94.735728,70.339065,93.791657,70.313203,96.260565,Selenographic,Equatorial
2260,ch2_tmc_ncn_20211205T0714574703_d_img_d18.zip,2021-12-05T07:14:57.470Z,2021-12-05T07:34:46.390Z,2939224000,97.36,View,-74.607786,139.362708,-74.604076,142.138511,-59.403129,-39.034072,-59.402885,-40.394379,Selenographic,Equatorial
2261,ch2_tmc_ncf_20211205T0516434580_d_img_d18.zip,2021-12-05T05:16:43.458Z,2021-12-05T05:34:30.477Z,2637864000,96.57,View,46.204027,-106.435063,46.210255,-105.427645,70.103885,-106.069444,70.098357,-103.911919,Selenographic,Equatorial
2262,ch2_tmc_ncf_20211205T0318324511_d_img_d18.zip,2021-12-05T03:18:32.451Z,2021-12-05T03:36:20.357Z,2640056000,96.52,View,-28.980317,143.046245,-28.987732,142.188641,-60.939316,143.51777,-60.947936,141.968325,Selenographic,Equatorial
2263,ch2_tmc_ncf_20211205T0913104607_d_img_d18.zip,2021-12-05T09:13:10.460Z,2021-12-05T09:32:59.322Z,2939080000,97.44,View,62.831609,-15.765377,62.822042,-13.916265,39.499257,-15.761866,39.49258,-14.64461,Selenographic,Equatorial
2264,ch2_tmc_nca_20211205T1111233228_d_img_d18.zip,2021-12-05T11:11:23.322Z,2021-12-05T11:31:13.207Z,2941608000,97.56,View,0.605025,-146.186312,0.602233,-145.702496,30.290281,-146.095571,30.287168,-145.546927,Selenographic,Equatorial
2265,ch2_tmc_ncn_20211205T0913104639_d_img_d18.zip,2021-12-05T09:13:10.463Z,2021-12-05T09:32:59.322Z,2939072000,97.44,View,61.194128,49.568581,61.165666,47.957677,48.118707,49.920787,48.098134,48.715346,Selenographic,Equatorial
2266,ch2_tmc_ncf_20211209T0733478683_d_img_d32.zip,2021-12-09T07:33:47.868Z,2021-12-09T07:46:26.178Z,1874672000,96.67,View,-34.722184,-147.284602,-34.71784,-146.202115,-63.406053,-147.393633,-63.398477,-145.606051,Selenographic,Equatorial
2267,ch2_tmc_ncf_20211209T0934543355_d_img_d32.zip,2021-12-09T09:34:54.335Z,2021-12-09T09:59:19.678Z,3622576000,99.69,View,7.661623,-42.033284,7.65948,-41.378864,17.34978,-42.020305,17.346647,-41.350495,Selenographic,Equatorial
2268,ch2_tmc_ncf_20211209T1331203140_d_img_d32.zip,2021-12-09T13:31:20.314Z,2021-12-09T13:55:45.653Z,3622568000,99.15,View,-72.879841,123.458255,-72.855118,126.125972,-61.133748,-57.140246,-61.121336,-58.656798,Selenographic,Equatorial
2269,ch2_tmc_nca_20211209T0734007153_d_img_d32.zip,2021-12-09T07:34:00.715Z,2021-12-09T07:46:26.178Z,1842920000,96.67,View,-76.675977,-111.153837,-76.636617,-108.015012,-57.594297,66.785376,-57.579568,65.547585,Polar stereographic,South
2270,ch2_tmc_ncn_20211209T0733478715_d_img_d32.zip,2021-12-09T07:33:47.871Z,2021-12-09T07:46:26.178Z,1874664000,96.67,View,46.179028,-160.074471,46.20375,-159.067613,70.050933,-161.617646,70.086252,-159.457234,Selenographic,Equatorial
2271,ch2_tmc_nca_20211209T0934543387_d_img_d32.zip,2021-12-09T09:34:54.338Z,2021-12-09T09:59:19.668Z,3622544000,99.69,View,62.413799,-59.001045,62.436449,-57.46248,30.23957,-57.664983,30.252375,-56.824754,Selenographic,Equatorial
2272,ch2_tmc_nca_20211209T0733478715_d_img_d32.zip,2021-12-09T07:33:47.871Z,2021-12-09T07:46:26.178Z,1874672000,96.67,View,-16.647479,6.426714,-16.647234,7.391691,-33.87616,6.317861,-33.876813,7.381483,Selenographic,Equatorial
2273,ch2_tmc_ncn_20211209T0734007153_d_img_d32.zip,2021-12-09T07:34:00.715Z,2021-12-09T07:46:26.178Z,1842912000,96.67,View,-30.567742,-178.0024,-30.624323,-179.044566,-60.436558,-178.590338,-60.476084,179.656941,Selenographic,Equatorial
2274,ch2_tmc_ncf_20211209T0734007153_d_img_d32.zip,2021-12-09T07:34:00.715Z,2021-12-09T07:46:26.178Z,1842912000,96.67,View,-59.667048,106.970331,-59.583915,105.525975,30.230956,109.29192,30.29939,108.441709,Selenographic,Equatorial
2275,ch2_tmc_ncn_20211209T0934543355_d_img_d32.zip,2021-12-09T09:34:54.335Z,2021-12-09T09:59:19.678Z,3622576000,99.69,View,-29.876709,58.265494,-29.885773,58.99408,30.059742,59.082445,30.05027,59.844378,Selenographic,Equatorial
2276,ch2_tmc_nca_20211209T1331203172_d_img_d32.zip,2021-12-09T13:31:20.317Z,2021-12-09T13:55:45.656Z,3622568000,99.15,View,64.049728,178.073612,64.026967,179.967694,-25.731765,177.177797,-25.762294,178.159944,Selenographic,Equatorial
2277,ch2_tmc_ncn_20211209T1331203140_d_img_d32.zip,2021-12-09T13:31:20.314Z,2021-12-09T13:55:45.656Z,3622568000,99.15,View,44.804213,117.79336,44.798094,118.757419,89.304713,105.199062,89.109625,160.465944,Polar stereographic,North
2278,ch2_tmc_nca_20211201T2228311069_d_img_d18.zip,2021-12-01T22:28:31.106Z,2021-12-01T22:46:53.790Z,2726032000,88.06,View,18.794201,-4.405278,18.795387,-3.805369,58.712085,-4.844967,58.713688,-3.657272,Selenographic,Equatorial
2279,ch2_tmc_ncf_20211201T2228311101_d_img_d18.zip,2021-12-01T22:28:31.110Z,2021-12-01T22:46:53.800Z,2726048000,88.06,View,-72.973276,-14.298593,-72.975743,-11.783534,-60.880313,167.927397,-60.8836,166.58098,Selenographic,Equatorial
2280,ch2_tmc_ncf_20211201T0047598799_d_img_d18.zip,2021-12-01T00:47:59.879Z,2021-12-01T01:07:25.675Z,2882056000,86.28,View,46.466578,64.086894,46.449312,65.153694,70.274442,63.835892,70.249209,66.262255,Selenographic,Equatorial
2281,ch2_tmc_ncf_20211201T0444261185_d_img_d18.zip,2021-12-01T04:44:26.118Z,2021-12-01T05:04:04.816Z,2913952000,86.13,View,-74.431014,26.903715,-74.434493,29.658297,-59.579263,-150.753717,-59.582071,-152.017142,Selenographic,Equatorial
2282,ch2_tmc_ncn_20211201T0642417494_d_img_d18.zip,2021-12-01T06:42:41.749Z,2021-12-01T07:02:17.292Z,2906152000,86.17,View,-75.088731,-95.336838,-75.048176,-92.784781,-59.005388,81.567605,-58.987287,80.356907,Polar stereographic,South
2283,ch2_tmc_nca_20211201T0444261152_d_img_d18.zip,2021-12-01T04:44:26.115Z,2021-12-01T05:04:04.812Z,2913952000,86.13,View,-0.293936,-119.754617,-0.29998,-119.177336,39.164168,-119.382823,39.156414,-118.67734,Selenographic,Equatorial
2284,ch2_tmc_ncn_20211201T2228311069_d_img_d18.zip,2021-12-01T22:28:31.106Z,2021-12-01T22:46:53.816Z,2726096000,88.06,View,30.398796,133.578991,30.395279,132.642719,-29.568113,133.405692,-29.57203,132.486275,Selenographic,Equatorial
2285,ch2_tmc_ncn_20211201T0047598768_d_img_d18.zip,2021-12-01T00:47:59.876Z,2021-12-01T01:07:25.672Z,2882056000,86.28,View,-33.831184,23.715978,-33.817867,24.386382,-16.383134,23.673046,-16.369998,24.241423,Selenographic,Equatorial
2286,ch2_tmc_nca_20211201T0047598768_d_img_d18.zip,2021-12-01T00:47:59.876Z,2021-12-01T01:07:25.659Z,2882024000,86.28,View,-30.390319,34.369867,-30.397329,33.332671,-62.34889,35.095344,-62.360169,33.241163,Selenographic,Equatorial
2287,ch2_tmc_nca_20211201T0642417462_d_img_d18.zip,2021-12-01T06:42:41.746Z,2021-12-01T07:02:17.292Z,2906160000,86.17,View,-0.223017,168.289733,-0.21879,168.825551,29.172113,168.252082,29.176214,168.921285,Selenographic,Equatorial
2288,ch2_tmc_ncf_20211201T0642417462_d_img_d18.zip,2021-12-01T06:42:41.746Z,2021-12-01T07:02:17.288Z,2906152000,86.17,View,59.603098,-95.504637,59.56157,-97.200281,-30.341671,-94.13257,-30.365538,-95.076421,Selenographic,Equatorial
2289,ch2_tmc_ncn_20211201T0444261152_d_img_d18.zip,2021-12-01T04:44:26.115Z,2021-12-01T05:04:04.816Z,2913960000,86.13,View,1.140622,-176.340503,1.139762,-175.764462,30.651352,-176.395609,30.650032,-175.676311,Selenographic,Equatorial
2290,ch2_tmc_nca_20211121T2342507769_d_img_d18.zip,2021-11-21T23:42:50.776Z,2021-11-21T23:53:20.788Z,1559408000,102.05,View,43.109618,91.440879,43.108744,92.491371,67.07191,91.577374,67.061627,93.707445,Selenographic,Equatorial
2291,ch2_tmc_ncf_20211121T1549558091_d_img_d18.zip,2021-11-21T15:49:55.809Z,2021-11-21T16:00:21.587Z,1547040000,102.05,View,-55.549805,134.554602,-55.563607,136.096407,-81.556581,133.501667,-81.572667,139.136882,Polar stereographic,South
2292,ch2_tmc_nca_20211121T0004106813_d_img_d18.zip,2021-11-21T00:04:10.681Z,2021-11-21T00:14:41.585Z,1559712000,101.35,View,62.445256,-165.178745,62.44747,-163.626508,30.250545,-164.862538,30.251681,-163.970835,Selenographic,Equatorial
2293,ch2_tmc_ncn_20211121T1549558059_d_img_d18.zip,2021-11-21T15:49:55.805Z,2021-11-21T16:00:27.701Z,1547080000,102.05,View,-16.087684,169.41386,-16.76061,169.362904,-8.165512,-117.689237,-7.55201,-117.771623,Selenographic,Equatorial
2294,ch2_tmc_ncn_20211121T1946258708_d_img_d18.zip,2021-11-21T19:46:25.870Z,2021-11-21T19:56:52.684Z,1549600000,102.05,View,62.796291,146.2119,62.771626,144.564446,12.986677,145.461352,12.954202,144.632287,Selenographic,Equatorial
2295,ch2_tmc_nca_20211121T2144373284_d_img_d18.zip,2021-11-21T21:44:37.328Z,2021-11-21T21:55:07.799Z,1556864000,102.05,View,63.210655,-142.904889,63.286535,-145.124034,33.694296,-141.320236,33.742294,-142.569547,Selenographic,Equatorial
2296,ch2_tmc_nca_20211121T1946258708_d_img_d18.zip,2021-11-21T19:46:25.870Z,2021-11-21T19:56:52.680Z,1549592000,102.05,View,61.318453,-171.626237,61.340902,-173.185567,31.369725,-172.91333,31.380103,-173.82409,Selenographic,Equatorial
2297,ch2_tmc_ncn_20211121T1748095592_d_img_d18.zip,2021-11-21T17:48:09.559Z,2021-11-21T17:58:39.310Z,1556864000,102.05,View,-55.825966,-173.75736,-55.821309,-172.232004,-85.7916,-178.163975,-85.784561,-167.400613,Polar stereographic,South
2298,ch2_tmc_ncf_20211121T0004106781_d_img_d18.zip,2021-11-21T00:04:10.678Z,2021-11-21T00:14:41.581Z,1559712000,101.35,View,-30.684831,-126.699929,-30.700202,-127.743528,-60.229139,-126.150605,-60.246752,-127.734743,Selenographic,Equatorial
2299,ch2_tmc_ncf_20211121T2144373252_d_img_d18.zip,2021-11-21T21:44:37.325Z,2021-11-21T21:55:07.799Z,1556872000,102.05,View,43.098679,89.268688,43.090254,90.313734,66.927519,89.409615,66.909629,91.518197,Selenographic,Equatorial
2300,ch2_tmc_ncf_20211121T1946258741_d_img_d18.zip,2021-11-21T19:46:25.874Z,2021-11-21T19:56:52.684Z,1549592000,102.05,,46.196071,-120.561334,46.208173,-119.6121,69.978577,-120.550175,69.98584,-118.518967,Selenographic,Equatorial
2301,ch2_tmc_nca_20211121T1748095560_d_img_d18.zip,2021-11-21T17:48:09.556Z,2021-11-21T17:58:39.307Z,1556864000,102.05,View,63.212548,-46.884585,63.200972,-48.877089,26.404716,-47.478485,26.393092,-48.4907,Selenographic,Equatorial
2302,ch2_tmc_ncf_20211121T2342501102_d_img_d18.zip,2021-11-21T23:42:50.110Z,2021-11-21T23:53:20.785Z,1559392000,102.05,View,-74.666988,43.430729,-74.649315,46.208495,-59.41845,-136.539257,-59.411612,-137.786254,Selenographic,Equatorial
2303,ch2_tmc_nca_20211121T1549558059_d_img_d18.zip,2021-11-21T15:49:55.805Z,2021-11-21T16:00:21.622Z,1547136000,102.05,View,43.189446,171.665885,43.195124,172.667752,67.178768,170.532145,67.190894,172.534669,Selenographic,Equatorial
2304,ch2_tmc_ncn_20211121T2342507769_d_img_d18.zip,2021-11-21T23:42:50.776Z,2021-11-21T23:53:20.788Z,1559408000,102.05,View,61.767752,-79.420915,61.785678,-77.844946,21.824306,-78.249589,21.833624,-77.449032,Selenographic,Equatorial
2305,ch2_tmc_ncn_20211121T0004106781_d_img_d18.zip,2021-11-21T00:04:10.678Z,2021-11-21T00:14:41.585Z,1559720000,101.35,View,44.847434,107.641011,44.841181,108.610352,68.863355,107.698361,68.84958,109.719362,Selenographic,Equatorial
2306,ch2_tmc_ncf_20211121T1748095560_d_img_d18.zip,2021-11-21T17:48:09.556Z,2021-11-21T17:58:39.310Z,1556872000,102.05,View,-25.010188,-105.137137,-25.025769,-105.928356,-56.854876,-103.847256,-56.878708,-105.103487,Selenographic,Equatorial
2307,ch2_tmc_ncn_20211121T2144373252_d_img_d18.zip,2021-11-21T21:44:37.325Z,2021-11-21T21:55:07.768Z,1556864000,102.05,View,-30.740647,143.120669,-30.747795,142.149191,-62.702001,143.696496,-62.711203,141.86995,Selenographic,Equatorial
2308,ch2_tmc_ncn_20211129T0110191237_d_img_d18.zip,2021-11-29T01:10:19.123Z,2021-11-29T01:20:49.916Z,1559712000,100.89,View,43.19602,79.541601,43.189009,80.571277,66.993621,79.671662,66.977193,81.765616,Selenographic,Equatorial
2309,ch2_tmc_nca_20211129T2251026842_d_img_d18.zip,2021-11-29T22:51:02.684Z,2021-11-29T23:01:29.778Z,1551816000,98.45,View,43.164819,159.466789,43.17454,160.518377,66.902939,158.205917,66.921067,160.283946,Selenographic,Equatorial
2310,ch2_tmc_ncf_20211129T2251027167_d_img_d18.zip,2021-11-29T22:51:02.716Z,2021-11-29T23:01:29.778Z,1551808000,98.45,View,62.902706,-2.658685,62.894442,-0.857662,32.966708,-2.622442,32.960625,-1.607848,Selenographic,Equatorial
2311,ch2_tmc_ncf_20211129T0110199115_d_img_d18.zip,2021-11-29T01:10:19.911Z,2021-11-29T01:20:49.913Z,1559712000,100.89,View,1.192469,-178.751418,1.178537,-177.929442,-27.836237,-179.031894,-27.844002,-178.105607,Selenographic,Equatorial
2312,ch2_tmc_ncf_20211129T0308345566_d_img_d18.zip,2021-11-29T03:08:34.556Z,2021-11-29T03:19:05.463Z,1559720000,100.63,View,-28.782879,-126.779221,-28.788521,-127.699706,-58.605124,-126.322913,-58.612969,-127.681187,Selenographic,Equatorial
2313,ch2_tmc_nca_20211129T0308345566_d_img_d18.zip,2021-11-29T03:08:34.556Z,2021-11-29T03:19:05.463Z,1559720000,100.63,View,-29.239214,173.173525,-29.242325,172.291861,-61.144651,173.578611,-61.14867,172.035956,Selenographic,Equatorial
2314,ch2_tmc_ncf_20211129T0506501120_d_img_d18.zip,2021-11-29T05:06:50.112Z,2021-11-29T05:17:19.989Z,1557176000,100.39,View,-59.934685,61.894483,-59.938085,63.195154,-30.092719,63.175661,-30.109377,63.873594,Selenographic,Equatorial
2315,ch2_tmc_ncn_20211129T0308345599_d_img_d18.zip,2021-11-29T03:08:34.559Z,2021-11-29T03:19:05.466Z,1559720000,100.63,View,-29.032272,75.623061,-29.014418,74.767363,1.14394,76.160827,1.159522,75.414403,Selenographic,Equatorial
2316,ch2_tmc_ncn_20211129T2251026842_d_img_d18.zip,2021-11-29T22:51:02.684Z,2021-11-29T23:01:29.775Z,1551808000,98.45,View,-76.058653,46.834494,-76.031475,50.234582,-58.297402,-133.435616,-58.287549,-134.777528,Selenographic,Equatorial
2317,ch2_tmc_nca_20211129T0506501087_d_img_d18.zip,2021-11-29T05:06:50.108Z,2021-11-29T05:17:19.993Z,1557192000,100.39,View,61.252216,51.446947,61.269707,52.825069,31.121461,52.55121,31.13764,53.388352,Selenographic,Equatorial
2318,ch2_tmc_ncn_20211129T0506501087_d_img_d18.zip,2021-11-29T05:06:50.108Z,2021-11-29T05:17:19.993Z,1557192000,100.39,View,-61.65129,-166.756989,-61.64821,-168.062965,-1.632917,-167.6965,-1.625847,-168.237681,Selenographic,Equatorial
2319,ch2_tmc_nca_20211129T0110199115_d_img_d18.zip,2021-11-29T01:10:19.911Z,2021-11-29T01:20:49.916Z,1559720000,100.89,View,-63.013822,-35.540633,-63.01703,-33.673825,-31.740508,-35.200365,-31.744108,-34.251496,Selenographic,Equatorial
2320,ch2_tmc_nca_20220218T2015391451_d_img_d18.zip,2022-02-18T20:15:39.145Z,2022-02-18T20:18:19.142Z,395232000,95.82,View,1.446613,150.887763,1.459722,151.517748,30.978149,150.783455,30.99454,151.600257,Selenographic,Equatorial
2321,ch2_tmc_ncn_20220218T1817436904_d_img_d18.zip,2022-02-18T18:17:43.690Z,2022-02-18T18:20:22.931Z,395216000,96.07,View,-62.615171,35.978761,-62.625048,37.370112,-17.609049,36.575093,-17.615286,37.189191,Selenographic,Equatorial
2322,ch2_tmc_ncf_20220218T1817436904_d_img_d18.zip,2022-02-18T18:17:43.690Z,2022-02-18T18:20:22.935Z,395224000,96.07,View,61.280455,78.268938,61.276276,76.647803,31.331163,78.233898,31.326331,77.273056,Selenographic,Equatorial
2323,ch2_tmc_ncn_20220218T2015391451_d_img_d18.zip,2022-02-18T20:15:39.145Z,2022-02-18T20:18:19.142Z,395232000,95.82,View,46.528075,146.416108,46.526139,147.573089,70.549731,144.845227,70.557975,147.379994,Selenographic,Equatorial
2324,ch2_tmc_ncf_20220218T2015391451_d_img_d18.zip,2022-02-18T20:15:39.145Z,2022-02-18T20:18:19.109Z,395224000,95.82,View,-58.980903,103.804061,-58.953257,105.456992,-88.934962,132.024689,-88.370964,158.097052,Polar stereographic,South
2325,ch2_tmc_nca_20220218T1817436904_d_img_d18.zip,2022-02-18T18:17:43.690Z,2022-02-18T18:20:22.935Z,395224000,96.07,View,61.167644,8.596753,61.159244,10.10601,32.421294,8.41777,32.417742,9.315021,Selenographic,Equatorial
2326,ch2_tmc_ncn_20211224T0204072377_d_img_d32.zip,2021-12-24T02:04:07.237Z,2021-12-24T02:18:38.569Z,2154608000,86.37,View,-30.733804,-2.572612,-30.718883,-3.561367,-62.568346,-2.137981,-62.553853,-3.870431,Selenographic,Equatorial
2327,ch2_tmc_ncf_20211224T1948033997_d_img_d18.zip,2021-12-24T19:48:03.399Z,2021-12-24T19:57:46.844Z,1443272000,88.76,View,43.361872,-116.263453,43.358666,-115.361903,67.185271,-116.156386,67.176447,-114.366803,Selenographic,Equatorial
2328,ch2_tmc_ncf_20211224T2344291576_d_img_d18.zip,2021-12-24T23:44:29.157Z,2021-12-24T23:54:10.910Z,1438200000,88.77,View,-61.427152,-58.203703,-61.415918,-59.569939,-16.451086,-57.889246,-16.44681,-58.491451,Selenographic,Equatorial
2329,ch2_tmc_nca_20211224T2344291544_d_img_d18.zip,2021-12-24T23:44:29.154Z,2021-12-24T23:54:10.913Z,1438216000,88.77,View,-74.489512,100.8737,-74.45007,103.572946,-59.548367,-81.589867,-59.530364,-82.893783,Selenographic,Equatorial
2330,ch2_tmc_nca_20211224T0204072052_d_img_d32.zip,2021-12-24T02:04:07.205Z,2021-12-24T02:18:38.565Z,2154592000,86.37,View,63.574644,-178.763008,63.569501,-176.855938,6.801391,-178.826849,6.800102,-177.918931,Selenographic,Equatorial
2331,ch2_tmc_nca_20211224T1948034322_d_img_d18.zip,2021-12-24T19:48:03.432Z,2021-12-24T19:57:46.841Z,1443256000,88.76,View,-0.542109,-71.557052,-0.537279,-70.730397,-60.315251,-71.035583,-60.30169,-69.549359,Selenographic,Equatorial
2332,ch2_tmc_ncn_20211224T2344291544_d_img_d18.zip,2021-12-24T23:44:29.154Z,2021-12-24T23:54:10.913Z,1438216000,88.77,View,59.512411,60.313287,59.496948,58.689719,30.660366,60.45675,30.649871,59.420201,Selenographic,Equatorial
2333,ch2_tmc_ncn_20211224T1948033997_d_img_d18.zip,2021-12-24T19:48:03.399Z,2021-12-24T19:57:46.844Z,1443272000,88.76,View,-74.482818,124.636935,-74.459911,127.27878,-59.547704,-56.056849,-59.537502,-57.358754,Selenographic,Equatorial
2334,ch2_tmc_ncf_20211224T0204072702_d_img_d32.zip,2021-12-24T02:04:07.270Z,2021-12-24T02:18:38.569Z,2154592000,86.37,View,8.464484,-20.345941,8.467024,-19.719615,15.311219,-20.387231,15.313783,-19.748822,Selenographic,Equatorial
2335,ch2_tmc_ncf_20220513T1305564545_d_img_d18.zip,2022-05-13T13:05:56.454Z,2022-05-13T13:24:07.907Z,2698272000,116.45,View,59.465202,8.526142,59.455897,10.115466,30.645258,8.370704,30.641547,9.347667,Selenographic,Equatorial
2336,ch2_tmc_ncf_20220513T1701142279_d_img_d18.zip,2022-05-13T17:01:14.227Z,2022-05-13T17:20:55.570Z,2920496000,117.51,View,44.723498,156.185765,44.733384,157.165807,68.819342,154.775813,68.838648,156.823082,Selenographic,Equatorial
2337,ch2_tmc_nca_20220513T1305564577_d_img_d18.zip,2022-05-13T13:05:56.457Z,2022-05-13T13:24:07.907Z,2698264000,116.45,View,-72.591691,44.467308,-72.572153,47.201599,-61.207064,-135.472737,-61.198494,-136.936659,Selenographic,Equatorial
2338,ch2_tmc_ncn_20220513T1701142246_d_img_d18.zip,2022-05-13T17:01:14.224Z,2022-05-13T17:20:55.570Z,2920504000,117.51,View,-59.991473,59.50063,-60.01398,60.792256,-15.069718,60.672188,-15.084149,61.28578,Selenographic,Equatorial
2339,ch2_tmc_ncn_20220513T1305564545_d_img_d18.zip,2022-05-13T13:05:56.454Z,2022-05-13T13:24:07.910Z,2698280000,116.45,View,-61.642934,-100.238191,-61.621991,-101.563764,-1.629363,-99.115323,-1.621496,-99.63162,Selenographic,Equatorial
2340,ch2_tmc_nca_20220513T1701142246_d_img_d18.zip,2022-05-13T17:01:14.224Z,2022-05-13T17:20:55.570Z,2920504000,117.51,View,46.422768,117.141496,46.419172,118.241009,70.39499,116.88471,70.385394,119.274875,Selenographic,Equatorial
2341,ch2_tmc_nca_20220511T1757462918_d_img_d18.zip,2022-05-11T17:57:46.291Z,2022-05-11T18:17:34.238Z,2936824000,111.39,View,49.707932,153.565272,49.659894,154.785918,-30.238128,150.971141,-30.329824,152.002559,Selenographic,Equatorial
2342,ch2_tmc_ncf_20220511T1757462886_d_img_d18.zip,2022-05-11T17:57:46.288Z,2022-05-11T18:17:34.235Z,2936824000,111.39,View,33.915736,-112.365988,34.049133,-111.27948,-27.025077,-109.853513,-26.846594,-108.883327,Selenographic,Equatorial
2343,ch2_tmc_ncn_20220511T1757462918_d_img_d18.zip,2022-05-11T17:57:46.291Z,2022-05-11T18:17:34.238Z,2936824000,111.39,View,-46.476319,99.207781,-46.490825,100.216845,-13.147117,99.964479,-13.157234,100.678386,Selenographic,Equatorial
2344,ch2_tmc_ncf_20220529T0100416830_d_img_d18.zip,2022-05-29T01:00:41.683Z,2022-05-29T01:20:46.257Z,2977352000,126.7,View,-59.146265,51.946018,-59.111777,53.57921,-87.714445,57.614714,-87.511253,75.170535,Polar stereographic,South
2345,ch2_tmc_ncf_20220529T0906489752_d_img_d18.zip,2022-05-29T09:06:48.975Z,2022-05-29T09:16:52.104Z,1491048000,126.54,View,-63.090407,-165.472568,-63.101636,-166.990933,-2.931618,-166.621369,-2.935828,-167.219546,Selenographic,Equatorial
2346,ch2_tmc_ncn_20220529T0100416799_d_img_d18.zip,2022-05-29T01:00:41.679Z,2022-05-29T01:20:46.290Z,2977368000,126.7,View,-33.963986,-123.194181,-33.952062,-124.064494,-3.743225,-122.862535,-3.734281,-123.52599,Selenographic,Equatorial
2347,ch2_tmc_nca_20220529T0906489785_d_img_d18.zip,2022-05-29T09:06:48.978Z,2022-05-29T09:16:52.107Z,1491048000,126.54,View,61.209044,141.597333,61.198351,140.132228,31.245081,141.499629,31.241017,140.637271,Selenographic,Equatorial
2348,ch2_tmc_ncn_20220529T0906489752_d_img_d18.zip,2022-05-29T09:06:48.975Z,2022-05-29T09:16:52.107Z,1491056000,126.54,View,46.622817,145.361217,46.63337,146.514636,70.178962,143.865752,70.19977,146.340959,Selenographic,Equatorial
2349,ch2_tmc_nca_20220529T0100416799_d_img_d18.zip,2022-05-29T01:00:41.679Z,2022-05-29T01:20:46.290Z,2977368000,126.7,View,-88.61075,-49.328683,-89.182121,-76.960211,-58.708721,68.30953,-58.728083,69.744239,Polar stereographic,South
2350,ch2_tmc_ncn_20220523T2007316866_d_img_d18.zip,2022-05-23T20:07:31.686Z,2022-05-23T20:27:03.167Z,2896112000,113.56,View,-27.010211,157.167146,-27.007592,156.212508,-58.995535,157.466819,-58.993111,155.814441,Selenographic,Equatorial
2351,ch2_tmc_ncn_20220523T0238375485_d_img_d18.zip,2022-05-23T02:38:37.548Z,2022-05-23T02:48:33.513Z,1473336000,112.64,View,-55.889627,-174.707421,-55.885589,-173.225259,-85.904348,-178.111565,-85.883562,-167.435759,Polar stereographic,South
2352,ch2_tmc_nca_20220523T2007316899_d_img_d18.zip,2022-05-23T20:07:31.689Z,2022-05-23T20:27:03.170Z,2896112000,113.56,View,0.36982,143.387653,0.367155,144.013574,30.033978,143.392859,30.030608,144.163256,Selenographic,Equatorial
2353,ch2_tmc_ncf_20220523T0238375517_d_img_d18.zip,2022-05-23T02:38:37.551Z,2022-05-23T02:48:33.513Z,1473328000,112.64,View,43.332488,-133.526332,43.331297,-132.616408,66.948076,-133.791103,66.944107,-131.994872,Selenographic,Equatorial
2354,ch2_tmc_ncf_20220523T2007316866_d_img_d18.zip,2022-05-23T20:07:31.686Z,2022-05-23T20:27:03.170Z,2896120000,113.56,View,44.687694,92.574639,44.679349,93.550702,68.508138,92.78347,68.490343,94.82748,Selenographic,Equatorial
2355,ch2_tmc_nca_20220523T0238375485_d_img_d18.zip,2022-05-23T02:38:37.548Z,2022-05-23T02:48:33.510Z,1473328000,112.64,View,41.437259,-60.629564,41.427131,-61.819703,38.062652,-60.625435,38.052885,-61.76093,Selenographic,Equatorial
2356,ch2_tmc_nca_20220514T1039552931_d_img_d18.zip,2022-05-14T10:39:55.293Z,2022-05-14T10:58:26.180Z,2746320000,117.62,View,44.84886,103.331954,44.842749,104.313391,68.720581,103.409507,68.706554,105.44973,Selenographic,Equatorial
2357,ch2_tmc_ncn_20220514T1039552899_d_img_d18.zip,2022-05-14T10:39:55.289Z,2022-05-14T10:58:26.180Z,2746328000,117.62,View,46.235912,-77.285819,46.2274,-76.210801,70.324536,-77.079025,70.305494,-74.806397,Selenographic,Equatorial
2358,ch2_tmc_ncf_20220514T1039552931_d_img_d18.zip,2022-05-14T10:39:55.293Z,2022-05-14T10:58:26.180Z,2746320000,117.62,View,-17.144073,-49.61001,-17.163758,-48.821376,-36.723658,-49.56416,-36.743765,-48.619769,Selenographic,Equatorial
2359,ch2_tmc_nca_20220526T0533464128_d_img_d18.zip,2022-05-26T05:33:46.412Z,2022-05-26T05:53:46.665Z,2967240000,122.09,View,-28.963037,146.29387,-28.963988,145.428356,-60.851456,146.694798,-60.852182,145.130366,Selenographic,Equatorial
2360,ch2_tmc_nca_20220526T0149058373_d_img_d18.zip,2022-05-26T01:49:05.837Z,2022-05-26T01:59:01.180Z,1471800000,121.06,View,-29.123567,169.991541,-29.142964,169.100258,-61.058938,170.429062,-61.079851,168.864486,Selenographic,Equatorial
2361,ch2_tmc_ncf_20220526T0344464254_d_img_d18.zip,2022-05-26T03:44:46.425Z,2022-05-26T03:58:06.889Z,1979936000,121.28,View,-89.595313,83.101392,-89.01821,123.761239,-59.702791,-125.217135,-59.691166,-126.501022,Polar stereographic,South
2362,ch2_tmc_ncf_20220526T0149058373_d_img_d18.zip,2022-05-26T01:49:05.837Z,2022-05-26T01:59:01.180Z,1471800000,121.06,View,-72.971986,110.183019,-72.93524,112.850349,-60.928637,-71.731979,-60.909805,-73.222225,Selenographic,Equatorial
2363,ch2_tmc_ncn_20220526T0533464128_d_img_d18.zip,2022-05-26T05:33:46.412Z,2022-05-26T05:53:46.662Z,2967232000,122.09,View,32.067272,163.209825,32.072301,162.132909,-27.938991,162.706238,-27.934648,161.68004,Selenographic,Equatorial
2364,ch2_tmc_nca_20220526T0344467504_d_img_d18.zip,2022-05-26T03:44:46.750Z,2022-05-26T03:58:06.889Z,1979928000,121.28,View,-1.451738,157.380019,-1.446393,157.998475,27.850346,157.271244,27.854525,158.047169,Selenographic,Equatorial
2365,ch2_tmc_ncn_20220526T0344467504_d_img_d18.zip,2022-05-26T03:44:46.750Z,2022-05-26T03:58:06.886Z,1979920000,121.28,View,61.173866,74.71578,61.137703,73.089209,31.187774,75.652907,31.169317,74.686186,Selenographic,Equatorial
2366,ch2_tmc_ncn_20220526T0149058373_d_img_d18.zip,2022-05-26T01:49:05.837Z,2022-05-26T01:59:01.170Z,1471776000,121.06,View,-30.567486,156.132471,-30.572322,155.144926,-62.549853,156.46682,-62.5549,154.617375,Selenographic,Equatorial
2367,ch2_tmc_ncf_20220526T0533464161_d_img_d18.zip,2022-05-26T05:33:46.416Z,2022-05-26T05:53:46.665Z,2967232000,122.09,View,46.420366,76.266498,46.413099,77.351308,70.222762,76.358993,70.204038,78.769445,Selenographic,Equatorial
2368,ch2_tmc_ncf_20220524T1950266485_d_img_d18.zip,2022-05-24T19:50:26.648Z,2022-05-24T20:10:18.908Z,2947480000,117.25,View,1.064159,164.964321,1.07459,165.556606,30.620461,164.90609,30.631609,165.662301,Selenographic,Equatorial
2369,ch2_tmc_ncn_20220524T1950266452_d_img_d18.zip,2022-05-24T19:50:26.645Z,2022-05-24T20:10:18.908Z,2947488000,117.25,View,-27.587092,19.952167,-27.590015,-6.422699,-48.793562,24.549353,-48.772146,-11.254988,Selenographic,Equatorial
2370,ch2_tmc_nca_20220524T1950266452_d_img_d18.zip,2022-05-24T19:50:26.645Z,2022-05-24T20:10:18.911Z,2947496000,117.25,View,-26.836744,-130.392097,-26.869128,-131.33082,-59.009445,-129.28586,-59.048493,-130.794721,Selenographic,Equatorial
2371,ch2_tmc_ncn_20220530T0645454279_d_img_d32.zip,2022-05-30T06:45:45.427Z,2022-05-30T06:55:48.560Z,1491056000,126.24,View,-30.488327,103.382698,-30.514957,102.398872,-62.458906,105.055129,-62.499749,103.267188,Selenographic,Equatorial
2372,ch2_tmc_ncf_20220530T0645454279_d_img_d32.zip,2022-05-30T06:45:45.427Z,2022-05-30T06:55:48.560Z,1491056000,126.24,View,-1.361337,155.176553,-1.369552,155.786565,27.925952,155.096455,27.917786,155.864723,Selenographic,Equatorial
2373,ch2_tmc_nca_20220530T0844444531_d_img_d32.zip,2022-05-30T08:44:44.453Z,2022-05-30T08:58:09.439Z,1990056000,126.06,View,-30.920161,141.109935,-30.910301,140.309115,-0.720479,141.174319,-0.711013,140.47477,Selenographic,Equatorial
2374,ch2_tmc_ncn_20220530T0844444531_d_img_d32.zip,2022-05-30T08:44:44.453Z,2022-05-30T08:58:09.439Z,1990072000,126.06,View,63.215218,-155.38089,63.278328,-157.487041,33.370361,-155.735566,33.446021,-156.91962,Selenographic,Equatorial
2375,ch2_tmc_ncf_20220530T0844444564_d_img_d32.zip,2022-05-30T08:44:44.456Z,2022-05-30T08:58:09.435Z,1990040000,126.06,View,63.371456,-15.990856,63.380867,-14.183665,31.174564,-15.401045,31.181196,-14.441383,Selenographic,Equatorial
2376,ch2_tmc_nca_20220530T0645454311_d_img_d32.zip,2022-05-30T06:45:45.431Z,2022-05-30T06:55:48.557Z,1491040000,126.24,View,59.690732,-91.889618,59.686673,-93.571747,19.749271,-91.483681,19.755196,-92.391384,Selenographic,Equatorial
2377,ch2_tmc_nca_20220605T1529363583_d_img_d32.zip,2022-06-05T15:29:36.358Z,2022-06-05T15:42:53.274Z,1969496000,120.15,View,59.242568,-148.171421,59.247351,-149.897691,-20.588502,-149.262899,-20.586876,-150.16232,Selenographic,Equatorial
2378,ch2_tmc_ncf_20220605T1529363583_d_img_d32.zip,2022-06-05T15:29:36.358Z,2022-06-05T15:42:53.242Z,1969504000,120.15,View,-27.699453,21.662815,-27.699678,20.862528,2.509972,21.586406,2.509442,20.881502,Selenographic,Equatorial
2379,ch2_tmc_ncn_20220605T1529363615_d_img_d32.zip,2022-06-05T15:29:36.361Z,2022-06-05T15:42:53.274Z,1969496000,120.15,View,-6.435338,124.75875,-6.435904,125.661337,-56.339688,124.664827,-56.335248,126.264385,Selenographic,Equatorial
2380,ch2_tmc_ncn_20220525T0356328337_d_img_d18.zip,2022-05-25T03:56:32.833Z,2022-05-25T04:09:49.502Z,1969512000,117.95,View,10.4144,-42.035986,10.41142,-41.37044,20.062584,-42.017946,20.058677,-41.331002,Selenographic,Equatorial
2381,ch2_tmc_ncf_20220525T0545338877_d_img_d18.zip,2022-05-25T05:45:33.887Z,2022-05-25T06:05:31.690Z,2959648000,118.93,View,-84.887769,99.125811,-84.984805,106.367212,-51.393179,109.883741,-51.40553,110.911825,Selenographic,Equatorial
2382,ch2_tmc_ncf_20220525T0356328337_d_img_d18.zip,2022-05-25T03:56:32.833Z,2022-05-25T04:09:49.502Z,1969512000,117.95,View,-0.374369,-150.371851,-0.375867,-149.886679,29.105169,-150.364323,29.103327,-149.790978,Selenographic,Equatorial
2383,ch2_tmc_ncn_20220525T0545338877_d_img_d18.zip,2022-05-25T05:45:33.887Z,2022-05-25T06:05:31.690Z,2959648000,118.93,View,59.512372,-86.907473,59.495647,-88.721774,30.682974,-86.641042,30.672099,-87.740532,Selenographic,Equatorial
2384,ch2_tmc_nca_20220525T0356328368_d_img_d18.zip,2022-05-25T03:56:32.836Z,2022-05-25T04:09:49.499Z,1969496000,117.95,View,-0.502587,-166.553117,-0.507059,-166.039458,28.954987,-166.652382,28.950509,-166.026157,Selenographic,Equatorial
2385,ch2_tmc_nca_20220525T0545338910_d_img_d18.zip,2022-05-25T05:45:33.891Z,2022-05-25T06:05:31.658Z,2959632000,118.93,View,1.467667,156.779989,1.46601,156.01865,-28.56237,156.650883,-28.570638,155.770802,Selenographic,Equatorial
2386,ch2_tmc_nca_20220525T0147316554_d_img_d18.zip,2022-05-25T01:47:31.655Z,2022-05-25T02:07:28.700Z,2959312000,118.37,View,43.287616,64.110949,43.279747,65.117448,67.012111,63.921493,66.99671,66.015856,Selenographic,Equatorial
2387,ch2_tmc_ncn_20220525T0147316586_d_img_d18.zip,2022-05-25T01:47:31.658Z,2022-05-25T02:07:28.703Z,2959312000,118.37,View,63.606233,-127.764915,63.645967,-125.796275,31.517016,-126.182327,31.543127,-125.101358,Selenographic,Equatorial
2388,ch2_tmc_ncf_20220525T0147316554_d_img_d18.zip,2022-05-25T01:47:31.655Z,2022-05-25T02:07:28.703Z,2959320000,118.37,View,43.232428,131.812582,43.234399,132.864694,66.864298,131.016259,66.868846,133.078387,Selenographic,Equatorial
2389,ch2_tmc_ncf_20220520T1737353639_d_img_d18.zip,2022-05-20T17:37:35.363Z,2022-05-20T17:46:09.275Z,1270488000,114.46,View,-55.759081,129.616685,-55.740415,131.048512,-84.014087,130.920886,-83.964422,138.137773,Polar stereographic,South
2390,ch2_tmc_ncn_20220520T2132502339_d_img_d18.zip,2022-05-20T21:32:50.233Z,2022-05-20T21:42:18.351Z,1404496000,114.26,View,-30.428318,115.247527,-30.44551,114.281761,-62.325503,116.733357,-62.35394,114.99054,Selenographic,Equatorial
2391,ch2_tmc_ncf_20220520T2330221047_d_img_d18.zip,2022-05-20T23:30:22.104Z,2022-05-20T23:40:20.210Z,1478632000,114.15,View,-30.41061,-43.548224,-30.40855,-44.346377,-24.777633,-43.545128,-24.77563,-44.290799,Selenographic,Equatorial
2392,ch2_tmc_nca_20220520T2330221015_d_img_d18.zip,2022-05-20T23:30:22.101Z,2022-05-20T23:40:20.207Z,1478632000,114.15,View,60.138266,-31.018226,60.153407,-29.363944,27.962441,-30.511378,27.975393,-29.590396,Selenographic,Equatorial
2393,ch2_tmc_nca_20220520T2132502371_d_img_d18.zip,2022-05-20T21:32:50.237Z,2022-05-20T21:42:18.354Z,1404496000,114.26,View,1.212826,-71.589701,1.221224,-70.845231,-58.757729,-71.00636,-58.743491,-69.727585,Selenographic,Equatorial
2394,ch2_tmc_ncf_20220520T2132502339_d_img_d18.zip,2022-05-20T21:32:50.233Z,2022-05-20T21:42:18.354Z,1404504000,114.26,View,-0.65874,-161.442174,-0.634816,-162.333692,-30.480686,-161.627528,-30.461092,-162.619942,Selenographic,Equatorial
2395,ch2_tmc_nca_20220520T1737353639_d_img_d18.zip,2022-05-20T17:37:35.363Z,2022-05-20T17:46:09.275Z,1270488000,114.46,View,-24.467897,-50.547734,-24.461438,-51.318035,-0.397988,-50.415585,-0.392373,-51.094323,Selenographic,Equatorial
2396,ch2_tmc_ncn_20220520T1737353672_d_img_d18.zip,2022-05-20T17:37:35.367Z,2022-05-20T17:46:09.272Z,1270472000,114.46,View,-40.77401,81.390437,-40.797713,82.392949,43.232554,83.443606,43.211017,84.481551,Selenographic,Equatorial
2397,ch2_tmc_ncn_20220520T2330221047_d_img_d18.zip,2022-05-20T23:30:22.104Z,2022-05-20T23:40:20.210Z,1478632000,114.15,View,-76.614741,-110.014503,-76.574506,-106.874642,-57.571218,67.853818,-57.555998,66.605732,Polar stereographic,South
2398,ch2_tmc_ncf_20220512T1729349291_d_img_d18.zip,2022-05-12T17:29:34.929Z,2022-05-12T17:49:25.960Z,2944448000,113.83,View,42.942561,-64.388805,42.937704,-63.347866,67.051674,-64.425599,67.040969,-62.41504,Selenographic,Equatorial
2399,ch2_tmc_nca_20220512T0938579393_d_img_d18.zip,2022-05-12T09:38:57.939Z,2022-05-12T09:57:24.300Z,2735128000,113,View,-0.433069,171.811205,-0.362965,170.936752,-30.24748,171.734441,-30.182455,170.734856,Selenographic,Equatorial
2400,ch2_tmc_nca_20220512T1334161763_d_img_d18.zip,2022-05-12T13:34:16.176Z,2022-05-12T13:54:06.452Z,2941576000,113.55,,44.842546,66.363185,44.838244,67.298794,68.723162,66.25317,68.712697,68.2829,Selenographic,Equatorial
2401,ch2_tmc_nca_20220512T1729349258_d_img_d18.zip,2022-05-12T17:29:34.925Z,2022-05-12T17:49:25.956Z,2944448000,113.83,View,-31.137787,115.669328,-31.145544,116.412837,58.819522,116.663226,58.805469,117.92183,Selenographic,Equatorial
2402,ch2_tmc_ncn_20220512T1729349258_d_img_d18.zip,2022-05-12T17:29:34.925Z,2022-05-12T17:49:25.960Z,2944456000,113.83,View,-28.704171,103.276806,-28.726832,102.409194,-60.721165,104.774438,-60.755074,103.256848,Selenographic,Equatorial
2403,ch2_tmc_ncn_20220512T0938579360_d_img_d18.zip,2022-05-12T09:38:57.936Z,2022-05-12T09:57:24.300Z,2735136000,113,View,-74.654126,13.464705,-74.664392,16.09315,-59.338501,-163.481947,-59.344473,-164.686582,Selenographic,Equatorial
2404,ch2_tmc_ncn_20220512T1334161730_d_img_d18.zip,2022-05-12T13:34:16.173Z,2022-05-12T13:54:06.419Z,2941576000,113.55,View,3.174844,-54.416716,3.173503,-53.637156,-36.77492,-54.422802,-36.775569,-53.492625,Selenographic,Equatorial
2405,ch2_tmc_ncf_20220512T0938579360_d_img_d18.zip,2022-05-12T09:38:57.936Z,2022-05-12T09:57:24.303Z,2735144000,113,View,11.66538,41.790359,11.66943,42.539951,-33.353176,41.753592,-33.348725,42.64416,Selenographic,Equatorial
2406,ch2_tmc_ncf_20220512T1334161763_d_img_d18.zip,2022-05-12T13:34:16.176Z,2022-05-12T13:54:06.452Z,2941576000,113.55,View,-1.481999,168.258401,-1.478014,168.853131,27.795834,168.220508,27.799594,168.953752,Selenographic,Equatorial
2407,ch2_tmc_nca_20220522T0112423647_d_img_d18.zip,2022-05-22T01:12:42.364Z,2022-05-22T01:22:37.949Z,1473208000,109.39,View,10.930479,70.23388,10.91958,69.311137,4.708254,70.27193,4.696005,69.362126,Selenographic,Equatorial
2408,ch2_tmc_ncf_20220522T1838049714_d_img_d18.zip,2022-05-22T18:38:04.971Z,2022-05-22T18:46:41.592Z,1277184000,112.75,View,-76.010811,-24.518725,-76.017114,-21.623242,-60.824868,158.281892,-60.829447,156.968961,Selenographic,Equatorial
2409,ch2_tmc_ncn_20220522T1838049746_d_img_d18.zip,2022-05-22T18:38:04.974Z,2022-05-22T18:46:41.588Z,1277168000,112.75,View,-1.763723,-167.663078,-1.757165,-167.080699,27.607369,-167.759292,27.61423,-167.058389,Selenographic,Equatorial
2410,ch2_tmc_ncf_20220522T2246395264_d_img_d18.zip,2022-05-22T22:46:39.526Z,2022-05-22T22:56:35.429Z,1473184000,111.17,View,-87.916041,84.311062,-87.640938,103.116774,-61.224304,-107.464669,-61.205418,-108.935083,Polar stereographic,South
2411,ch2_tmc_nca_20220522T1838049714_d_img_d18.zip,2022-05-22T18:38:04.971Z,2022-05-22T18:46:41.582Z,1277160000,112.75,View,32.357946,138.017843,32.336138,136.966036,-27.664194,137.782963,-27.686449,136.773765,Selenographic,Equatorial
2412,ch2_tmc_ncf_20220522T0112423322_d_img_d18.zip,2022-05-22T01:12:42.332Z,2022-05-22T01:22:37.946Z,1473208000,109.39,View,3.303922,-76.770252,3.296265,-77.658587,-26.74101,-76.51035,-26.74897,-77.451509,Selenographic,Equatorial
2413,ch2_tmc_ncn_20220522T0112423322_d_img_d18.zip,2022-05-22T01:12:42.332Z,2022-05-22T01:22:37.949Z,1473216000,109.39,View,-1.779153,-153.578088,-1.776008,-153.033736,27.631457,-153.610447,27.632529,-152.973868,Selenographic,Equatorial
2414,ch2_tmc_nca_20220522T2246395231_d_img_d18.zip,2022-05-22T22:46:39.523Z,2022-05-22T22:56:35.432Z,1473200000,111.17,View,-74.556119,83.784456,-74.513629,86.507913,-59.637684,-99.007301,-59.618719,-100.286174,Selenographic,Equatorial
2415,ch2_tmc_ncn_20220522T2246395264_d_img_d18.zip,2022-05-22T22:46:39.526Z,2022-05-22T22:56:35.432Z,1473192000,111.17,View,23.534068,17.525873,23.530356,-4.000799,2.049293,16.537665,2.05871,-3.168494,Selenographic,Equatorial
2416,ch2_tmc_nca_20220531T0633396673_d_img_d32.zip,2022-05-31T06:33:39.667Z,2022-05-31T06:46:57.359Z,1972032000,122,View,44.845284,146.526546,44.854227,147.535837,68.775266,145.185011,68.792893,147.279996,Selenographic,Equatorial
2417,ch2_tmc_ncf_20220531T0633396705_d_img_d32.zip,2022-05-31T06:33:39.670Z,2022-05-31T06:46:57.362Z,1972040000,122,View,63.554838,-103.280892,63.531585,-105.326434,-26.438884,-102.487582,-26.450054,-103.473339,Selenographic,Equatorial
2418,ch2_tmc_ncn_20220531T0633396673_d_img_d32.zip,2022-05-31T06:33:39.667Z,2022-05-31T06:46:57.359Z,1972032000,122,View,30.368921,97.275818,30.35448,96.277239,-0.090517,97.523842,-0.103599,96.645471,Selenographic,Equatorial
2419,ch2_tmc_ncn_20220531T0832375420_d_img_d32.zip,2022-05-31T08:32:37.542Z,2022-05-31T08:42:37.729Z,1483776000,120.87,View,59.894224,-5.939805,59.895261,-4.364084,27.670799,-5.438442,27.669194,-4.52124,Selenographic,Equatorial
2420,ch2_tmc_ncn_20220531T1031377669_d_img_d32.zip,2022-05-31T10:31:37.766Z,2022-05-31T10:54:59.617Z,3465600000,122.98,View,59.376422,-92.820853,59.438318,-94.522839,29.509265,-92.958733,29.570317,-93.966676,Selenographic,Equatorial
2421,ch2_tmc_ncf_20220531T1031377669_d_img_d32.zip,2022-05-31T10:31:37.766Z,2022-05-31T10:54:59.617Z,3465600000,122.98,View,58.524579,94.534709,58.192529,93.00656,29.205939,99.888887,29.234026,98.857406,Selenographic,Equatorial
2422,ch2_tmc_ncf_20220531T0832375453_d_img_d32.zip,2022-05-31T08:32:37.545Z,2022-05-31T08:42:37.726Z,1483760000,120.87,View,46.355487,91.447785,46.345798,92.561085,70.510003,91.605479,70.488329,94.095408,Selenographic,Equatorial
2423,ch2_tmc_nca_20220531T0832375420_d_img_d32.zip,2022-05-31T08:32:37.542Z,2022-05-31T08:42:37.729Z,1483776000,120.87,View,32.441449,110.419926,32.432239,109.289098,3.104383,110.568094,3.097097,109.606895,Selenographic,Equatorial
2424,ch2_tmc_nca_20220531T1031377702_d_img_d32.zip,2022-05-31T10:31:37.770Z,2022-05-31T10:54:59.613Z,3465576000,122.98,View,1.632026,-96.650085,1.638391,-95.852834,-56.988751,-95.901593,-56.972927,-94.517176,Selenographic,Equatorial
2425,ch2_tmc_ncn_20220510T1430273519_d_img_d18.zip,2022-05-10T14:30:27.351Z,2022-05-10T14:42:26.190Z,1777104000,106.7,View,-74.210246,151.70506,-74.21645,154.426661,-59.827975,-25.596195,-59.832392,-26.985091,Selenographic,Equatorial
2426,ch2_tmc_ncf_20220510T1430273519_d_img_d18.zip,2022-05-10T14:30:27.351Z,2022-05-10T14:42:26.187Z,1777096000,106.7,View,23.339125,-72.540953,23.330587,-73.527227,-35.521168,-72.05937,-35.529959,-73.087028,Selenographic,Equatorial
2427,ch2_tmc_nca_20220510T1430273519_d_img_d18.zip,2022-05-10T14:30:27.351Z,2022-05-10T14:42:26.190Z,1777104000,106.7,View,61.329581,-121.790477,61.316956,-123.426981,-28.612697,-121.619265,-28.619928,-122.441603,Selenographic,Equatorial
2428,ch2_tmc_ncf_20220527T2327019799_d_img_d18.zip,2022-05-27T23:27:01.979Z,2022-05-27T23:40:27.858Z,1992280000,124.16,View,-57.66193,-161.786784,-57.661083,-160.417003,-85.330919,-165.182988,-85.328466,-156.938124,Polar stereographic,South
2429,ch2_tmc_ncf_20220527T0721067206_d_img_d18.zip,2022-05-27T07:21:06.720Z,2022-05-27T07:41:14.137Z,2984952000,126.3,View,19.31397,-13.443998,19.310411,-12.596798,14.844182,-13.468114,14.840711,-12.644049,Selenographic,Equatorial
2430,ch2_tmc_ncn_20220527T2327019799_d_img_d18.zip,2022-05-27T23:27:01.979Z,2022-05-27T23:40:27.861Z,1992288000,124.16,View,-61.137926,20.469945,-61.133435,21.721748,-16.239119,20.424013,-16.236691,20.99227,Selenographic,Equatorial
2431,ch2_tmc_nca_20220527T2327019832_d_img_d18.zip,2022-05-27T23:27:01.983Z,2022-05-27T23:40:27.861Z,1992280000,124.16,View,59.398893,47.813528,59.387425,46.148691,33.73828,47.782893,33.730147,46.700489,Selenographic,Equatorial
2432,ch2_tmc_ncn_20220527T0721067206_d_img_d18.zip,2022-05-27T07:21:06.720Z,2022-05-27T07:41:14.140Z,2984960000,126.3,View,-36.445927,-43.195234,-36.441359,-42.261866,-83.352589,-43.737303,-83.325619,-37.956156,Polar stereographic,South
2433,ch2_tmc_nca_20220527T0721067238_d_img_d18.zip,2022-05-27T07:21:06.723Z,2022-05-27T07:41:14.140Z,2984952000,126.3,View,-27.016476,49.479685,-27.030457,48.466294,-59.047017,50.594938,-59.069715,48.915533,Selenographic,Equatorial
2434,ch2_tmc_ncn_20220607T1718414701_d_img_d32.zip,2022-06-07T17:18:41.470Z,2022-06-07T17:28:31.289Z,1458112000,106.52,View,61.547329,-3.719535,61.554974,-2.228821,29.362782,-3.199349,29.368012,-2.361641,Selenographic,Equatorial
2435,ch2_tmc_ncf_20220607T1718414669_d_img_d32.zip,2022-06-07T17:18:41.466Z,2022-06-07T17:28:31.283Z,1458128000,106.52,View,-88.183891,84.170447,-87.881903,105.154949,-61.268807,-108.505338,-61.250067,-109.977579,Polar stereographic,South
2436,ch2_tmc_nca_20220607T1718414669_d_img_d32.zip,2022-06-07T17:18:41.466Z,2022-06-07T17:28:31.286Z,1458128000,106.52,View,59.443655,-98.610276,59.517456,-100.478115,31.190897,-98.833388,31.264485,-99.985402,Selenographic,Equatorial
2437,ch2_tmc_ncn_20220601T0621413366_d_img_d32.zip,2022-06-01T06:21:41.336Z,2022-06-01T06:31:40.372Z,1480928000,120.75,View,62.80422,51.3123,62.822913,52.928495,32.801722,52.452964,32.821152,53.403717,Selenographic,Equatorial
2438,ch2_tmc_nca_20220601T0621413366_d_img_d32.zip,2022-06-01T06:21:41.336Z,2022-06-01T06:31:40.372Z,1480928000,120.75,View,-26.996383,101.140668,-27.014155,100.182577,-59.014779,102.585438,-59.046003,100.966558,Selenographic,Equatorial
2439,ch2_tmc_ncf_20220601T0621413399_d_img_d32.zip,2022-06-01T06:21:41.339Z,2022-06-01T06:31:40.369Z,1480912000,120.75,View,-75.085399,-94.258863,-75.04494,-91.711478,-59.000202,82.647548,-58.982112,81.436346,Polar stereographic,South
2440,ch2_tmc_ncn_20220602T0809133218_d_img_d32.zip,2022-06-02T08:09:13.321Z,2022-06-02T08:19:08.260Z,1470792000,118.44,View,44.573289,-64.334303,44.568135,-63.370543,68.697284,-64.326951,68.685949,-62.383447,Selenographic,Equatorial
2441,ch2_tmc_ncn_20220602T1207135846_d_img_d32.zip,2022-06-02T12:07:13.584Z,2022-06-02T12:20:28.205Z,1964424000,119.24,View,69.924731,-11.070386,69.91395,-13.513244,54.72064,-11.292448,54.713445,-12.802836,Selenographic,Equatorial
2442,ch2_tmc_ncf_20220602T0809133186_d_img_d32.zip,2022-06-02T08:09:13.318Z,2022-06-02T08:19:08.257Z,1470792000,118.44,View,1.630192,58.764337,1.636975,59.517254,-43.403657,58.953806,-43.394344,60.007739,Selenographic,Equatorial
2443,ch2_tmc_ncf_20220602T1207135878_d_img_d32.zip,2022-06-02T12:07:13.587Z,2022-06-02T12:20:28.202Z,1964424000,119.24,View,0.295254,-107.917997,0.290895,-107.405595,9.995239,-107.763947,9.990806,-107.248645,Selenographic,Equatorial
2444,ch2_tmc_nca_20220602T0809133186_d_img_d32.zip,2022-06-02T08:09:13.318Z,2022-06-02T08:19:08.260Z,1470808000,118.44,View,44.594743,-75.089018,44.587122,-74.140102,68.784607,-74.868596,68.768538,-72.947116,Selenographic,Equatorial
2445,ch2_tmc_nca_20220602T1207135846_d_img_d32.zip,2022-06-02T12:07:13.584Z,2022-06-02T12:20:28.205Z,1964440000,119.24,View,-26.963511,159.337264,-26.964244,158.373796,-58.915247,159.611935,-58.915963,157.954944,Selenographic,Equatorial
2446,ch2_tmc_ncn_20220528T0325063429_d_img_d18.zip,2022-05-28T03:25:06.342Z,2022-05-28T03:38:29.280Z,1985008000,124.3,View,59.394415,-61.662897,59.391974,-63.411847,38.288501,-62.184109,38.305503,-63.34115,Selenographic,Equatorial
2447,ch2_tmc_nca_20220528T0723065214_d_img_d18.zip,2022-05-28T07:23:06.521Z,2022-05-28T07:36:31.377Z,1989752000,124.4,View,46.353209,156.078699,46.364688,157.200304,70.547541,154.426625,70.571058,156.897254,Selenographic,Equatorial
2448,ch2_tmc_ncf_20220528T0524054148_d_img_d18.zip,2022-05-28T05:24:05.414Z,2022-05-28T05:37:31.299Z,1992296000,124.34,View,-26.938793,83.687391,-26.925764,84.574662,-56.92353,84.099109,-56.90326,85.537679,Selenographic,Equatorial
2449,ch2_tmc_ncf_20220528T0723065182_d_img_d18.zip,2022-05-28T07:23:06.518Z,2022-05-28T07:36:31.374Z,1989752000,124.4,View,28.52213,135.841568,28.521728,134.826425,-31.453119,135.605306,-31.45374,134.561462,Selenographic,Equatorial
2450,ch2_tmc_ncn_20220528T0723065182_d_img_d18.zip,2022-05-28T07:23:06.518Z,2022-05-28T07:36:31.377Z,1989760000,124.4,View,64.08194,-59.280881,64.138068,-57.471289,31.910567,-57.729537,31.955422,-56.780303,Selenographic,Equatorial
2451,ch2_tmc_nca_20220528T0524054148_d_img_d18.zip,2022-05-28T05:24:05.414Z,2022-05-28T05:37:31.296Z,1992288000,124.34,View,61.544475,-90.403595,61.521746,-92.135209,1.555495,-89.792721,1.543754,-90.628354,Selenographic,Equatorial
2452,ch2_tmc_ncn_20220528T0524054180_d_img_d18.zip,2022-05-28T05:24:05.418Z,2022-05-28T05:37:31.299Z,1992288000,124.34,View,-74.350206,113.56695,-74.316501,116.167423,-60.939606,-68.470901,-60.923335,-69.814526,Selenographic,Equatorial
2453,ch2_tmc_ncf_20220528T0325063462_d_img_d18.zip,2022-05-28T03:25:06.346Z,2022-05-28T03:38:29.283Z,1985008000,124.3,View,63.131154,21.291099,63.144869,19.376355,19.787852,20.049754,19.795294,19.076918,Selenographic,Equatorial
2454,ch2_tmc_nca_20220528T0325063429_d_img_d18.zip,2022-05-28T03:25:06.342Z,2022-05-28T03:38:29.283Z,1985016000,124.3,View,-70.50908,142.257128,-70.516935,144.605547,-82.768669,141.429011,-82.737802,147.493694,Polar stereographic,South
2455,ch2_tmc_ncf_20220521T2314579971_d_img_d18.zip,2022-05-21T23:14:57.997Z,2022-05-21T23:20:25.324Z,808424000,111.61,View,61.279197,176.356239,61.266508,174.651883,31.372616,176.145281,31.368916,175.1278,Selenographic,Equatorial
2456,ch2_tmc_ncf_20220521T1919498470_d_img_d18.zip,2022-05-21T19:19:49.847Z,2022-05-21T19:28:20.273Z,1261872000,109.88,View,-89.005209,7.588539,-89.529143,-45.046994,-58.420791,123.906484,-58.43156,125.348958,Polar stereographic,South
2457,ch2_tmc_ncf_20220521T2311438263_d_img_d18.zip,2022-05-21T23:11:43.826Z,2022-05-21T23:15:08.433Z,505832000,113.34,View,61.227631,46.703406,61.217538,45.116278,36.424807,46.671565,36.417828,45.666345,Selenographic,Equatorial
2458,ch2_tmc_ncn_20220521T2314579971_d_img_d18.zip,2022-05-21T23:14:57.997Z,2022-05-21T23:20:25.324Z,808424000,111.61,View,31.526746,-112.251797,31.537697,-111.291506,-28.409655,-111.738754,-28.399311,-110.835841,Selenographic,Equatorial
2459,ch2_tmc_nca_20220521T2311438296_d_img_d18.zip,2022-05-21T23:11:43.829Z,2022-05-21T23:15:08.433Z,505824000,113.34,View,-76.163919,26.529085,-76.168684,29.962305,-58.079107,-150.726302,-58.081736,-152.068456,Selenographic,Equatorial
2460,ch2_tmc_nca_20220521T1919498437_d_img_d18.zip,2022-05-21T19:19:49.843Z,2022-05-21T19:28:20.276Z,1261888000,109.88,View,58.566128,92.674402,58.554184,94.057651,68.86953,92.797769,68.851318,94.864636,Selenographic,Equatorial
2461,ch2_tmc_ncn_20220521T1919498437_d_img_d18.zip,2022-05-21T19:19:49.843Z,2022-05-21T19:28:20.276Z,1261888000,109.88,View,-61.26249,36.093092,-61.270743,37.293809,-16.370886,36.609885,-16.376188,37.160344,Selenographic,Equatorial
2462,ch2_tmc_nca_20220521T2314579971_d_img_d18.zip,2022-05-21T23:14:57.997Z,2022-05-21T23:20:25.636Z,808432000,111.61,View,-87.537109,-63.453919,-87.822309,-78.972017,-58.310378,82.278785,-58.331308,83.575677,Polar stereographic,South
2463,ch2_tmc_ncn_20220521T2311438263_d_img_d18.zip,2022-05-21T23:11:43.826Z,2022-05-21T23:15:08.433Z,505832000,113.34,View,-86.050728,-41.69743,-86.148908,-53.40065,-61.610069,123.734745,-61.62257,125.321287,Polar stereographic,South
2464,ch2_tmc_ncf_20211130T0049123763_d_img_d18.zip,2021-11-30T00:49:12.376Z,2021-11-30T00:59:39.570Z,1549272000,98.3,View,46.134797,-133.545469,46.132277,-132.585598,69.942013,-133.871478,69.935943,-131.811112,Selenographic,Equatorial
2465,ch2_tmc_nca_20211130T0049123731_d_img_d18.zip,2021-11-30T00:49:12.373Z,2021-11-30T00:59:39.537Z,1549272000,98.3,View,63.03628,-107.929867,63.019363,-109.77195,-27.062378,-107.269214,-27.070616,-108.171798,Selenographic,Equatorial
2466,ch2_tmc_ncn_20211130T0049123731_d_img_d18.zip,2021-11-30T00:49:12.373Z,2021-11-30T00:59:39.537Z,1549272000,98.3,View,-59.790613,-78.263464,-59.817139,-76.731711,-28.721296,-77.031805,-28.737883,-76.192949,Selenographic,Equatorial
2467,ch2_tmc_ncf_20211225T0142412650_d_img_d18.zip,2021-12-25T01:42:41.265Z,2021-12-25T01:52:24.403Z,1440728000,88.76,View,-0.503519,-94.955908,-0.446071,-95.836984,-30.384769,-94.527041,-30.336692,-95.500938,Selenographic,Equatorial
2468,ch2_tmc_ncn_20211225T0350387289_d_img_d18.zip,2021-12-25T03:50:38.728Z,2021-12-25T03:59:46.449Z,1355688000,83.76,View,-0.423053,-134.33244,-0.451486,-135.186156,-30.400568,-133.855367,-30.396146,-134.782713,Selenographic,Equatorial
2469,ch2_tmc_ncf_20211225T0350387289_d_img_d18.zip,2021-12-25T03:50:38.728Z,2021-12-25T03:59:46.449Z,1355688000,83.76,View,44.923731,116.144982,44.91861,117.10727,68.743791,116.011513,68.733488,117.999319,Selenographic,Equatorial
2470,ch2_tmc_nca_20211225T0142412619_d_img_d18.zip,2021-12-25T01:42:41.261Z,2021-12-25T01:52:24.371Z,1440728000,88.76,View,33.242733,-58.408828,33.235177,-59.498146,11.648849,-58.409674,11.642222,-59.334637,Selenographic,Equatorial
2471,ch2_tmc_nca_20211225T0350387614_d_img_d18.zip,2021-12-25T03:50:38.761Z,2021-12-25T03:59:46.446Z,1355672000,83.76,View,-36.621497,-147.227438,-36.615398,-146.227565,-65.102221,-147.308542,-65.093038,-145.592634,Selenographic,Equatorial
2472,ch2_tmc_ncn_20211225T0142412619_d_img_d18.zip,2021-12-25T01:42:41.261Z,2021-12-25T01:52:24.403Z,1440736000,88.76,View,-28.719861,-84.376124,-28.708257,-83.506029,-55.34987,-83.996427,-55.33203,-82.687511,Selenographic,Equatorial
2473,ch2_tmc_ncf_20220610T1755479977_d_img_d32.zip,2022-06-10T17:55:47.997Z,2022-06-10T18:00:03.921Z,632696000,113.5,View,44.822276,160.571081,44.831553,161.535818,68.580457,159.242754,68.598278,161.234195,Selenographic,Equatorial
2474,ch2_tmc_ncn_20220610T1755479945_d_img_d32.zip,2022-06-10T17:55:47.994Z,2022-06-10T18:00:03.921Z,632704000,113.5,View,32.361878,106.033658,32.346609,104.909453,-2.22539,106.240105,-2.23858,105.285795,Selenographic,Equatorial
2475,ch2_tmc_nca_20220610T1755479977_d_img_d32.zip,2022-06-10T17:55:47.997Z,2022-06-10T18:00:03.918Z,632688000,113.5,View,62.962496,36.743336,62.96231,34.896523,18.245456,36.105272,18.245497,35.138643,Selenographic,Equatorial
2476,ch2_tmc_ncf_20211125T2018594336_d_img_d18.zip,2021-11-25T20:18:59.433Z,2021-11-25T20:29:31.359Z,1562240000,105.59,View,-57.421499,134.837245,-57.422118,136.308941,-83.3425,133.645667,-83.332786,140.124899,Polar stereographic,South
2477,ch2_tmc_nca_20211125T1820458876_d_img_d18.zip,2021-11-25T18:20:45.887Z,2021-11-25T18:31:05.368Z,1531472000,104.66,View,-73.024987,-140.309069,-73.011955,-137.838281,-60.861191,40.059956,-60.855913,38.717983,Selenographic,Equatorial
2478,ch2_tmc_ncf_20211125T2217119054_d_img_d18.zip,2021-11-25T22:17:11.905Z,2021-11-25T22:27:45.757Z,1567000000,105.38,View,59.87631,152.469796,59.876335,154.01677,-30.266515,152.206629,-30.255284,153.24408,Selenographic,Equatorial
2479,ch2_tmc_ncn_20211125T2217119085_d_img_d18.zip,2021-11-25T22:17:11.908Z,2021-11-25T22:27:45.757Z,1566992000,105.38,View,63.181113,80.763406,63.197246,82.461504,-26.760631,82.617003,-26.752285,83.521753,Selenographic,Equatorial
2480,ch2_tmc_ncn_20211125T2018594303_d_img_d18.zip,2021-11-25T20:18:59.430Z,2021-11-25T20:29:31.356Z,1562240000,105.59,View,19.306096,-168.794903,19.232715,-169.80364,-10.633196,-169.095991,-10.700099,-170.050923,Selenographic,Equatorial
2481,ch2_tmc_ncn_20211125T0235056979_d_img_d18.zip,2021-11-25T02:35:05.697Z,2021-11-25T02:45:39.546Z,1566992000,107.91,View,46.414895,129.672581,46.408357,130.785211,70.199439,128.819767,70.193808,131.210154,Selenographic,Equatorial
2482,ch2_tmc_ncf_20211125T0235056979_d_img_d18.zip,2021-11-25T02:35:05.697Z,2021-11-25T02:45:39.549Z,1567000000,107.91,View,-88.579386,-18.422801,-89.156253,-38.490049,-56.844886,94.257019,-56.864038,95.488441,Polar stereographic,South
2483,ch2_tmc_ncn_20211125T1820458845_d_img_d18.zip,2021-11-25T18:20:45.884Z,2021-11-25T18:33:48.707Z,1531528000,104.66,View,-27.216305,15.237466,-27.212939,14.419404,2.965937,15.132282,2.968997,14.418901,Selenographic,Equatorial
2484,ch2_tmc_ncn_20211125T0036544192_d_img_d18.zip,2021-11-25T00:36:54.419Z,2021-11-25T00:47:26.219Z,1561928000,108.15,View,-29.961856,50.610703,-30.004614,51.29761,14.925766,51.16453,14.878254,51.790393,Selenographic,Equatorial
2485,ch2_tmc_nca_20211125T0235057011_d_img_d18.zip,2021-11-25T02:35:05.701Z,2021-11-25T02:45:39.546Z,1566984000,107.91,View,59.751619,94.980643,59.776259,96.452387,-30.180183,96.828754,-30.161714,97.73197,Selenographic,Equatorial
2486,ch2_tmc_nca_20211125T0036544192_d_img_d18.zip,2021-11-25T00:36:54.419Z,2021-11-25T00:47:26.222Z,1561936000,108.15,View,-27.367096,-79.109469,-27.396311,-79.967388,-59.288374,-77.586284,-59.329079,-79.04571,Selenographic,Equatorial
2487,ch2_tmc_nca_20211125T2217119054_d_img_d18.zip,2021-11-25T22:17:11.905Z,2021-11-25T22:27:45.754Z,1566992000,105.38,View,59.335688,35.641841,59.330568,33.990474,14.376931,35.075879,14.36929,34.125191,Selenographic,Equatorial
2488,ch2_tmc_nca_20211125T2018594303_d_img_d18.zip,2021-11-25T20:18:59.430Z,2021-11-25T20:29:31.359Z,1562248000,105.59,View,60.256558,92.609164,60.243529,94.226444,70.616485,92.703978,70.595672,95.201281,Selenographic,Equatorial
2489,ch2_tmc_ncf_20211125T1820458845_d_img_d18.zip,2021-11-25T18:20:45.884Z,2021-11-25T18:31:13.426Z,1531544000,104.66,View,44.820955,104.40953,44.814882,105.390442,68.670275,104.481031,68.656242,106.513663,Selenographic,Equatorial
2490,ch2_tmc_ncf_20211125T0036544225_d_img_d18.zip,2021-11-25T00:36:54.422Z,2021-11-25T00:47:26.222Z,1561928000,108.15,View,-59.280204,134.704438,-59.283692,136.447397,-85.103367,132.265098,-85.093788,142.153617,Polar stereographic,South
2491,ch2_tmc_ncf_20211125T1820459491_d_img_d18.zip,2021-11-25T18:20:45.949Z,2021-11-25T18:31:05.358Z,1531296000,105.92,View,-38.712064,-144.626029,-38.711553,-145.653192,-58.651051,-144.58809,-58.649238,-145.999508,Selenographic,Equatorial
2492,ch2_tmc_nca_20211125T1820459523_d_img_d18.zip,2021-11-25T18:20:45.952Z,2021-11-25T18:31:05.358Z,1531288000,105.92,View,44.669687,-77.241996,44.662342,-76.30151,68.711763,-76.997118,68.696017,-75.101438,Selenographic,Equatorial
2493,ch2_tmc_ncn_20211125T1820459491_d_img_d18.zip,2021-11-25T18:20:45.949Z,2021-11-25T18:31:05.358Z,1531296000,105.92,View,-72.311862,58.796526,-72.282506,61.582543,-61.479247,-122.040631,-61.465182,-123.55632,Selenographic,Equatorial
2494,ch2_tmc_nca_20220609T1007179109_d_img_d32.zip,2022-06-09T10:07:17.910Z,2022-06-09T10:24:30.753Z,2555400000,108.76,View,19.511427,-72.5051,19.494996,-73.466899,-39.056497,-71.94499,-39.073955,-73.023507,Selenographic,Equatorial
2495,ch2_tmc_ncf_20220609T1007179434_d_img_d32.zip,2022-06-09T10:07:17.943Z,2022-06-09T10:24:30.753Z,2555392000,108.76,View,44.734598,172.778591,44.740941,173.707781,68.789579,171.568921,68.802894,173.506905,Selenographic,Equatorial
2496,ch2_tmc_ncn_20220609T1007179109_d_img_d32.zip,2022-06-09T10:07:17.910Z,2022-06-09T10:24:30.753Z,2555400000,108.76,View,-24.827076,16.939328,-24.831737,16.045914,-39.977394,16.963771,-39.981894,15.930867,Selenographic,Equatorial
2497,ch2_tmc_ncf_20220221T1109281684_d_img_d18.zip,2022-02-21T11:09:28.168Z,2022-02-21T11:12:07.882Z,395224000,89.03,View,44.391745,141.148022,44.314127,142.2267,31.832157,141.28652,31.750201,142.22622,Selenographic,Equatorial
2498,ch2_tmc_nca_20220221T1505212283_d_img_d18.zip,2022-02-21T15:05:21.228Z,2022-02-21T15:07:59.175Z,390480000,89.37,View,59.466689,21.092801,59.462601,19.387316,15.851025,20.036323,15.840189,19.083493,Selenographic,Equatorial
2499,ch2_tmc_ncn_20220221T1109281684_d_img_d18.zip,2022-02-21T11:09:28.168Z,2022-02-21T11:12:07.882Z,395224000,89.03,View,21.276883,-48.647248,21.274023,-49.519625,-18.712453,-48.766495,-18.715032,-49.584281,Selenographic,Equatorial
2500,ch2_tmc_nca_20220221T1109281684_d_img_d18.zip,2022-02-21T11:09:28.168Z,2022-02-21T11:12:07.885Z,395232000,89.03,,61.239059,37.611151,61.237778,36.042409,18.170559,37.145286,18.16937,36.279198,Selenographic,Equatorial
2501,ch2_tmc_ncf_20220221T1505212283_d_img_d18.zip,2022-02-21T15:05:21.228Z,2022-02-21T15:07:59.175Z,390480000,89.37,View,2.924973,-126.903874,2.970381,-127.55457,11.063311,-126.848444,11.108092,-127.508743,Selenographic,Equatorial
2502,ch2_tmc_ncn_20220221T1505212283_d_img_d18.zip,2022-02-21T15:05:21.228Z,2022-02-21T15:07:59.175Z,390480000,89.37,View,1.577449,-126.941864,1.586378,-127.528314,9.719619,-126.886854,9.72815,-127.479909,Selenographic,Equatorial
2503,ch2_tmc_nca_20220105T0748153233_d_img_d18.zip,2022-01-05T07:48:15.323Z,2022-01-05T08:07:52.905Z,2911192000,103.45,View,-63.12712,137.204795,-63.093137,135.445287,-3.193659,136.892106,-3.161187,136.120664,Selenographic,Equatorial
2504,ch2_tmc_ncf_20220105T0748153266_d_img_d18.zip,2022-01-05T07:48:15.326Z,2022-01-05T08:07:52.905Z,2911184000,103.45,View,-59.857164,137.21321,-59.852285,135.633702,0.194625,136.771558,0.19956,136.003993,Selenographic,Equatorial
2505,ch2_tmc_ncf_20220105T0349372204_d_img_d18.zip,2022-01-05T03:49:37.220Z,2022-01-05T04:09:14.743Z,2911536000,103.56,View,-59.908112,139.590531,-59.941511,138.04689,0.152967,138.753288,0.120979,137.999991,Selenographic,Equatorial
2506,ch2_tmc_ncn_20220105T0748153233_d_img_d18.zip,2022-01-05T07:48:15.323Z,2022-01-05T08:07:52.902Z,2911184000,103.45,View,-61.464157,137.17068,-61.463995,135.673059,-1.49472,136.706141,-1.495613,136.01339,Selenographic,Equatorial
2507,ch2_tmc_ncn_20220105T0349372204_d_img_d18.zip,2022-01-05T03:49:37.220Z,2022-01-05T04:09:14.746Z,2911544000,103.56,View,-61.513485,139.393442,-61.51441,137.929309,-1.508351,138.86393,-1.509788,138.18354,Selenographic,Equatorial
2508,ch2_tmc_nca_20220105T0349372529_d_img_d18.zip,2022-01-05T03:49:37.252Z,2022-01-05T04:09:14.746Z,2911536000,103.56,View,-63.210852,139.052956,-63.11781,137.343712,-3.189196,139.201812,-3.103329,138.448716,Selenographic,Equatorial
2509,ch2_tmc_ncf_20220105T0548575564_d_img_d18.zip,2022-01-05T05:48:57.556Z,2022-01-05T06:08:34.258Z,2909016000,103.49,View,-59.813456,138.323421,-59.808912,136.76284,0.193127,137.866075,0.198228,137.104021,Selenographic,Equatorial
2510,ch2_tmc_nca_20220105T0548575596_d_img_d18.zip,2022-01-05T05:48:57.559Z,2022-01-05T06:08:34.254Z,2909000000,103.49,View,-63.081302,138.308902,-63.043429,136.571912,-3.156724,137.993273,-3.119851,137.227843,Selenographic,Equatorial
2511,ch2_tmc_ncn_20220105T0548575564_d_img_d18.zip,2022-01-05T05:48:57.556Z,2022-01-05T06:08:34.258Z,2909016000,103.49,View,-61.419217,138.277802,-61.419079,136.798387,-1.483796,137.783701,-1.484622,137.096001,Selenographic,Equatorial
2512,ch2_tmc_ncf_20220108T1300034830_d_img_d32.zip,2022-01-08T13:00:03.483Z,2022-01-08T13:29:21.688Z,4346576000,98.54,View,-59.49459,93.492333,-59.47427,92.084953,30.479461,94.978819,30.489627,94.123908,Selenographic,Equatorial
2513,ch2_tmc_nca_20220108T1300034830_d_img_d32.zip,2022-01-08T13:00:03.483Z,2022-01-08T13:29:21.688Z,4346592000,98.54,View,-62.521578,93.850866,-62.50558,92.309307,27.375661,94.936413,27.387523,94.11108,Selenographic,Equatorial
2514,ch2_tmc_ncn_20220108T1300034863_d_img_d32.zip,2022-01-08T13:00:03.486Z,2022-01-08T13:29:21.685Z,4346560000,98.54,View,-61.012964,93.737059,-60.999522,92.411932,28.922734,94.919239,28.931745,94.163205,Selenographic,Equatorial
2515,ch2_tmc_ncf_20211213T1212479605_d_img_d32.zip,2021-12-13T12:12:47.960Z,2021-12-13T12:25:34.328Z,1894600000,88.92,View,-11.99104,76.990965,-11.984468,77.645322,27.605435,77.453388,27.610932,78.202221,Selenographic,Equatorial
2516,ch2_tmc_nca_20211213T1212479638_d_img_d32.zip,2021-12-13T12:12:47.963Z,2021-12-13T12:25:34.328Z,1894592000,88.92,View,-9.276842,77.019951,-9.287916,77.669357,30.420284,77.515186,30.406699,78.285558,Selenographic,Equatorial
2517,ch2_tmc_ncn_20211213T1212479638_d_img_d32.zip,2021-12-13T12:12:47.963Z,2021-12-13T12:25:34.325Z,1894584000,88.92,View,-10.629475,76.998889,-10.638177,77.586221,29.019956,77.51027,29.010838,78.194432,Selenographic,Equatorial
2518,ch2_tmc_nca_20211214T0936533663_d_img_d32.zip,2021-12-14T09:36:53.366Z,2021-12-14T09:51:19.643Z,2141568000,81.12,View,-59.983819,63.76434,-59.998054,65.072041,-15.162195,64.999304,-15.166871,65.618263,Selenographic,Equatorial
2519,ch2_tmc_ncn_20211214T0936533437_d_img_d32.zip,2021-12-14T09:36:53.343Z,2021-12-14T09:51:19.646Z,2141640000,81.12,View,-61.363476,63.756482,-61.377714,64.985068,-16.419655,65.036559,-16.425425,65.597425,Selenographic,Equatorial
2520,ch2_tmc_ncf_20211214T0936533437_d_img_d32.zip,2021-12-14T09:36:53.343Z,2021-12-14T09:51:19.646Z,2141632000,81.12,View,-62.745458,63.599939,-62.759298,65.025211,-17.681096,64.998815,-17.685482,65.624392,Selenographic,Equatorial
2521,ch2_tmc_ncf_20211214T1927594327_d_img_d32.zip,2021-12-14T19:27:59.432Z,2021-12-14T19:42:24.826Z,2139368000,79.33,View,-62.658078,58.262862,-62.678484,59.66289,-17.540228,59.546311,-17.551642,60.165267,Selenographic,Equatorial
2522,ch2_tmc_nca_20211214T1927594198_d_img_d32.zip,2021-12-14T19:27:59.419Z,2021-12-14T19:42:24.826Z,2139440000,79.33,View,-59.942496,58.438277,-59.960534,59.724475,-15.046294,59.57563,-15.056695,60.187868,Selenographic,Equatorial
2523,ch2_tmc_ncn_20211214T1927594198_d_img_d32.zip,2021-12-14T19:27:59.419Z,2021-12-14T19:42:24.823Z,2139416000,79.33,View,-61.300131,58.420965,-61.316933,59.628837,-16.291723,59.59061,-16.301116,60.145517,Selenographic,Equatorial
2524,ch2_tmc_ncn_20211214T1541112095_d_img_d32.zip,2021-12-14T15:41:11.209Z,2021-12-14T15:55:35.346Z,2136752000,82.87,View,-31.325611,61.59171,-31.33088,62.229929,13.68896,62.0373,13.684186,62.613279,Selenographic,Equatorial
2525,ch2_tmc_nca_20211214T1541111770_d_img_d32.zip,2021-12-14T15:41:11.177Z,2021-12-14T15:55:35.350Z,2136768000,82.87,View,-30.059835,61.599869,-30.049617,62.292955,14.973394,62.006409,14.984101,62.643938,Selenographic,Equatorial
2526,ch2_tmc_ncf_20211214T1541111770_d_img_d32.zip,2021-12-14T15:41:11.177Z,2021-12-14T15:55:35.350Z,2136768000,82.87,View,-32.581663,61.505552,-32.60005,62.228698,12.394275,61.998969,12.377078,62.639479,Selenographic,Equatorial
2527,ch2_tmc_nca_20211215T1311586707_d_img_d32.zip,2021-12-15T13:11:58.670Z,2021-12-15T13:26:22.922Z,2136568000,79.7,View,-59.79963,50.081936,-59.792542,51.368536,-15.011116,49.884872,-15.043781,50.492383,Selenographic,Equatorial
2528,ch2_tmc_ncn_20211215T1311586739_d_img_d32.zip,2021-12-15T13:11:58.673Z,2021-12-15T13:26:22.922Z,2136560000,79.7,View,-61.16328,48.480103,-61.175496,49.688167,-16.263744,49.682604,-16.26388,50.233901,Selenographic,Equatorial
2529,ch2_tmc_ncf_20211215T1311586707_d_img_d32.zip,2021-12-15T13:11:58.670Z,2021-12-15T13:26:22.918Z,2136576000,79.7,View,-62.601221,48.854536,-62.563455,50.25528,-17.492854,49.663246,-17.458842,50.276831,Selenographic,Equatorial
2530,ch2_tmc_ncf_20211217T1426596144_d_img_d32.zip,2021-12-17T14:26:59.614Z,2021-12-17T14:41:27.942Z,2146640000,81.83,View,-62.748527,22.398673,-62.755863,23.836864,-17.615526,22.510794,-17.619219,23.136548,Selenographic,Equatorial
2531,ch2_tmc_nca_20211217T1426595950_d_img_d32.zip,2021-12-17T14:26:59.595Z,2021-12-17T14:41:27.939Z,2146696000,81.83,View,-59.971053,22.548549,-59.967746,23.866408,-15.09941,22.545578,-15.096919,23.164254,Selenographic,Equatorial
2532,ch2_tmc_ncn_20211217T1426596047_d_img_d32.zip,2021-12-17T14:26:59.604Z,2021-12-17T14:41:27.942Z,2146688000,81.83,View,-61.36076,22.674368,-61.355556,23.913286,-16.356759,22.633854,-16.354973,23.19469,Selenographic,Equatorial
2533,ch2_tmc_ncf_20211217T1426596727_d_img_d32.zip,2021-12-17T14:26:59.672Z,2021-12-17T14:41:27.942Z,2146496000,81.83,View,-62.745135,22.546131,-62.761698,23.986256,-17.606185,22.646476,-17.624265,23.273067,Selenographic,Equatorial
2534,ch2_tmc_ncn_20211217T1426596727_d_img_d32.zip,2021-12-17T14:26:59.672Z,2021-12-17T14:41:27.942Z,2146520000,81.83,View,-61.357179,22.63234,-61.35249,23.873139,-16.357629,22.598831,-16.354842,23.160669,Selenographic,Equatorial
2535,ch2_tmc_nca_20211217T1426596759_d_img_d32.zip,2021-12-17T14:26:59.675Z,2021-12-17T14:41:27.939Z,2146496000,81.83,View,-59.965492,22.565319,-59.961448,23.885082,-15.096417,22.565143,-15.094079,23.184924,Selenographic,Equatorial
2536,ch2_tmc_nca_20211210T0913341718_d_img_d32.zip,2021-12-10T09:13:34.171Z,2021-12-10T09:42:50.439Z,4341792000,99.07,View,-29.646607,117.868808,-29.650394,118.677807,60.356043,118.71138,60.344731,120.16929,Selenographic,Equatorial
2537,ch2_tmc_ncf_20211210T0913341686_d_img_d32.zip,2021-12-10T09:13:34.168Z,2021-12-10T09:42:50.436Z,4341792000,99.07,View,-32.590893,117.840348,-32.59312,118.673167,57.321054,118.655304,57.312364,119.988246,Selenographic,Equatorial
2538,ch2_tmc_nca_20211210T1508154533_d_img_d32.zip,2021-12-10T15:08:15.453Z,2021-12-10T15:37:30.585Z,4338976000,98.7,View,-29.562128,114.56877,-29.570629,115.381099,60.387247,115.590245,60.370728,117.053813,Selenographic,Equatorial
2539,ch2_tmc_ncf_20211210T1508154533_d_img_d32.zip,2021-12-10T15:08:15.453Z,2021-12-10T15:37:30.585Z,4338976000,98.7,View,-32.545501,114.511848,-32.55477,115.348935,57.332266,115.520027,57.316519,116.858065,Selenographic,Equatorial
2540,ch2_tmc_ncn_20211210T1508154565_d_img_d32.zip,2021-12-10T15:08:15.456Z,2021-12-10T15:37:30.582Z,4338968000,98.7,View,-31.054462,114.581845,-31.062493,115.324272,58.859013,115.623375,58.844483,116.882011,Selenographic,Equatorial
2541,ch2_tmc_ncn_20211210T0913341686_d_img_d32.zip,2021-12-10T09:13:34.168Z,2021-12-10T09:42:50.439Z,4341808000,99.07,View,-31.115195,117.880868,-31.122321,118.619854,58.825862,118.771124,58.812707,120.024301,Selenographic,Equatorial
2542,ch2_tmc_nca_20211210T1111451073_d_img_d32.zip,2021-12-10T11:11:45.107Z,2021-12-10T11:41:02.417Z,4344376000,98.93,View,-29.711617,116.742032,-29.719485,117.556935,60.331217,117.663785,60.315846,119.128941,Selenographic,Equatorial
2543,ch2_tmc_ncn_20211210T1111451073_d_img_d32.zip,2021-12-10T11:11:45.107Z,2021-12-10T11:41:02.414Z,4344368000,98.93,View,-31.206617,116.756873,-31.214058,117.501449,58.798642,117.701964,58.785084,118.961444,Selenographic,Equatorial
2544,ch2_tmc_ncf_20211210T1111451106_d_img_d32.zip,2021-12-10T11:11:45.110Z,2021-12-10T11:41:02.417Z,4344368000,98.93,View,-32.698743,116.688468,-32.707331,117.527754,57.268906,117.603164,57.254172,118.941648,Selenographic,Equatorial
2545,ch2_tmc_ncn_20211221T1917095490_d_img_d32.zip,2021-12-21T19:17:09.549Z,2021-12-21T19:19:02.447Z,279112000,85.33,View,7.824004,-32.236075,7.824781,-31.655649,13.672446,-32.264468,13.673796,-31.677617,Selenographic,Equatorial
2546,ch2_tmc_nca_20211221T1917095457_d_img_d32.zip,2021-12-21T19:17:09.545Z,2021-12-21T19:19:02.447Z,279112000,85.33,View,9.168335,-32.272109,9.170608,-31.625503,15.00297,-32.304543,15.005743,-31.649224,Selenographic,Equatorial
2547,ch2_tmc_ncf_20211221T1917095490_d_img_d32.zip,2021-12-21T19:17:09.549Z,2021-12-21T19:19:02.444Z,279088000,85.33,View,6.47432,-32.262278,6.473709,-31.620519,12.334121,-32.287509,12.333843,-31.64025,Selenographic,Equatorial
2548,ch2_tmc_ncf_20211208T1157529498_d_img_d32.zip,2021-12-08T11:57:52.949Z,2021-12-08T12:22:21.363Z,3630168000,104.62,View,-22.7218,142.668099,-22.733771,143.420646,52.065091,142.444314,52.056732,143.676416,Selenographic,Equatorial
2549,ch2_tmc_nca_20211208T0801279769_d_img_d32.zip,2021-12-08T08:01:27.976Z,2021-12-08T08:25:56.387Z,3630160000,104.99,View,-19.845811,144.878022,-19.853895,145.614437,55.185728,144.464686,55.181023,145.792095,Selenographic,Equatorial
2550,ch2_tmc_ncn_20211208T0801279737_d_img_d32.zip,2021-12-08T08:01:27.973Z,2021-12-08T08:25:56.384Z,3630168000,104.99,View,-21.306074,145.128015,-21.304538,145.797245,53.584803,144.564146,53.586677,145.712631,Selenographic,Equatorial
2551,ch2_tmc_ncf_20211208T0801279737_d_img_d32.zip,2021-12-08T08:01:27.973Z,2021-12-08T08:25:56.387Z,3630160000,104.99,View,-22.780336,144.943287,-22.785744,145.693299,51.990666,144.538262,51.987509,145.766794,Selenographic,Equatorial
2552,ch2_tmc_ncn_20211208T1157529498_d_img_d32.zip,2021-12-08T11:57:52.949Z,2021-12-08T12:22:21.363Z,3630160000,104.62,View,-21.256214,142.96446,-21.2551,143.636115,53.660592,142.47029,53.661862,143.622477,Selenographic,Equatorial
2553,ch2_tmc_nca_20211208T1157529531_d_img_d32.zip,2021-12-08T11:57:52.953Z,2021-12-08T12:22:21.360Z,3630160000,104.62,View,-19.865845,142.436216,-19.888686,143.175377,55.283458,142.379713,55.267421,143.711967,Selenographic,Equatorial
2554,ch2_tmc_nca_20211208T1356039035_d_img_d32.zip,2021-12-08T13:56:03.903Z,2021-12-08T14:02:35.674Z,967032000,97.27,View,-19.941368,141.808941,-19.937551,142.523969,0.135808,141.772271,0.144399,142.454466,Selenographic,Equatorial
2555,ch2_tmc_ncf_20211208T1356039067_d_img_d32.zip,2021-12-08T13:56:03.906Z,2021-12-08T14:02:35.641Z,967016000,97.27,View,-22.780002,141.784596,-22.784441,142.512178,-2.741644,141.798263,-2.74132,142.479918,Selenographic,Equatorial
2556,ch2_tmc_ncn_20211208T1356039035_d_img_d32.zip,2021-12-08T13:56:03.903Z,2021-12-08T14:02:35.674Z,967032000,97.27,View,-21.359231,141.833585,-21.358634,142.483243,-1.300811,141.819877,-1.295985,142.434062,Selenographic,Equatorial
2557,ch2_tmc_ncf_20220611T1513328454_d_img_d32.zip,2022-06-11T15:13:32.845Z,2022-06-11T15:28:21.479Z,2196856000,109.66,View,59.962794,42.260109,59.969566,43.797308,14.907926,42.805336,14.911893,43.649764,Selenographic,Equatorial
2558,ch2_tmc_ncn_20220611T1117315070_d_img_d32.zip,2022-06-11T11:17:31.507Z,2022-06-11T11:32:12.540Z,2176864000,109.92,View,61.562657,44.266762,61.571901,45.725769,17.026851,44.940216,17.032647,45.711017,Selenographic,Equatorial
2559,ch2_tmc_ncn_20220611T1315316851_d_img_d32.zip,2022-06-11T13:15:31.685Z,2022-06-11T13:30:08.929Z,2170232000,109.76,View,61.637915,43.256344,61.643889,44.715728,17.232777,43.879323,17.235141,44.648615,Selenographic,Equatorial
2560,ch2_tmc_ncn_20220611T1513328421_d_img_d32.zip,2022-06-11T15:13:32.842Z,2022-06-11T15:28:21.482Z,2196880000,109.66,View,61.589265,42.260507,61.596132,43.717737,16.633528,42.833371,16.637606,43.600446,Selenographic,Equatorial
2561,ch2_tmc_nca_20220611T1117315038_d_img_d32.zip,2022-06-11T11:17:31.503Z,2022-06-11T11:32:12.573Z,2176880000,109.92,View,63.192254,44.095485,63.202869,45.80877,18.75572,44.876138,18.762069,45.742102,Selenographic,Equatorial
2562,ch2_tmc_ncf_20220611T1315316851_d_img_d32.zip,2022-06-11T13:15:31.685Z,2022-06-11T13:30:08.929Z,2170232000,109.76,View,60.006657,43.274,60.00919,44.813148,15.526002,43.85366,15.52514,44.700355,Selenographic,Equatorial
2563,ch2_tmc_nca_20220611T1315316851_d_img_d32.zip,2022-06-11T13:15:31.685Z,2022-06-11T13:30:08.929Z,2170232000,109.76,View,63.259729,43.067499,63.278227,44.780473,18.944945,43.825561,18.959439,44.689484,Selenographic,Equatorial
2564,ch2_tmc_ncf_20220611T1117315103_d_img_d32.zip,2022-06-11T11:17:31.510Z,2022-06-11T11:32:12.572Z,2176872000,109.92,View,59.930944,44.274514,59.942922,45.813104,15.295421,44.921217,15.304347,45.769343,Selenographic,Equatorial
2565,ch2_tmc_nca_20220611T1513328421_d_img_d32.zip,2022-06-11T15:13:32.842Z,2022-06-11T15:28:21.482Z,2196880000,109.66,View,63.214723,42.094399,63.222502,43.805029,18.357966,42.773706,18.362184,43.635056,Selenographic,Equatorial
2566,ch2_tmc_nca_20211226T0134445275_d_img_d18.zip,2021-12-26T01:34:44.527Z,2021-12-26T01:37:07.812Z,354232000,82.86,View,-21.394384,-88.430777,-21.387197,-89.108361,-13.957708,-88.339552,-13.945059,-88.977667,Selenographic,Equatorial
2567,ch2_tmc_ncn_20211226T0134445307_d_img_d18.zip,2021-12-26T01:34:44.530Z,2021-12-26T01:37:07.808Z,354216000,82.86,View,-20.066962,-88.455546,-20.061807,-89.060761,-12.654503,-88.337313,-12.644083,-88.909262,Selenographic,Equatorial
2568,ch2_tmc_ncf_20211226T0134445307_d_img_d18.zip,2021-12-26T01:34:44.530Z,2021-12-26T01:37:07.812Z,354224000,82.86,View,-18.741267,-88.412354,-18.734107,-89.078115,-11.345254,-88.248026,-11.329781,-88.879109,Selenographic,Equatorial
2569,ch2_tmc_ncf_20211226T1905173642_d_img_d18.zip,2021-12-26T19:05:17.364Z,2021-12-26T19:24:34.608Z,2860912000,79.23,View,-60.044494,-99.375499,-59.975458,-100.794036,-0.498071,-97.921341,-0.456462,-98.50482,Selenographic,Equatorial
2570,ch2_tmc_nca_20211226T1905173675_d_img_d18.zip,2021-12-26T19:05:17.367Z,2021-12-26T19:24:34.608Z,2860904000,79.23,View,-63.097744,-99.894867,-63.017399,-101.45877,-2.922677,-97.972864,-2.880196,-98.557324,Selenographic,Equatorial
2571,ch2_tmc_ncn_20211226T1905173642_d_img_d18.zip,2021-12-26T19:05:17.364Z,2021-12-26T19:24:34.604Z,2860904000,79.23,View,-61.567462,-99.135322,-61.545852,-100.482529,-1.674093,-98.028755,-1.665538,-98.556466,Selenographic,Equatorial
2572,ch2_tmc_nca_20220618T1819238483_d_img_d32.zip,2022-06-18T18:19:23.848Z,2022-06-18T18:34:12.802Z,2197648000,106.74,View,63.400187,-51.738927,63.396913,-49.92809,17.853062,-51.207666,17.848011,-50.374619,Selenographic,Equatorial
2573,ch2_tmc_ncf_20220618T1819238483_d_img_d32.zip,2022-06-18T18:19:23.848Z,2022-06-18T18:34:12.802Z,2197656000,106.74,View,59.781485,-51.62123,59.778093,-49.97737,14.932576,-51.206313,14.92719,-50.368561,Selenographic,Equatorial
2574,ch2_tmc_ncn_20220618T1819238516_d_img_d32.zip,2022-06-18T18:19:23.851Z,2022-06-18T18:34:12.799Z,2197632000,106.74,View,61.507673,-51.596728,61.51197,-50.051688,16.619698,-51.153761,16.62242,-50.40118,Selenographic,Equatorial
2575,ch2_tmc_ncn_20220624T0620248788_d_img_d32.zip,2022-06-24T06:20:24.878Z,2022-06-24T06:30:26.982Z,1488504000,118.35,View,21.31833,-122.180282,21.306768,-123.061877,-8.671236,-122.20575,-8.685433,-122.999665,Selenographic,Equatorial
2576,ch2_tmc_ncn_20220624T0231043578_d_img_d32.zip,2022-06-24T02:31:04.357Z,2022-06-24T02:33:28.415Z,356144000,118.89,View,1.333596,-120.665078,1.3441,-121.437073,-5.85981,-120.629568,-5.854775,-121.394378,Selenographic,Equatorial
2577,ch2_tmc_ncf_20220624T0620248755_d_img_d32.zip,2022-06-24T06:20:24.875Z,2022-06-24T06:30:26.982Z,1488512000,118.35,View,23.260542,-122.133515,23.175366,-123.125994,-6.814886,-122.173706,-6.898936,-123.051125,Selenographic,Equatorial
2578,ch2_tmc_ncf_20220624T0231043545_d_img_d32.zip,2022-06-24T02:31:04.354Z,2022-06-24T02:33:28.697Z,356848000,118.89,View,3.146292,-120.617133,3.15622,-121.475747,-4.080133,-120.618141,-4.078398,-121.465308,Selenographic,Equatorial
2579,ch2_tmc_nca_20220624T0231043545_d_img_d32.zip,2022-06-24T02:31:04.354Z,2022-06-24T02:33:28.182Z,355576000,118.89,View,-0.475423,-120.611681,-0.462263,-121.470344,-7.638465,-120.564346,-7.629168,-121.418256,Selenographic,Equatorial
2580,ch2_tmc_nca_20220624T0620248755_d_img_d32.zip,2022-06-24T06:20:24.875Z,2022-06-24T06:30:26.986Z,1488520000,118.35,View,19.385328,-122.117362,19.443137,-123.088659,-10.515671,-122.141273,-10.464387,-123.031368,Selenographic,Equatorial
2581,ch2_tmc_ncf_20220615T2129352105_d_img_d32.zip,2022-06-15T21:29:35.210Z,2022-06-15T21:43:05.102Z,2002192000,108.48,View,59.722407,-13.294123,59.716734,-11.649197,18.917136,-13.417925,18.91505,-12.551669,Selenographic,Equatorial
2582,ch2_tmc_nca_20220615T1931336222_d_img_d32.zip,2022-06-15T19:31:33.622Z,2022-06-15T19:44:46.191Z,1959368000,109.15,View,63.258732,-12.287841,63.287325,-10.446057,23.272221,-12.301348,23.304333,-11.407634,Selenographic,Equatorial
2583,ch2_tmc_ncn_20220615T1535331368_d_img_d32.zip,2022-06-15T15:35:33.136Z,2022-06-15T15:50:24.991Z,2202392000,108.69,View,61.50239,-9.957619,61.496987,-8.408474,16.562078,-10.102333,16.560261,-9.336596,Selenographic,Equatorial
2584,ch2_tmc_nca_20220615T1535331335_d_img_d32.zip,2022-06-15T15:35:33.133Z,2022-06-15T15:50:24.991Z,2202408000,108.69,View,63.233449,-10.074316,63.231883,-8.248391,18.2817,-10.137934,18.284473,-9.27806,Selenographic,Equatorial
2585,ch2_tmc_ncn_20220615T1931336189_d_img_d32.zip,2022-06-15T19:31:33.618Z,2022-06-15T19:44:46.191Z,1959384000,109.15,View,61.529997,-12.142362,61.523787,-10.579501,21.571467,-12.2767,21.56873,-11.482445,Selenographic,Equatorial
2586,ch2_tmc_ncf_20220615T1931336189_d_img_d32.zip,2022-06-15T19:31:33.618Z,2022-06-15T19:44:46.188Z,1959376000,109.15,View,59.785702,-12.204784,59.777774,-10.560874,19.864572,-12.316908,19.860186,-11.444866,Selenographic,Equatorial
2587,ch2_tmc_ncf_20220615T1535331335_d_img_d32.zip,2022-06-15T15:35:33.133Z,2022-06-15T15:50:24.666Z,2202392000,108.69,View,59.779688,-10.015537,59.766536,-8.38558,14.87401,-10.155355,14.864229,-9.312372,Selenographic,Equatorial
2588,ch2_tmc_ncn_20220615T2129352072_d_img_d32.zip,2022-06-15T21:29:35.207Z,2022-06-15T21:43:05.989Z,2002200000,108.48,View,61.475816,-13.22726,61.469071,-11.663271,20.650269,-13.377314,20.647176,-12.588592,Selenographic,Equatorial
2589,ch2_tmc_nca_20220615T2129352072_d_img_d32.zip,2022-06-15T21:29:35.207Z,2022-06-15T21:43:05.105Z,2002208000,108.48,View,63.223313,-13.323377,63.204651,-11.480078,22.401976,-13.430478,22.388064,-12.542681,Selenographic,Equatorial
2590,ch2_tmc_nca_20220613T1821249497_d_img_d32.zip,2022-06-13T18:21:24.949Z,2022-06-13T18:35:55.478Z,2154216000,108.08,View,63.486827,15.445672,63.463931,17.243214,19.428443,15.048082,19.412669,15.914063,Selenographic,Equatorial
2591,ch2_tmc_ncf_20220613T1425278002_d_img_d32.zip,2022-06-13T14:25:27.800Z,2022-06-13T14:37:17.427Z,1754328000,107.93,View,60.067887,17.658179,59.98369,19.24036,24.067678,17.245695,23.988956,18.130528,Selenographic,Equatorial
2592,ch2_tmc_nca_20220613T1623247403_d_img_d32.zip,2022-06-13T16:23:24.740Z,2022-06-13T16:35:16.234Z,1758944000,108,View,63.492186,16.49144,63.486794,18.289141,27.499609,16.205164,27.500701,17.126841,Selenographic,Equatorial
2593,ch2_tmc_ncn_20220613T1623247403_d_img_d32.zip,2022-06-13T16:23:24.740Z,2022-06-13T16:35:16.234Z,1758944000,108,View,61.782976,16.573035,61.773436,18.098805,25.802869,16.245476,25.798398,17.061896,Selenographic,Equatorial
2594,ch2_tmc_ncn_20220613T1821249497_d_img_d32.zip,2022-06-13T18:21:24.949Z,2022-06-13T18:35:55.478Z,2154216000,108.08,View,61.773242,15.501709,61.763091,17.028212,17.71951,15.099624,17.714933,15.870654,Selenographic,Equatorial
2595,ch2_tmc_ncf_20220613T1821249497_d_img_d32.zip,2022-06-13T18:21:24.949Z,2022-06-13T18:35:55.478Z,2154216000,108.08,View,60.15995,15.412211,60.152553,17.023186,15.915568,15.047599,15.913531,15.895625,Selenographic,Equatorial
2596,ch2_tmc_ncn_20220613T1425277970_d_img_d32.zip,2022-06-13T14:25:27.797Z,2022-06-13T14:37:17.427Z,1754336000,107.93,View,61.667772,17.641787,61.658646,19.150531,25.775044,17.323307,25.770802,18.135416,Selenographic,Equatorial
2597,ch2_tmc_ncf_20220613T1623247403_d_img_d32.zip,2022-06-13T16:23:24.740Z,2022-06-13T16:35:16.237Z,1758952000,108,View,60.134818,16.477939,60.142999,18.086762,24.052125,16.210334,24.06579,17.104002,Selenographic,Equatorial
2598,ch2_tmc_nca_20220613T1425277970_d_img_d32.zip,2022-06-13T14:25:27.797Z,2022-06-13T14:37:17.427Z,1754336000,107.93,View,63.313954,17.510454,63.32836,19.283981,27.492323,17.291457,27.51198,18.208151,Selenographic,Equatorial
2599,ch2_tmc_ncf_20220616T2105352225_d_img_d32.zip,2022-06-16T21:05:35.222Z,2022-06-16T21:17:26.989Z,1759616000,108.41,View,59.770299,-26.241551,59.757138,-24.563282,23.988706,-26.407128,23.981088,-25.517474,Selenographic,Equatorial
2600,ch2_tmc_ncn_20220616T2117184845_d_img_d32.zip,2022-06-16T21:17:18.484Z,2022-06-16T21:20:05.683Z,413352000,107,,26.137176,-26.353656,26.133737,-25.544428,17.686528,-26.409742,17.683369,-25.657672,Selenographic,Equatorial
2601,ch2_tmc_nca_20220616T2117184845_d_img_d32.zip,2022-06-16T21:17:18.484Z,2022-06-16T21:20:05.683Z,413352000,107,View,27.841343,-26.400294,27.837634,-25.486626,19.367626,-26.449078,19.364083,-25.604539,Selenographic,Equatorial
2602,ch2_tmc_ncf_20220616T2117184877_d_img_d32.zip,2022-06-16T21:17:18.487Z,2022-06-16T21:20:05.686Z,413352000,107,View,24.432135,-26.398013,24.42827,-25.5121,16.004734,-26.453819,16.000889,-25.626286,Selenographic,Equatorial
2603,ch2_tmc_nca_20220616T2105352225_d_img_d32.zip,2022-06-16T21:05:35.222Z,2022-06-16T21:17:26.988Z,1759616000,108.41,View,63.34089,-26.273782,63.329813,-24.387367,27.428241,-26.407695,27.423107,-25.490392,Selenographic,Equatorial
2604,ch2_tmc_ncn_20220616T2105352225_d_img_d32.zip,2022-06-16T21:05:35.222Z,2022-06-16T21:17:26.985Z,1759608000,108.41,View,61.554721,-26.170788,61.546302,-24.573377,25.708973,-26.360192,25.705611,-25.54767,Selenographic,Equatorial
2605,ch2_tmc_ncn_20220612T1449306040_d_img_d32.zip,2022-06-12T14:49:30.604Z,2022-06-12T15:02:51.722Z,1978904000,108.45,View,61.738899,30.173966,61.735968,31.62508,21.182409,30.151434,21.181334,30.933562,Selenographic,Equatorial
2606,ch2_tmc_ncf_20220612T1449306007_d_img_d32.zip,2022-06-12T14:49:30.600Z,2022-06-12T15:02:51.722Z,1978912000,108.45,View,60.128944,30.12647,60.123496,31.657434,19.472131,30.110531,19.468412,30.969325,Selenographic,Equatorial
2607,ch2_tmc_nca_20220612T1251306196_d_img_d32.zip,2022-06-12T12:51:30.619Z,2022-06-12T13:04:47.174Z,1970608000,108.45,View,63.400038,31.088122,63.393536,32.797343,23.114589,31.166407,23.110013,32.050203,Selenographic,Equatorial
2608,ch2_tmc_ncf_20220612T1647304021_d_img_d32.zip,2022-06-12T16:47:30.402Z,2022-06-12T17:02:17.295Z,2192560000,108.93,View,60.11671,29.112202,60.107007,30.64781,15.087424,29.0207,15.079777,29.865557,Selenographic,Equatorial
2609,ch2_tmc_ncn_20220612T1251305871_d_img_d32.zip,2022-06-12T12:51:30.587Z,2022-06-12T13:04:47.168Z,1970592000,108.45,View,61.78672,31.200889,61.780672,32.656208,21.398684,31.212451,21.394014,31.996957,Selenographic,Equatorial
2610,ch2_tmc_nca_20220612T1449306007_d_img_d32.zip,2022-06-12T14:49:30.600Z,2022-06-12T15:02:51.722Z,1978912000,108.45,View,63.352246,30.065274,63.3482,31.768281,22.892147,30.101452,22.890311,30.981871,Selenographic,Equatorial
2611,ch2_tmc_ncf_20220612T1251305871_d_img_d32.zip,2022-06-12T12:51:30.587Z,2022-06-12T13:04:47.171Z,1970608000,108.45,View,60.173632,31.156166,60.166126,32.690401,19.68669,31.174355,19.68051,32.035144,Selenographic,Equatorial
2612,ch2_tmc_ncn_20220612T1647304021_d_img_d32.zip,2022-06-12T16:47:30.402Z,2022-06-12T17:02:17.298Z,2192568000,108.93,View,61.729482,29.149698,61.726402,30.605106,16.809209,29.067345,16.808353,29.834687,Selenographic,Equatorial
2613,ch2_tmc_nca_20220612T1647304054_d_img_d32.zip,2022-06-12T16:47:30.405Z,2022-06-12T17:02:17.298Z,2192560000,108.93,View,63.342269,29.038424,63.348816,30.746348,18.521968,29.037491,18.532309,29.898866,Selenographic,Equatorial
2614,ch2_tmc_ncn_20220617T1843281455_d_img_d32.zip,2022-06-17T18:43:28.145Z,2022-06-17T18:58:20.511Z,2204952000,106.88,View,61.566084,-38.175957,61.561129,-36.580928,16.618257,-38.204809,16.616436,-37.450926,Selenographic,Equatorial
2615,ch2_tmc_ncf_20220617T2255577283_d_img_d32.zip,2022-06-17T22:55:57.728Z,2022-06-17T23:05:48.567Z,1460656000,100.6,View,9.942869,-39.829606,9.869421,-38.993277,-19.957824,-40.001077,-20.023176,-39.169631,Selenographic,Equatorial
2616,ch2_tmc_nca_20220617T2255577283_d_img_d32.zip,2022-06-17T22:55:57.728Z,2022-06-17T23:05:48.567Z,1460656000,100.6,View,13.284517,-39.819752,13.346565,-38.986179,-16.794282,-39.99491,-16.731446,-39.192222,Selenographic,Equatorial
2617,ch2_tmc_nca_20220617T1843281455_d_img_d32.zip,2022-06-17T18:43:28.145Z,2022-06-17T18:58:20.511Z,2204944000,106.88,View,63.45056,-38.222121,63.399578,-36.352025,18.029807,-38.293363,17.985656,-37.457109,Selenographic,Equatorial
2618,ch2_tmc_ncf_20220617T1843281455_d_img_d32.zip,2022-06-17T18:43:28.145Z,2022-06-17T18:58:20.413Z,2204896000,106.88,View,59.745387,-38.233814,59.729673,-36.54642,14.64037,-38.262824,14.626433,-37.42751,Selenographic,Equatorial
2619,ch2_tmc_ncn_20220617T2255577316_d_img_d32.zip,2022-06-17T22:55:57.731Z,2022-06-17T23:05:48.570Z,1460656000,100.6,View,11.614614,-39.78916,11.612518,-39.038387,-18.378498,-39.963326,-18.376789,-39.228454,Selenographic,Equatorial
2620,ch2_tmc_ncn_20220630T1147161821_d_img_d32.zip,2022-06-30T11:47:16.182Z,2022-06-30T11:57:08.176Z,1463496000,109.26,View,61.40988,155.108449,61.406174,153.654511,31.497756,154.775904,31.4925,153.922059,Selenographic,Equatorial
2621,ch2_tmc_nca_20220630T1147161853_d_img_d32.zip,2022-06-30T11:47:16.185Z,2022-06-30T11:57:08.173Z,1463504000,109.26,View,59.859771,155.174796,59.809189,153.666139,29.883695,154.831711,29.829179,153.924798,Selenographic,Equatorial
2622,ch2_tmc_ncf_20220630T1147161821_d_img_d32.zip,2022-06-30T11:47:16.182Z,2022-06-30T11:57:08.173Z,1463496000,109.26,View,63.067968,155.134212,63.066244,153.386969,33.214548,154.813611,33.214582,153.814262,Selenographic,Equatorial
2623,ch2_tmc_ncn_20210523T1309188997_d_img_d18.zip,2021-05-23T13:09:18.899Z,2021-05-23T13:18:52.254Z,1417440000,115.64,View,-57.44964,66.516505,-57.425954,68.008695,-86.181776,72.776467,-86.011756,83.625091,Polar stereographic,South
2624,ch2_tmc_nca_20210523T1309189029_d_img_d18.zip,2021-05-23T13:09:18.902Z,2021-05-23T13:18:52.261Z,1417448000,115.64,View,-55.562528,66.36038,-55.538773,67.940453,-84.422941,69.962328,-84.293652,78.429063,Polar stereographic,South
2625,ch2_tmc_ncf_20210523T1309188997_d_img_d18.zip,2021-05-23T13:09:18.899Z,2021-05-23T13:18:52.257Z,1417448000,115.64,View,-59.332207,66.457205,-59.306203,68.20623,-87.937488,78.106155,-87.607733,98.149188,Polar stereographic,South
2626,ch2_tmc_ncn_20210523T1509315714_d_img_d18.zip,2021-05-23T15:09:31.571Z,2021-05-23T15:19:29.711Z,1478712000,115.8,View,-57.432915,65.378524,-57.417089,66.877662,-87.368145,74.681158,-87.138201,89.81632,Polar stereographic,South
2627,ch2_tmc_nca_20210523T1509315747_d_img_d18.zip,2021-05-23T15:09:31.574Z,2021-05-23T15:19:29.711Z,1478704000,115.8,View,-55.538818,65.336261,-55.519568,66.923323,-85.61583,69.921452,-85.458025,80.586655,Polar stereographic,South
2628,ch2_tmc_ncf_20210523T1509315714_d_img_d18.zip,2021-05-23T15:09:31.571Z,2021-05-23T15:19:29.707Z,1478704000,115.8,View,-59.312137,65.415018,-59.303163,67.172391,-89.075688,92.73682,-88.48996,122.417403,Polar stereographic,South
2629,ch2_tmc_ncn_20210523T1909589650_d_img_d18.zip,2021-05-23T19:09:58.965Z,2021-05-23T19:19:57.101Z,1478704000,116.45,View,-57.474265,62.937141,-57.451329,64.45754,-87.406909,71.47823,-87.180452,87.094028,Polar stereographic,South
2630,ch2_tmc_nca_20210523T1909589683_d_img_d18.zip,2021-05-23T19:09:58.968Z,2021-05-23T19:19:57.104Z,1478704000,116.45,View,-55.552964,62.842008,-55.524582,64.450533,-85.626135,67.215035,-85.467122,78.052611,Polar stereographic,South
2631,ch2_tmc_ncf_20210523T1909589650_d_img_d18.zip,2021-05-23T19:09:58.965Z,2021-05-23T19:19:57.104Z,1478712000,116.45,View,-59.389384,62.960384,-59.36082,64.744034,-89.154203,89.117226,-88.551271,120.796884,Polar stereographic,South
2632,ch2_tmc_ncn_20210522T1306415369_d_img_d18.zip,2021-05-22T13:06:41.536Z,2021-05-22T13:16:31.203Z,1458960000,112.64,View,-57.429524,79.805786,-57.40172,81.252851,-87.06506,92.019856,-86.811801,105.038361,Polar stereographic,South
2633,ch2_tmc_nca_20210522T1306415682_d_img_d18.zip,2021-05-22T13:06:41.568Z,2021-05-22T13:16:31.223Z,1459000000,112.64,View,-55.60268,79.63775,-55.574072,81.176528,-85.366222,86.48209,-85.184613,96.243217,Polar stereographic,South
2634,ch2_tmc_ncf_20210522T1306415369_d_img_d18.zip,2021-05-22T13:06:41.536Z,2021-05-22T13:16:31.242Z,1459056000,112.64,View,-59.248586,79.803934,-59.212288,81.490997,-88.707555,108.32128,-88.158081,130.933819,Polar stereographic,South
2635,ch2_tmc_ncn_20210522T2105402086_d_img_hw1.zip,2021-05-22T21:05:40.208Z,2021-05-22T21:08:29.300Z,418032000,118.23,View,-51.496342,75.085238,-51.47251,76.37956,-59.984396,75.377931,-59.955802,76.958425,Selenographic,Equatorial
2636,ch2_tmc_nca_20210522T2105402119_d_img_hw1.zip,2021-05-22T21:05:40.211Z,2021-05-22T21:08:29.310Z,418048000,118.23,View,-49.599194,74.952954,-49.573605,76.340791,-58.122769,75.205622,-58.092282,76.876618,Selenographic,Equatorial
2637,ch2_tmc_ncf_20210522T2105402086_d_img_hw1.zip,2021-05-22T21:05:40.208Z,2021-05-22T21:08:29.303Z,418040000,118.23,View,-53.385146,75.080835,-53.357819,76.577474,-61.838124,75.383101,-61.804985,77.2384,Selenographic,Equatorial
2638,ch2_tmc_ncn_20210522T1907234245_d_img_d18.zip,2021-05-22T19:07:23.424Z,2021-05-22T19:17:21.435Z,1478392000,112.23,View,-57.417987,76.4069,-57.388414,77.866212,-87.458332,89.661948,-87.179527,104.444922,Polar stereographic,South
2639,ch2_tmc_nca_20210522T1907234278_d_img_d18.zip,2021-05-22T19:07:23.427Z,2021-05-22T19:17:21.435Z,1478384000,112.23,View,-55.566821,76.236323,-55.535738,77.787422,-85.751772,83.223633,-85.560199,93.88649,Polar stereographic,South
2640,ch2_tmc_ncf_20210522T1907234245_d_img_d18.zip,2021-05-22T19:07:23.424Z,2021-05-22T19:17:21.431Z,1478384000,112.23,View,-59.261465,76.400658,-59.226581,78.103448,-89.06415,114.240226,-88.411888,137.969914,Polar stereographic,South
2641,ch2_tmc_ncn_20210522T1707118255_d_img_d18.zip,2021-05-22T17:07:11.825Z,2021-05-22T17:17:09.148Z,1478712000,112.29,View,-57.501468,77.572675,-57.475605,79.029027,-87.538663,91.969021,-87.247239,106.988622,Polar stereographic,South
2642,ch2_tmc_nca_20210522T1707118255_d_img_d18.zip,2021-05-22T17:07:11.825Z,2021-05-22T17:17:09.144Z,1478704000,112.29,View,-55.665687,77.409753,-55.636783,78.957762,-85.843164,84.904444,-85.643942,95.714916,Polar stereographic,South
2643,ch2_tmc_ncf_20210522T1707111151_d_img_d18.zip,2021-05-22T17:07:11.115Z,2021-05-22T17:17:09.148Z,1478704000,112.29,View,-59.329376,77.601242,-59.298454,79.30016,-89.101655,121.110144,-88.414487,142.66131,Polar stereographic,South
2644,ch2_tmc_ncn_20210522T1106297907_d_img_d18.zip,2021-05-22T11:06:29.790Z,2021-05-22T11:14:57.299Z,1254656000,113.46,View,-57.575691,80.881474,-57.552159,82.338914,-83.081625,85.386756,-82.973088,91.4659,Polar stereographic,South
2645,ch2_tmc_nca_20210522T1106297907_d_img_d18.zip,2021-05-22T11:06:29.790Z,2021-05-22T11:14:57.299Z,1254656000,113.46,View,-55.736993,80.724106,-55.71484,82.274421,-81.337395,83.954128,-81.243201,89.417196,Polar stereographic,South
2646,ch2_tmc_ncf_20210522T1106297940_d_img_d18.zip,2021-05-22T11:06:29.794Z,2021-05-22T11:14:57.296Z,1254640000,113.46,View,-59.402183,80.893889,-59.374128,82.592965,-84.816113,86.887853,-84.654778,95.714628,Polar stereographic,South
2647,ch2_tmc_ncn_20210521T2102503230_d_img_hw1.zip,2021-05-21T21:02:50.323Z,2021-05-21T21:05:29.985Z,394720000,118.52,View,-51.445561,88.366266,-51.42114,89.640896,-59.45941,88.664515,-59.430277,90.203424,Selenographic,Equatorial
2648,ch2_tmc_nca_20210521T2102503263_d_img_hw1.zip,2021-05-21T21:02:50.326Z,2021-05-21T21:05:29.988Z,394720000,118.52,View,-49.575181,88.22861,-49.548682,89.596449,-57.617319,88.489059,-57.586278,90.119156,Selenographic,Equatorial
2649,ch2_tmc_ncf_20210521T2102503230_d_img_hw1.zip,2021-05-21T21:02:50.323Z,2021-05-21T21:05:29.978Z,394704000,118.52,View,-53.306543,88.367177,-53.278427,89.839331,-61.291658,88.676599,-61.258019,90.478907,Selenographic,Equatorial
2650,ch2_tmc_ncn_20210521T1904365262_d_img_d18.zip,2021-05-21T19:04:36.526Z,2021-05-21T19:14:35.214Z,1481240000,113.41,View,-57.481109,89.689492,-57.453707,91.165257,-87.546063,104.363148,-87.242091,119.693757,Polar stereographic,South
2651,ch2_tmc_nca_20210521T1904365262_d_img_d18.zip,2021-05-21T19:04:36.526Z,2021-05-21T19:14:35.211Z,1481232000,113.41,View,-55.615575,89.520636,-55.586159,91.088858,-85.812665,97.089011,-85.607047,108.068345,Polar stereographic,South
2652,ch2_tmc_ncn_20210521T1704219429_d_img_d18.zip,2021-05-21T17:04:21.942Z,2021-05-21T17:14:20.256Z,1481240000,113.51,View,-57.43521,90.79415,-57.408138,92.261371,-87.490058,105.131419,-87.19345,120.15865,Polar stereographic,South
2653,ch2_tmc_ncf_20210521T1904365587_d_img_d18.zip,2021-05-21T19:04:36.558Z,2021-05-21T19:14:35.214Z,1481232000,113.41,View,-59.337443,89.694609,-59.304434,91.417193,-89.135216,135.380754,-88.416052,156.619027,Polar stereographic,South
2654,ch2_tmc_nca_20210521T1704219105_d_img_d18.zip,2021-05-21T17:04:21.910Z,2021-05-21T17:14:20.253Z,1481240000,113.51,View,-55.581038,90.635613,-55.551631,92.194996,-85.761742,98.10585,-85.559143,108.924493,Polar stereographic,South
2655,ch2_tmc_ncf_20210521T1704219105_d_img_d18.zip,2021-05-21T17:04:21.910Z,2021-05-21T17:14:20.256Z,1481248000,113.51,View,-59.28045,90.801827,-59.248859,92.514041,-89.089381,133.621282,-88.393019,155.629178,Polar stereographic,South
2656,ch2_tmc_ncn_20210521T1504093166_d_img_d18.zip,2021-05-21T15:04:09.316Z,2021-05-21T15:14:07.326Z,1478392000,113.59,View,-57.543256,91.919412,-57.513735,93.39,-87.536252,106.618383,-87.231266,121.82066,Polar stereographic,South
2657,ch2_tmc_nca_20210521T1504093198_d_img_d18.zip,2021-05-21T15:04:09.319Z,2021-05-21T15:14:07.326Z,1478384000,113.59,View,-55.692513,91.737222,-55.660174,93.299751,-85.807992,99.323478,-85.600375,110.240957,Polar stereographic,South
2658,ch2_tmc_ncf_20210521T1504093166_d_img_d18.zip,2021-05-21T15:04:09.316Z,2021-05-21T15:14:07.326Z,1478392000,113.59,View,-59.389222,91.917646,-59.355524,93.63449,-89.12247,137.043963,-88.409046,158.317305,Polar stereographic,South
2659,ch2_tmc_ncn_20210521T1303542599_d_img_d18.zip,2021-05-21T13:03:54.259Z,2021-05-21T13:13:52.396Z,1478704000,113.68,View,-57.489126,93.002161,-57.459368,94.470032,-87.49314,107.393237,-87.193383,122.419634,Polar stereographic,South
2660,ch2_tmc_nca_20210521T1303542631_d_img_d18.zip,2021-05-21T13:03:54.263Z,2021-05-21T13:13:52.399Z,1478704000,113.68,View,-55.637888,92.845919,-55.606137,94.405574,-85.762707,100.313948,-85.558061,111.135187,Polar stereographic,South
2661,ch2_tmc_ncf_20210521T1303542599_d_img_d18.zip,2021-05-21T13:03:54.259Z,2021-05-21T13:13:52.399Z,1478712000,113.68,View,-59.333839,93.025842,-59.298893,94.739365,-89.092673,136.14864,-88.391836,157.96143,Polar stereographic,South
2662,ch2_tmc_ncn_20210520T1100429598_d_img_d18.zip,2021-05-20T11:00:42.959Z,2021-05-20T11:10:12.548Z,1408128000,111.22,View,-57.120925,107.108704,-57.093958,108.536703,-85.833553,113.779794,-85.668658,123.6343,Polar stereographic,South
2663,ch2_tmc_nca_20210520T1100429598_d_img_d18.zip,2021-05-20T11:00:42.959Z,2021-05-20T11:10:12.561Z,1408160000,111.22,View,-55.306618,106.952932,-55.277142,108.47052,-84.098275,111.099757,-83.966291,119.01419,Polar stereographic,South
2664,ch2_tmc_ncf_20210520T1100429629_d_img_d18.zip,2021-05-20T11:00:42.962Z,2021-05-20T11:10:12.580Z,1408200000,111.22,View,-58.938888,107.109491,-58.907573,108.775806,-87.567926,118.298758,-87.268959,135.556112,Polar stereographic,South
2665,ch2_tmc_ncn_20210519T1856577787_d_img_hw1.zip,2021-05-19T18:56:57.778Z,2021-05-19T18:59:52.938Z,433032000,114.38,View,-51.220542,115.660361,-51.201625,116.912908,-60.054044,115.87926,-60.031099,117.426368,Selenographic,Equatorial
2666,ch2_tmc_nca_20210519T1856577820_d_img_hw1.zip,2021-05-19T18:56:57.782Z,2021-05-19T18:59:52.944Z,433040000,114.38,View,-49.379051,115.544795,-49.358583,116.88582,-58.240609,115.731477,-58.216347,117.364251,Selenographic,Equatorial
2667,ch2_tmc_ncf_20210519T1856577787_d_img_hw1.zip,2021-05-19T18:56:57.778Z,2021-05-19T18:59:52.928Z,433008000,114.38,View,-53.065337,115.641205,-53.040351,117.091017,-61.866537,115.872539,-61.835497,117.690898,Selenographic,Equatorial
2668,ch2_tmc_ncn_20210517T0912572672_d_img_d18.zip,2021-05-17T09:12:57.267Z,2021-05-17T09:22:15.298Z,1379552000,112.65,View,-57.163008,146.566661,-57.149761,148.036561,-85.111786,143.475872,-85.091204,152.381065,Polar stereographic,South
2669,ch2_tmc_nca_20210517T0912572705_d_img_d18.zip,2021-05-17T09:12:57.270Z,2021-05-17T09:22:15.375Z,1379504000,112.65,View,-55.300669,146.33124,-55.281476,147.889407,-83.334379,143.950545,-83.315332,151.227549,Polar stereographic,South
2670,ch2_tmc_ncf_20210517T0912572672_d_img_d18.zip,2021-05-17T09:12:57.267Z,2021-05-17T09:22:15.308Z,1379584000,112.65,View,-59.030167,146.47067,-59.021165,148.191531,-86.877934,140.706756,-86.85303,156.179601,Polar stereographic,South
2671,ch2_tmc_ncn_20210516T1127589674_d_img_d18.zip,2021-05-16T11:27:58.967Z,2021-05-16T11:37:55.950Z,1475856000,110.38,View,-57.287101,158.599106,-57.287705,160.060171,-87.224117,151.842979,-87.218803,167.204481,Polar stereographic,South
2672,ch2_tmc_nca_20210516T1127589707_d_img_d18.zip,2021-05-16T11:27:58.970Z,2021-05-16T11:37:55.954Z,1475856000,110.38,View,-55.428926,158.539249,-55.431945,160.087586,-85.490801,153.990175,-85.491663,164.50824,Polar stereographic,South
2673,ch2_tmc_ncf_20210516T1127589674_d_img_d18.zip,2021-05-16T11:27:58.967Z,2021-05-16T11:37:55.954Z,1475864000,110.38,View,-59.138762,158.48366,-59.136946,160.193926,-88.916348,138.259354,-88.894387,-177.501653,Polar stereographic,South
2674,ch2_tmc_ncn_20210516T0929212886_d_img_d18.zip,2021-05-16T09:29:21.288Z,2021-05-16T09:39:17.375Z,1473640000,109.96,View,-57.320712,159.514124,-57.301574,160.972498,-87.223732,152.815888,-87.205374,168.068439,Polar stereographic,South
2675,ch2_tmc_nca_20210516T0929212853_d_img_d18.zip,2021-05-16T09:29:21.285Z,2021-05-16T09:39:17.375Z,1473648000,109.96,View,-55.476693,159.447031,-55.454266,160.992729,-85.49958,155.105817,-85.479699,165.571081,Polar stereographic,South
2676,ch2_tmc_ncf_20210516T0929212853_d_img_d18.zip,2021-05-16T09:29:21.285Z,2021-05-16T09:39:17.372Z,1473640000,109.96,View,-59.164984,159.425292,-59.148954,161.132523,-88.902315,139.011263,-88.881176,-177.518939,Polar stereographic,South
2677,ch2_tmc_ncn_20210516T0532066123_d_img_d18.zip,2021-05-16T05:32:06.612Z,2021-05-16T05:40:42.992Z,1277952000,110.13,View,-57.353983,161.766912,-57.357395,163.232998,-83.305704,159.423649,-83.306439,165.82823,Polar stereographic,South
2678,ch2_tmc_nca_20210516T0532066123_d_img_d18.zip,2021-05-16T05:32:06.612Z,2021-05-16T05:40:42.953Z,1277856000,110.13,View,-55.499697,161.705937,-55.503501,163.259403,-81.555604,159.711854,-81.55769,165.365459,Polar stereographic,South
2679,ch2_tmc_ncf_20210516T0532066448_d_img_d18.zip,2021-05-16T05:32:06.644Z,2021-05-16T05:40:42.973Z,1277896000,110.13,View,-59.208971,161.663802,-59.210948,163.380551,-85.047733,157.968174,-85.044963,167.57725,Polar stereographic,South
2680,ch2_tmc_ncn_20210515T0747029295_d_img_d18.zip,2021-05-15T07:47:02.929Z,2021-05-15T07:56:55.816Z,1465728000,105.06,View,-57.530682,173.594612,-57.523753,175.04573,-87.415046,168.344201,-87.384988,-175.795928,Polar stereographic,South
2681,ch2_tmc_nca_20210515T0747029295_d_img_d18.zip,2021-05-15T07:47:02.929Z,2021-05-15T07:56:55.819Z,1465736000,105.06,View,-55.705213,173.530497,-55.698309,175.069047,-85.736584,170.063421,-85.715489,-179.213777,Polar stereographic,South
2682,ch2_tmc_ncf_20210515T0747029326_d_img_d18.zip,2021-05-15T07:47:02.932Z,2021-05-15T07:56:55.819Z,1465728000,105.06,View,-59.35699,173.503754,-59.34995,175.201425,-89.060592,155.763832,-88.975389,-156.6106,Polar stereographic,South
2683,ch2_tmc_ncn_20210515T0945415071_d_img_d18.zip,2021-05-15T09:45:41.507Z,2021-05-15T09:55:34.393Z,1465728000,105.23,View,-57.491463,172.545962,-57.487463,173.990946,-87.369763,167.369966,-87.34298,-177.07953,Polar stereographic,South
2684,ch2_tmc_nca_20210515T0945415103_d_img_d18.zip,2021-05-15T09:45:41.510Z,2021-05-15T09:55:34.396Z,1465728000,105.23,View,-55.670908,172.478639,-55.668397,174.010999,-85.696191,169.015445,-85.679592,179.611668,Polar stereographic,South
2685,ch2_tmc_ncf_20210515T0945415071_d_img_d18.zip,2021-05-15T09:45:41.507Z,2021-05-15T09:55:34.396Z,1465736000,105.23,View,-59.311676,172.452534,-59.306487,174.14249,-89.01355,155.62256,-88.934098,-159.045835,Polar stereographic,South
2686,ch2_tmc_ncn_20210515T0548229439_d_img_d18.zip,2021-05-15T05:48:22.943Z,2021-05-15T05:50:24.307Z,300040000,112.41,View,-57.468658,174.692856,-57.464412,176.149769,-63.572105,174.596026,-63.565246,176.328402,Selenographic,Equatorial
2687,ch2_tmc_nca_20210515T0548229406_d_img_d18.zip,2021-05-15T05:48:22.940Z,2021-05-15T05:50:24.307Z,300048000,112.41,View,-55.62973,174.63913,-55.625353,176.18352,-61.763068,174.517415,-61.756085,176.330816,Selenographic,Equatorial
2688,ch2_tmc_ncf_20210515T0548229406_d_img_d18.zip,2021-05-15T05:48:22.940Z,2021-05-15T05:50:24.304Z,300040000,112.41,View,-59.307023,174.589948,-59.301536,176.294838,-65.38066,174.484988,-65.372244,176.540443,Selenographic,Equatorial
2689,ch2_tmc_ncn_20210515T1144212537_d_img_d18.zip,2021-05-15T11:44:21.253Z,2021-05-15T11:54:14.146Z,1465744000,105.47,View,-57.513958,171.471044,-57.508051,172.91306,-87.375993,166.132177,-87.349551,-178.31468,Polar stereographic,South
2690,ch2_tmc_nca_20210515T1144212570_d_img_d18.zip,2021-05-15T11:44:21.257Z,2021-05-15T11:54:14.146Z,1465736000,105.47,View,-55.697056,171.406572,-55.692597,172.935965,-85.70717,167.837533,-85.690294,178.437005,Polar stereographic,South
2691,ch2_tmc_ncf_20210515T1144212537_d_img_d18.zip,2021-05-15T11:44:21.253Z,2021-05-15T11:54:14.143Z,1465736000,105.47,View,-59.329794,171.379725,-59.322323,173.06589,-89.012875,154.102106,-88.938095,-160.579487,Polar stereographic,South
2692,ch2_tmc_ncn_20210515T1342597081_d_img_d18.zip,2021-05-15T13:42:59.708Z,2021-05-15T13:52:53.746Z,1468576000,105.76,View,-57.485536,170.417946,-57.480411,171.861567,-87.395358,164.860273,-87.370686,-179.423105,Polar stereographic,South
2693,ch2_tmc_nca_20210515T1342597049_d_img_d18.zip,2021-05-15T13:42:59.704Z,2021-05-15T13:52:53.743Z,1468576000,105.76,View,-55.668514,170.354211,-55.662806,171.884643,-85.723873,166.655074,-85.706535,177.318006,Polar stereographic,South
2694,ch2_tmc_ncf_20210515T1342597049_d_img_d18.zip,2021-05-15T13:42:59.704Z,2021-05-15T13:52:53.746Z,1468584000,105.76,View,-59.30374,170.327315,-59.298179,172.016218,-89.035119,152.204463,-88.963598,-161.161725,Polar stereographic,South
2695,ch2_tmc_ncn_20210512T0829019123_d_img_d18.zip,2021-05-12T08:29:01.912Z,2021-05-12T08:38:26.930Z,1396832000,104.69,View,-36.598175,-147.226388,-36.592333,-146.227815,-65.104056,-147.307585,-65.095055,-145.592755,Selenographic,Equatorial
2696,ch2_tmc_nca_20210512T0829019123_d_img_d18.zip,2021-05-12T08:29:01.912Z,2021-05-12T08:38:26.894Z,1396744000,104.69,View,-34.718785,-147.291221,-34.710174,-146.205909,-63.410486,-147.395703,-63.399154,-145.60239,Selenographic,Equatorial
2697,ch2_tmc_ncf_20210512T0829019155_d_img_d18.zip,2021-05-12T08:29:01.915Z,2021-05-12T08:38:26.904Z,1396760000,104.69,View,-38.482595,-147.276059,-38.475902,-146.138055,-66.796624,-147.407221,-66.785906,-145.372965,Selenographic,Equatorial
2698,ch2_tmc_ncn_20191015T1021251544_d_img_d18.zip,2019-10-15T10:21:25.154Z,2019-10-15T10:26:29.790Z,753120000,82.66,View,-7.707162,53.614902,-7.700702,53.086682,8.154181,53.824256,8.162017,53.260509,Selenographic,Equatorial
2699,ch2_tmc_nca_20191015T1021251544_d_img_d18.zip,2019-10-15T10:21:25.154Z,2019-10-15T10:26:29.790Z,753120000,82.66,View,-8.931772,53.630352,-8.93365,53.039075,6.846395,53.839573,6.85751,53.212716,Selenographic,Equatorial
2700,ch2_tmc_ncf_20191015T1021251576_d_img_d18.zip,2019-10-15T10:21:25.157Z,2019-10-15T10:26:29.786Z,753104000,82.66,,-6.482529,53.655556,-6.476417,53.074937,9.456141,53.868653,9.467919,53.24505,Selenographic,Equatorial
2701,ch2_tmc_ncn_20200618T0449412964_d_img_d18.zip,2020-06-18T04:49:41.296Z,2020-06-18T05:00:12.425Z,1560928000,124.28,View,61.878196,-142.295179,61.895764,-140.684505,30.439684,-141.314748,30.450588,-140.385229,Selenographic,Equatorial
2702,ch2_tmc_nca_20200618T0449412964_d_img_d18.zip,2020-06-18T04:49:41.296Z,2020-06-18T05:00:12.425Z,1560928000,124.28,View,63.888997,-142.574537,63.968021,-140.66328,31.854579,-141.347747,31.929537,-140.301271,Selenographic,Equatorial
2703,ch2_tmc_ncf_20200618T0449412964_d_img_d18.zip,2020-06-18T04:49:41.296Z,2020-06-18T05:00:12.409Z,1560888000,124.28,View,60.096872,-142.245919,60.101423,-140.5534,28.619511,-141.336571,28.616352,-140.321522,Selenographic,Equatorial
2704,ch2_tmc_ncn_20200722T0241293244_d_img_d32.zip,2020-07-22T02:41:29.324Z,2020-07-22T02:52:06.373Z,1574904000,111.88,View,-29.056465,133.423866,-29.065758,132.561272,-61.07508,134.192622,-61.089446,132.651877,Selenographic,Equatorial
2705,ch2_tmc_nca_20200722T0241293211_d_img_d32.zip,2020-07-22T02:41:29.321Z,2020-07-22T02:52:06.373Z,1574912000,111.88,View,-30.820524,133.497723,-30.824024,132.520555,-62.827471,134.40181,-62.837395,132.585807,Selenographic,Equatorial
2706,ch2_tmc_ncf_20200722T0241293211_d_img_d32.zip,2020-07-22T02:41:29.321Z,2020-07-22T02:52:06.370Z,1574904000,111.88,View,-27.284696,133.641093,-27.304928,132.699426,-59.309445,134.217996,-59.342579,132.597975,Selenographic,Equatorial
2707,ch2_tmc_ncn_20200730T0858382735_d_img_d18.zip,2020-07-30T08:58:38.273Z,2020-07-30T09:09:16.348Z,1577440000,119.18,View,31.356594,24.553611,31.354497,23.651746,-0.570924,24.469801,-0.572734,23.665799,Selenographic,Equatorial
2708,ch2_tmc_nca_20200730T0858382702_d_img_d18.zip,2020-07-30T08:58:38.270Z,2020-07-30T09:09:16.348Z,1577448000,119.18,View,29.550753,24.604175,29.548591,23.620572,-2.457506,24.520696,-2.45944,23.62634,Selenographic,Equatorial
2709,ch2_tmc_ncf_20200730T0858382702_d_img_d18.zip,2020-07-30T08:58:38.270Z,2020-07-30T09:09:16.345Z,1577440000,119.18,View,33.165954,24.603454,33.163804,23.580137,1.317909,24.507733,1.316102,23.61298,Selenographic,Equatorial
2710,ch2_tmc_ncn_20200714T0357293462_d_img_d18.zip,2020-07-14T03:57:29.346Z,2020-07-14T04:08:01.273Z,1562240000,103,View,-28.67068,-121.534635,-28.684644,-122.366512,-60.596469,-120.305147,-60.61825,-121.671266,Selenographic,Equatorial
2711,ch2_tmc_nca_20200714T0357293494_d_img_d18.zip,2020-07-14T03:57:29.349Z,2020-07-14T04:08:01.276Z,1562240000,103,View,-30.380671,-121.437865,-30.398772,-122.37947,-62.15985,-120.028881,-62.188907,-121.626291,Selenographic,Equatorial
2712,ch2_tmc_ncf_20200714T0357293462_d_img_d18.zip,2020-07-14T03:57:29.346Z,2020-07-14T04:08:01.276Z,1562248000,103,View,-26.963535,-121.529713,-26.9647,-122.438361,-59.022656,-120.362903,-59.033402,-121.808093,Selenographic,Equatorial
2713,ch2_tmc_ncn_20200712T0246164696_d_img_d18.zip,2020-07-12T02:46:16.469Z,2020-07-12T02:56:46.354Z,1557192000,103.95,View,-25.974136,-94.252202,-25.991503,-95.031899,-57.84702,-92.793988,-57.874408,-94.061011,Selenographic,Equatorial
2714,ch2_tmc_nca_20200712T0246164696_d_img_d18.zip,2020-07-12T02:46:16.469Z,2020-07-12T02:56:46.351Z,1557184000,103.95,View,-27.626574,-94.15671,-27.634858,-95.037901,-59.45501,-92.601935,-59.474391,-94.079535,Selenographic,Equatorial
2715,ch2_tmc_ncf_20200712T0246164728_d_img_d18.zip,2020-07-12T02:46:16.472Z,2020-07-12T02:56:46.354Z,1557184000,103.95,View,-24.297222,-94.268809,-24.324862,-95.120876,-56.288121,-92.853358,-56.326064,-94.198888,Selenographic,Equatorial
2716,ch2_tmc_ncn_20200630T1611456203_d_img_d18.zip,2020-06-30T16:11:45.620Z,2020-06-30T16:22:27.792Z,1587568000,122.34,View,61.703018,54.527505,61.678969,53.002279,29.513418,55.247441,29.498328,54.308659,Selenographic,Equatorial
2717,ch2_tmc_nca_20200630T1611456203_d_img_d18.zip,2020-06-30T16:11:45.620Z,2020-06-30T16:22:27.792Z,1587568000,122.34,View,60.009599,54.686952,59.975329,53.077727,27.610408,55.352391,27.583008,54.325662,Selenographic,Equatorial
2718,ch2_tmc_ncf_20200630T1611456203_d_img_d18.zip,2020-06-30T16:11:45.620Z,2020-06-30T16:22:27.788Z,1587560000,122.34,View,63.404217,54.529878,63.375299,52.738669,31.43446,55.268467,31.416354,54.205371,Selenographic,Equatorial
2719,ch2_tmc_ncn_20200630T1215223834_d_img_d18.zip,2020-06-30T12:15:22.383Z,2020-06-30T12:26:04.555Z,1587568000,122.22,View,61.734188,56.615416,61.709385,55.089293,29.537168,57.367439,29.521291,56.426826,Selenographic,Equatorial
2720,ch2_tmc_nca_20200630T1215223834_d_img_d18.zip,2020-06-30T12:15:22.383Z,2020-06-30T12:26:04.552Z,1587560000,122.22,View,60.046147,56.778544,60.039685,55.167605,27.623882,57.424444,27.630199,56.395974,Selenographic,Equatorial
2721,ch2_tmc_ncf_20200630T1215223834_d_img_d18.zip,2020-06-30T12:15:22.383Z,2020-06-30T12:26:04.555Z,1587568000,122.22,View,63.423424,56.618236,63.394679,54.825486,31.46575,57.38581,31.447913,56.319976,Selenographic,Equatorial
2722,ch2_tmc_ncn_20200630T0819002925_d_img_d18.zip,2020-06-30T08:19:00.292Z,2020-06-30T08:29:43.197Z,1590096000,122.13,View,61.751068,58.706987,61.725689,57.187967,29.514566,59.503972,29.498419,58.56735,Selenographic,Equatorial
2723,ch2_tmc_nca_20200630T0819002925_d_img_d18.zip,2020-06-30T08:19:00.292Z,2020-06-30T08:29:43.200Z,1590104000,122.13,View,60.06508,58.868617,60.040728,57.264984,27.604333,59.585931,27.589712,58.561316,Selenographic,Equatorial
2724,ch2_tmc_ncf_20200630T0819002925_d_img_d18.zip,2020-06-30T08:19:00.292Z,2020-06-30T08:29:43.200Z,1590104000,122.13,View,63.444828,58.715036,63.417519,56.931182,31.429886,59.520456,31.413882,58.459801,Selenographic,Equatorial
2725,ch2_tmc_ncn_20200620T2346393616_d_img_d18.zip,2020-06-20T23:46:39.361Z,2020-06-20T23:57:20.378Z,1584712000,117.83,View,62.776563,-178.372136,62.78337,-176.812021,30.582433,-177.862003,30.586669,-176.968435,Selenographic,Equatorial
2726,ch2_tmc_nca_20200620T2346393616_d_img_d18.zip,2020-06-20T23:46:39.361Z,2020-06-20T23:57:20.381Z,1584720000,117.83,View,64.459293,-178.533166,64.439097,-176.69586,32.387076,-177.949835,32.361267,-176.938159,Selenographic,Equatorial
2727,ch2_tmc_ncf_20200620T2346393616_d_img_d18.zip,2020-06-20T23:46:39.361Z,2020-06-20T23:57:20.378Z,1584712000,117.83,View,61.101761,-178.375429,61.122141,-176.734628,28.767369,-177.86896,28.786998,-176.893288,Selenographic,Equatorial
2728,ch2_tmc_ncn_20200617T0511335317_d_img_d18.zip,2020-06-17T05:11:33.531Z,2020-06-17T05:22:21.719Z,1602440000,125.12,View,61.838068,-129.623659,61.863503,-127.981942,29.598759,-128.262959,29.613899,-127.322731,Selenographic,Equatorial
2729,ch2_tmc_nca_20200617T0511335317_d_img_d18.zip,2020-06-17T05:11:33.531Z,2020-06-17T05:22:21.719Z,1602440000,125.12,View,63.651379,-129.909177,63.680352,-127.968038,31.515935,-128.37098,31.531951,-127.304276,Selenographic,Equatorial
2730,ch2_tmc_ncf_20200617T0511335317_d_img_d18.zip,2020-06-17T05:11:33.531Z,2020-06-17T05:22:21.716Z,1602432000,125.12,View,60.015052,-129.538767,60.044812,-127.815382,27.677629,-128.25865,27.697577,-127.232091,Selenographic,Equatorial
2731,ch2_tmc_ncn_20200617T0115143476_d_img_d18.zip,2020-06-17T01:15:14.347Z,2020-06-17T01:26:01.638Z,1600224000,125.35,View,61.766347,-127.457268,61.791398,-125.790864,29.586367,-126.075484,29.600528,-125.121384,Selenographic,Equatorial
2732,ch2_tmc_nca_20200617T0115143476_d_img_d18.zip,2020-06-17T01:15:14.347Z,2020-06-17T01:26:01.635Z,1600216000,125.35,View,63.640571,-127.755531,63.673046,-125.781467,31.501444,-126.181823,31.520499,-125.099381,Selenographic,Equatorial
2733,ch2_tmc_ncf_20200617T0115143476_d_img_d18.zip,2020-06-17T01:15:14.347Z,2020-06-17T01:26:01.638Z,1600224000,125.35,View,59.953385,-127.331702,59.905354,-125.585923,27.70066,-126.119217,27.637315,-125.07985,Selenographic,Equatorial
2734,ch2_tmc_ncn_20200616T2118566193_d_img_d18.zip,2020-06-16T21:18:56.619Z,2020-06-16T21:29:34.503Z,1576968000,125.4,View,61.639254,-125.291985,61.667245,-123.664538,29.935162,-123.877405,29.951498,-122.939331,Selenographic,Equatorial
2735,ch2_tmc_nca_20200616T2118566193_d_img_d18.zip,2020-06-16T21:18:56.619Z,2020-06-16T21:29:34.503Z,1576968000,125.4,View,63.565391,-125.658082,63.659788,-123.735149,31.710483,-123.966221,31.791557,-122.906179,Selenographic,Equatorial
2736,ch2_tmc_ncf_20200616T2118566193_d_img_d18.zip,2020-06-16T21:18:56.619Z,2020-06-16T21:29:34.490Z,1576936000,125.4,View,59.799178,-125.096041,59.79278,-123.388082,28.082244,-123.864646,28.067155,-122.840963,Selenographic,Equatorial
2737,ch2_tmc_ncn_20200616T0533348816_d_img_d18.zip,2020-06-16T05:33:34.881Z,2020-06-16T05:44:21.208Z,1597376000,122.81,View,61.650576,-116.708315,61.680771,-115.107818,29.44412,-115.140289,29.462074,-114.220751,Selenographic,Equatorial
2738,ch2_tmc_nca_20200616T0533348816_d_img_d18.zip,2020-06-16T05:33:34.881Z,2020-06-16T05:44:21.239Z,1597384000,122.81,View,63.426026,-117.005637,63.466499,-115.117386,31.317645,-115.253202,31.343274,-114.210938,Selenographic,Equatorial
2739,ch2_tmc_ncf_20200616T0533348816_d_img_d18.zip,2020-06-16T05:33:34.881Z,2020-06-16T05:44:21.208Z,1597376000,122.81,View,59.861731,-116.595009,59.892953,-114.91241,27.568893,-115.129117,27.58834,-114.124674,Selenographic,Equatorial
2740,ch2_tmc_ncn_20201123T0908524287_d_img_d18.zip,2020-11-23T09:08:52.428Z,2020-11-23T09:19:13.973Z,1534408000,93.99,View,-1.194499,114.268411,-1.202582,114.849397,30.782767,114.682722,30.771927,115.417744,Selenographic,Equatorial
2741,ch2_tmc_nca_20201123T0908524320_d_img_d18.zip,2020-11-23T09:08:52.432Z,2020-11-23T09:19:13.973Z,1534400000,93.99,View,0.264698,114.15135,0.266107,114.796168,32.239987,114.660234,32.241722,115.489342,Selenographic,Equatorial
2742,ch2_tmc_ncf_20201123T0908524287_d_img_d18.zip,2020-11-23T09:08:52.428Z,2020-11-23T09:19:13.941Z,1534400000,93.99,View,-2.728573,113.961136,-2.809995,114.600818,29.384886,114.626206,29.302168,115.424949,Selenographic,Equatorial
2743,ch2_tmc_ncn_20201122T1725239551_d_img_d18.zip,2020-11-22T17:25:23.955Z,2020-11-22T17:35:43.591Z,1531856000,94.95,View,-1.214454,122.8702,-1.221007,123.439095,30.676375,123.165853,30.667633,123.886461,Selenographic,Equatorial
2744,ch2_tmc_nca_20201122T1725239520_d_img_d18.zip,2020-11-22T17:25:23.952Z,2020-11-22T17:35:43.595Z,1531872000,94.95,View,0.115184,122.849622,0.107925,123.480721,32.127698,123.141963,32.117861,123.954401,Selenographic,Equatorial
2745,ch2_tmc_ncf_20201122T1725239520_d_img_d18.zip,2020-11-22T17:25:23.952Z,2020-11-22T17:35:43.595Z,1531872000,94.95,View,-2.547689,122.823308,-2.555164,123.454879,29.22228,123.111917,29.212679,123.900092,Selenographic,Equatorial
2746,ch2_tmc_ncn_20201122T1131376438_d_img_d18.zip,2020-11-22T11:31:37.643Z,2020-11-22T11:41:58.306Z,1534392000,95.57,View,-1.172633,126.08268,-1.178845,126.65458,30.753365,126.325971,30.745476,127.051848,Selenographic,Equatorial
2747,ch2_tmc_nca_20201122T1131376406_d_img_d18.zip,2020-11-22T11:31:37.640Z,2020-11-22T11:41:58.309Z,1534408000,95.57,View,0.16549,126.06478,0.159002,126.699616,32.213833,126.299049,32.205144,127.118063,Selenographic,Equatorial
2748,ch2_tmc_ncf_20201122T1131376406_d_img_d18.zip,2020-11-22T11:31:37.640Z,2020-11-22T11:41:58.309Z,1534408000,95.57,View,-2.512042,126.03901,-2.518741,126.673563,29.290563,126.273842,29.282365,127.067253,Selenographic,Equatorial
2749,ch2_tmc_ncn_20201121T1156357824_d_img_d18.zip,2020-11-21T11:56:35.782Z,2020-11-21T12:06:57.792Z,1539464000,98.52,View,-1.218531,138.95744,-1.222873,139.521721,30.751396,138.966675,30.746042,139.701486,Selenographic,Equatorial
2750,ch2_tmc_nca_20201121T1156357824_d_img_d18.zip,2020-11-21T11:56:35.782Z,2020-11-21T12:06:57.795Z,1539472000,98.52,View,0.101609,138.930828,0.095958,139.557222,32.23066,138.926835,32.223619,139.756251,Selenographic,Equatorial
2751,ch2_tmc_ncf_20201121T1156358149_d_img_d18.zip,2020-11-21T11:56:35.814Z,2020-11-21T12:06:57.795Z,1539464000,98.52,View,-2.539223,138.921186,-2.544976,139.547149,29.269654,138.926517,29.262889,139.729471,Selenographic,Equatorial
2752,ch2_tmc_ncn_20201121T1552248166_d_img_d18.zip,2020-11-21T15:52:24.816Z,2020-11-21T16:02:46.378Z,1536616000,98.02,View,-1.200687,136.823989,-1.203358,137.387789,30.720951,136.856176,30.717418,137.587292,Selenographic,Equatorial
2753,ch2_tmc_nca_20201121T1552248133_d_img_d18.zip,2020-11-21T15:52:24.813Z,2020-11-21T16:02:46.375Z,1536616000,98.02,View,0.118665,136.79701,0.115393,137.422929,32.192114,136.816314,32.187785,137.641535,Selenographic,Equatorial
2754,ch2_tmc_ncf_20201121T1552248133_d_img_d18.zip,2020-11-21T15:52:24.813Z,2020-11-21T16:02:46.378Z,1536624000,98.02,View,-2.522424,136.786924,-2.525401,137.412298,29.245818,136.815211,29.242105,137.614114,Selenographic,Equatorial
2755,ch2_tmc_ncn_20201121T1354301264_d_img_d18.zip,2020-11-21T13:54:30.126Z,2020-11-21T14:04:52.840Z,1539464000,98.29,View,-1.198101,137.891977,-1.200765,138.456216,30.777305,137.911041,30.773822,138.644837,Selenographic,Equatorial
2756,ch2_tmc_nca_20201121T1354301264_d_img_d18.zip,2020-11-21T13:54:30.126Z,2020-11-21T14:04:52.840Z,1539464000,98.29,View,0.122409,137.864195,0.118518,138.490575,32.253876,137.870586,32.248904,138.69888,Selenographic,Equatorial
2757,ch2_tmc_ncf_20201121T1354301296_d_img_d18.zip,2020-11-21T13:54:30.129Z,2020-11-21T14:04:52.837Z,1539448000,98.29,View,-2.519668,137.854741,-2.523639,138.480629,29.297902,137.871042,29.293091,138.672847,Selenographic,Equatorial
2758,ch2_tmc_ncn_20201121T1156357824_d_img_d32.zip,2020-11-21T11:56:35.782Z,2020-11-21T12:06:57.792Z,1539464000,98.52,View,-1.21843,138.957144,-1.222371,139.522407,30.751023,138.965955,30.746116,139.701915,Selenographic,Equatorial
2759,ch2_tmc_nca_20201121T1156357824_d_img_d32.zip,2020-11-21T11:56:35.782Z,2020-11-21T12:06:57.795Z,1539472000,98.52,View,0.103058,138.931123,0.099531,139.55862,32.23202,138.925018,32.227371,139.755787,Selenographic,Equatorial
2760,ch2_tmc_ncf_20201121T1156358149_d_img_d32.zip,2020-11-21T11:56:35.814Z,2020-11-21T12:06:57.795Z,1539464000,98.52,View,-2.542712,138.922741,-2.546958,139.549805,29.266697,138.925715,29.261528,139.72993,Selenographic,Equatorial
2761,ch2_tmc_ncn_20201120T1419365036_d_img_d18.zip,2020-11-20T14:19:36.503Z,2020-11-20T14:29:59.214Z,1539456000,99.8,View,-1.238203,150.679485,-1.238321,151.267512,30.694258,150.578453,30.694196,151.344796,Selenographic,Equatorial
2762,ch2_tmc_nca_20201120T1419365005_d_img_d18.zip,2020-11-20T14:19:36.500Z,2020-11-20T14:29:59.217Z,1539472000,99.8,View,0.136152,150.648229,0.138421,151.300852,32.235183,150.527425,32.237655,151.392897,Selenographic,Equatorial
2763,ch2_tmc_ncf_20201120T1419365005_d_img_d18.zip,2020-11-20T14:19:36.500Z,2020-11-20T14:29:59.217Z,1539472000,99.8,View,-2.616338,150.643789,-2.628679,151.296467,29.162819,150.551712,29.148737,151.389136,Selenographic,Equatorial
2764,ch2_tmc_ncn_20201120T1221418469_d_img_d18.zip,2020-11-20T12:21:41.846Z,2020-11-20T12:32:05.586Z,1542000000,99.7,View,-2.616338,150.643789,-2.628679,151.296467,29.162819,150.551712,29.148737,151.389136,Selenographic,Equatorial
2765,ch2_tmc_nca_20201120T1221418469_d_img_d18.zip,2020-11-20T12:21:41.846Z,2020-11-20T12:32:05.583Z,1541992000,99.7,View,-2.616338,150.643789,-2.628679,151.296467,29.162819,150.551712,29.148737,151.389136,Selenographic,Equatorial
2766,ch2_tmc_ncf_20201120T1221418502_d_img_d18.zip,2020-11-20T12:21:41.850Z,2020-11-20T12:32:05.586Z,1541992000,99.7,View,-2.616338,150.643789,-2.628679,151.296467,29.162819,150.551712,29.148737,151.389136,Selenographic,Equatorial
2767,ch2_tmc_ncn_20201119T0851071283_d_img_d18.zip,2020-11-19T08:51:07.128Z,2020-11-19T09:01:26.529Z,1531560000,94.82,View,-2.616338,150.643789,-2.628679,151.296467,29.162819,150.551712,29.148737,151.389136,Selenographic,Equatorial
2768,ch2_tmc_nca_20201119T0851071608_d_img_d18.zip,2020-11-19T08:51:07.160Z,2020-11-19T09:01:26.525Z,1531544000,94.82,View,0.073067,166.926979,0.06598,167.547251,32.119214,166.839119,32.110803,167.646901,Selenographic,Equatorial
2769,ch2_tmc_ncf_20201119T0851071283_d_img_d18.zip,2020-11-19T08:51:07.128Z,2020-11-19T09:01:26.529Z,1531560000,94.82,View,-2.543331,166.924847,-2.546647,167.544969,29.229323,166.843227,29.225405,167.626288,Selenographic,Equatorial
2770,ch2_tmc_ncn_20201119T0455172695_d_img_d18.zip,2020-11-19T04:55:17.269Z,2020-11-19T05:05:37.931Z,1534392000,94.23,View,-1.285194,169.153027,-1.286183,169.711956,30.706204,169.091068,30.704445,169.804687,Selenographic,Equatorial
2771,ch2_tmc_nca_20201119T0455172663_d_img_d18.zip,2020-11-19T04:55:17.266Z,2020-11-19T05:05:37.934Z,1534408000,94.23,View,0.022783,169.126598,0.022422,169.746919,32.13975,169.05095,32.138267,169.855699,Selenographic,Equatorial
2772,ch2_tmc_ncf_20201119T0455172663_d_img_d18.zip,2020-11-19T04:55:17.266Z,2020-11-19T05:05:37.934Z,1534408000,94.23,View,-2.597196,169.119341,-2.598863,169.739438,29.26697,169.05503,29.264571,169.835239,Selenographic,Equatorial
2773,ch2_tmc_ncn_20201118T1311589308_d_img_d18.zip,2020-11-18T13:11:58.930Z,2020-11-18T13:22:17.732Z,1531864000,93.27,View,-1.244667,177.995107,-1.24582,178.552858,30.703106,177.935092,30.701438,178.639878,Selenographic,Equatorial
2774,ch2_tmc_nca_20201118T1311589308_d_img_d18.zip,2020-11-18T13:11:58.930Z,2020-11-18T13:22:17.735Z,1531872000,93.27,View,0.060295,177.966317,0.057205,178.585301,32.122657,177.895766,32.118794,178.6904,Selenographic,Equatorial
2775,ch2_tmc_ncf_20201118T1311589633_d_img_d18.zip,2020-11-18T13:11:58.963Z,2020-11-18T13:22:17.735Z,1531864000,93.27,View,-2.552566,177.963245,-2.55327,178.582048,29.28097,177.899148,29.279711,178.669737,Selenographic,Equatorial
2776,ch2_tmc_ncn_20201117T0545324916_d_img_d18.zip,2020-11-17T05:45:32.491Z,2020-11-17T05:55:50.852Z,1526808000,91.79,View,-0.807656,-164.594466,-0.813217,-164.068692,31.090616,-164.740099,31.084894,-164.080175,Selenographic,Equatorial
2777,ch2_tmc_nca_20201117T0545324948_d_img_d18.zip,2020-11-17T05:45:32.494Z,2020-11-17T05:55:50.852Z,1526800000,91.79,View,0.422174,-164.621718,0.417463,-164.038259,32.409946,-164.77849,32.405177,-164.035316,Selenographic,Equatorial
2778,ch2_tmc_ncf_20201117T0545324916_d_img_d18.zip,2020-11-17T05:45:32.491Z,2020-11-17T05:55:50.852Z,1526808000,91.79,View,-2.041572,-164.620375,-2.044836,-164.03737,29.762636,-164.77049,29.759169,-164.048729,Selenographic,Equatorial
2779,ch2_tmc_ncn_20200716T0309247349_d_img_d18.zip,2020-07-16T03:09:24.734Z,2020-07-16T03:19:59.612Z,1569536000,103.51,View,,,,,,,,,,
2780,ch2_tmc_nca_20200716T0309247381_d_img_d18.zip,2020-07-16T03:09:24.738Z,2020-07-16T03:19:59.609Z,1569520000,103.51,View,,,,,,,,,,
2781,ch2_tmc_ncf_20200716T0309247349_d_img_d18.zip,2020-07-16T03:09:24.734Z,2020-07-16T03:19:59.609Z,1569528000,103.51,View,,,,,,,,,,
2782,ch2_tmc_ncn_20200714T2337287563_d_img_d18.zip,2020-07-14T23:37:28.756Z,2020-07-14T23:48:02.508Z,1567304000,104.96,View,,,,,,,,,,
2783,ch2_tmc_nca_20200714T2337287250_d_img_d18.zip,2020-07-14T23:37:28.725Z,2020-07-14T23:48:02.475Z,1567304000,104.96,View,,,,,,,,,,
2784,ch2_tmc_ncf_20200714T2337287250_d_img_d18.zip,2020-07-14T23:37:28.725Z,2020-07-14T23:48:02.508Z,1567312000,104.96,View,,,,,,,,,,
2785,ch2_tmc_ncn_20200715T0531283885_d_img_d18.zip,2020-07-15T05:31:28.388Z,2020-07-15T05:42:02.240Z,1567000000,104.72,View,,,,,,,,,,
2786,ch2_tmc_nca_20200715T0531283917_d_img_d18.zip,2020-07-15T05:31:28.391Z,2020-07-15T05:42:02.237Z,1566984000,104.72,View,,,,,,,,,,
2787,ch2_tmc_ncf_20200715T0531283885_d_img_d18.zip,2020-07-15T05:31:28.388Z,2020-07-15T05:42:02.240Z,1567000000,104.72,View,,,,,,,,,,
2788,ch2_tmc_ncn_20200711T1657265047_d_img_d18.zip,2020-07-11T16:57:26.504Z,2020-07-11T17:07:54.341Z,1552128000,102.3,View,,,,,,,,,,
2789,ch2_tmc_nca_20200711T1657265047_d_img_d18.zip,2020-07-11T16:57:26.504Z,2020-07-11T17:07:54.338Z,1552120000,102.3,View,,,,,,,,,,
2790,ch2_tmc_ncf_20200711T1657265079_d_img_d18.zip,2020-07-11T16:57:26.507Z,2020-07-11T17:07:54.341Z,1552120000,102.3,View,,,,,,,,,,
2791,ch2_tmc_ncn_20200615T0001006345_d_img_d18.zip,2020-06-15T00:01:00.634Z,2020-06-15T00:11:42.806Z,1587568000,117.25,View,,,,,,,,,,
2792,ch2_tmc_nca_20200615T0001006345_d_img_d18.zip,2020-06-15T00:01:00.634Z,2020-06-15T00:11:42.806Z,1587568000,117.25,View,,,,,,,,,,
2793,ch2_tmc_ncf_20200615T0001006345_d_img_d18.zip,2020-06-15T00:01:00.634Z,2020-06-15T00:11:42.806Z,1587568000,117.25,View,,,,,,,,,,
2794,ch2_tmc_ncn_20200615T0357216278_d_img_d18.zip,2020-06-15T03:57:21.627Z,2020-06-15T04:08:04.696Z,1589784000,117.63,View,,,,,,,,,,
2795,ch2_tmc_nca_20200615T0357216278_d_img_d18.zip,2020-06-15T03:57:21.627Z,2020-06-15T04:08:04.696Z,1589784000,117.63,View,,,,,,,,,,
2796,ch2_tmc_ncf_20200615T0357216278_d_img_d18.zip,2020-06-15T03:57:21.627Z,2020-06-15T04:08:04.692Z,1589776000,117.63,View,,,,,,,,,,
2797,ch2_tmc_ncn_20200614T0221072917_d_img_d18.zip,2020-06-14T02:21:07.291Z,2020-06-14T02:31:48.314Z,1584728000,114.79,View,,,,,,,,,,
2798,ch2_tmc_nca_20200614T0221072917_d_img_d18.zip,2020-06-14T02:21:07.291Z,2020-06-14T02:31:48.314Z,1584728000,114.79,View,,,,,,,,,,
2799,ch2_tmc_ncf_20200614T0221072917_d_img_d18.zip,2020-06-14T02:21:07.291Z,2020-06-14T02:31:48.311Z,1584720000,114.79,View,,,,,,,,,,
2800,ch2_tmc_ncn_20200613T2224116288_d_img_d18.zip,2020-06-13T22:24:11.628Z,2020-06-13T22:34:51.625Z,1582192000,113.91,,,,,,,,,,,
2801,ch2_tmc_nca_20200613T2224116288_d_img_d18.zip,2020-06-13T22:24:11.628Z,2020-06-13T22:34:51.625Z,1582192000,113.91,View,,,,,,,,,,
2802,ch2_tmc_ncf_20200613T2224116288_d_img_d18.zip,2020-06-13T22:24:11.628Z,2020-06-13T22:34:51.622Z,1582184000,113.91,View,,,,,,,,,,
2803,ch2_tmc_ncn_20200613T1827506973_d_img_d18.zip,2020-06-13T18:27:50.697Z,2020-06-13T18:38:31.717Z,1584720000,112.92,View,,,,,,,,,,
2804,ch2_tmc_nca_20200613T1827506973_d_img_d18.zip,2020-06-13T18:27:50.697Z,2020-06-13T18:38:31.717Z,1584720000,112.92,View,,,,,,,,,,
2805,ch2_tmc_ncf_20200613T1827506973_d_img_d18.zip,2020-06-13T18:27:50.697Z,2020-06-13T18:38:31.713Z,1584712000,112.92,View,,,,,,,,,,
2806,ch2_tmc_ncn_20200613T0242348543_d_img_d18.zip,2020-06-13T02:42:34.854Z,2020-06-13T02:53:11.903Z,1574904000,109.52,View,,,,,,,,,,
2807,ch2_tmc_nca_20200613T0242348543_d_img_d18.zip,2020-06-13T02:42:34.854Z,2020-06-13T02:53:11.903Z,1574904000,109.52,View,,,,,,,,,,
2808,ch2_tmc_ncf_20200613T0242348543_d_img_d18.zip,2020-06-13T02:42:34.854Z,2020-06-13T02:53:11.900Z,1574896000,109.52,View,,,,,,,,,,
2809,ch2_tmc_ncn_20200612T2246158440_d_img_d18.zip,2020-06-12T22:46:15.844Z,2020-06-12T22:56:50.844Z,1569840000,109.04,View,,,,,,,,,,
2810,ch2_tmc_nca_20200612T2246158440_d_img_d18.zip,2020-06-12T22:46:15.844Z,2020-06-12T22:56:50.848Z,1569848000,109.04,View,,,,,,,,,,
2811,ch2_tmc_ncf_20200612T2246158440_d_img_d18.zip,2020-06-12T22:46:15.844Z,2020-06-12T22:56:50.848Z,1569848000,109.04,View,,,,,,,,,,
2812,ch2_tmc_ncn_20200612T1849528275_d_img_d18.zip,2020-06-12T18:49:52.827Z,2020-06-12T19:00:30.905Z,1577448000,108.68,View,,,,,,,,,,
2813,ch2_tmc_nca_20200612T1849528275_d_img_d18.zip,2020-06-12T18:49:52.827Z,2020-06-12T19:00:30.905Z,1577448000,108.68,View,,,,,,,,,,
2814,ch2_tmc_ncf_20200612T1849528275_d_img_d18.zip,2020-06-12T18:49:52.827Z,2020-06-12T19:00:30.902Z,1577440000,108.68,View,,,,,,,,,,
2815,ch2_tmc_ncn_20200612T0106251606_d_img_d18.zip,2020-06-12T01:06:25.160Z,2020-06-12T01:17:01.577Z,1572056000,107.75,View,,,,,,,,,,
2816,ch2_tmc_nca_20200612T0106251606_d_img_d18.zip,2020-06-12T01:06:25.160Z,2020-06-12T01:17:01.577Z,1572056000,107.75,View,,,,,,,,,,
2817,ch2_tmc_ncf_20200612T0106251606_d_img_d18.zip,2020-06-12T01:06:25.160Z,2020-06-12T01:17:01.610Z,1572064000,107.75,View,,,,,,,,,,
2818,ch2_tmc_ncn_20200611T2110065664_d_img_d18.zip,2020-06-11T21:10:06.566Z,2020-06-11T21:20:41.902Z,1572056000,107.52,View,,,,,,,,,,
2819,ch2_tmc_nca_20200611T2110065664_d_img_d18.zip,2020-06-11T21:10:06.566Z,2020-06-11T21:20:41.906Z,1572064000,107.52,View,,,,,,,,,,
2820,ch2_tmc_ncf_20200611T2110065664_d_img_d18.zip,2020-06-11T21:10:06.566Z,2020-06-11T21:20:41.906Z,1572064000,107.52,View,,,,,,,,,,
2821,ch2_tmc_ncn_20200611T1713471897_d_img_d18.zip,2020-06-11T17:13:47.189Z,2020-06-11T17:24:23.216Z,1572376000,107.33,View,,,,,,,,,,
2822,ch2_tmc_nca_20200611T1713471897_d_img_d18.zip,2020-06-11T17:13:47.189Z,2020-06-11T17:24:23.213Z,1572368000,107.33,View,,,,,,,,,,
2823,ch2_tmc_ncf_20200611T1713471897_d_img_d18.zip,2020-06-11T17:13:47.189Z,2020-06-11T17:24:23.216Z,1572376000,107.33,View,,,,,,,,,,
2824,ch2_tmc_ncn_20200610T1736062215_d_img_d18.zip,2020-06-10T17:36:06.221Z,2020-06-10T17:46:43.274Z,1574912000,108.5,View,,,,,,,,,,
2825,ch2_tmc_nca_20200610T1736062215_d_img_d18.zip,2020-06-10T17:36:06.221Z,2020-06-10T17:46:43.274Z,1574912000,108.5,View,,,,,,,,,,
2826,ch2_tmc_ncf_20200610T1736062215_d_img_d18.zip,2020-06-10T17:36:06.221Z,2020-06-10T17:46:43.270Z,1574904000,108.5,View,,,,,,,,,,
2827,ch2_tmc_ncn_20200610T2132229621_d_img_d18.zip,2020-06-10T21:32:22.962Z,2020-06-10T21:42:58.991Z,1572384000,108.18,View,,,,,,,,,,
2828,ch2_tmc_nca_20200610T2132229621_d_img_d18.zip,2020-06-10T21:32:22.962Z,2020-06-10T21:42:58.991Z,1572384000,108.18,View,,,,,,,,,,
2829,ch2_tmc_ncf_20200610T2132229621_d_img_d18.zip,2020-06-10T21:32:22.962Z,2020-06-10T21:42:58.988Z,1572376000,108.18,View,,,,,,,,,,
2830,ch2_tmc_ncn_20200604T1751089694_d_img_d18.zip,2020-06-04T17:51:08.969Z,2020-06-04T18:01:42.821Z,1567000000,105.95,View,,,,,,,,,,
2831,ch2_tmc_nca_20200604T1751089694_d_img_d18.zip,2020-06-04T17:51:08.969Z,2020-06-04T18:01:42.821Z,1567000000,105.95,View,,,,,,,,,,
2832,ch2_tmc_ncf_20200604T1751089694_d_img_d18.zip,2020-06-04T17:51:08.969Z,2020-06-04T18:01:42.817Z,1566992000,105.95,View,,,,,,,,,,
2833,ch2_tmc_ncn_20200604T1354521199_d_img_d18.zip,2020-06-04T13:54:52.119Z,2020-06-04T14:05:25.755Z,1564784000,106.26,View,,,,,,,,,,
2834,ch2_tmc_nca_20200604T1354521199_d_img_d18.zip,2020-06-04T13:54:52.119Z,2020-06-04T14:05:25.722Z,1564776000,106.26,View,,,,,,,,,,
2835,ch2_tmc_ncf_20200604T1354521199_d_img_d18.zip,2020-06-04T13:54:52.119Z,2020-06-04T14:05:25.755Z,1564784000,106.26,View,,,,,,,,,,
2836,ch2_tmc_ncn_20200602T1439293042_d_img_d18.zip,2020-06-02T14:39:29.304Z,2020-06-02T14:49:25.262Z,1473320000,106.79,View,,,,,,,,,,
2837,ch2_tmc_nca_20200602T1439293042_d_img_d18.zip,2020-06-02T14:39:29.304Z,2020-06-02T14:49:25.265Z,1473328000,106.79,View,,,,,,,,,,
2838,ch2_tmc_ncf_20200602T1439293042_d_img_d18.zip,2020-06-02T14:39:29.304Z,2020-06-02T14:49:25.265Z,1473328000,106.79,View,,,,,,,,,,
2839,ch2_tmc_ncn_20200602T1835477474_d_img_d18.zip,2020-06-02T18:35:47.747Z,2020-06-02T18:45:41.117Z,1468584000,106.73,View,,,,,,,,,,
2840,ch2_tmc_nca_20200602T1835477474_d_img_d18.zip,2020-06-02T18:35:47.747Z,2020-06-02T18:45:41.120Z,1468592000,106.73,View,,,,,,,,,,
2841,ch2_tmc_ncf_20200602T1835477474_d_img_d18.zip,2020-06-02T18:35:47.747Z,2020-06-02T18:45:41.120Z,1468592000,106.73,View,,,,,,,,,,
2842,ch2_tmc_ncn_20200602T1043084403_d_img_d18.zip,2020-06-02T10:43:08.440Z,2020-06-02T10:53:01.460Z,1466056000,106.7,View,,,,,,,,,,
2843,ch2_tmc_nca_20200602T1043084403_d_img_d18.zip,2020-06-02T10:43:08.440Z,2020-06-02T10:53:01.460Z,1466056000,106.7,View,,,,,,,,,,
2844,ch2_tmc_ncf_20200602T1043084403_d_img_d18.zip,2020-06-02T10:43:08.440Z,2020-06-02T10:53:01.456Z,1466048000,106.7,View,,,,,,,,,,
2845,ch2_tmc_ncn_20200601T1659465327_d_img_d18.zip,2020-06-01T16:59:46.532Z,2020-06-01T17:09:40.578Z,1468592000,105.89,View,,,,,,,,,,
2846,ch2_tmc_nca_20200601T1659465327_d_img_d18.zip,2020-06-01T16:59:46.532Z,2020-06-01T17:09:40.574Z,1468584000,105.89,View,,,,,,,,,,
2847,ch2_tmc_ncf_20200601T1659465327_d_img_d18.zip,2020-06-01T16:59:46.532Z,2020-06-01T17:09:40.574Z,1468584000,105.89,View,,,,,,,,,,
2848,ch2_tmc_ncn_20200601T1303261992_d_img_d18.zip,2020-06-01T13:03:26.199Z,2020-06-01T13:13:22.163Z,1473336000,105.47,View,,,,,,,,,,
2849,ch2_tmc_nca_20200601T1303261992_d_img_d18.zip,2020-06-01T13:03:26.199Z,2020-06-01T13:13:22.160Z,1473328000,105.47,View,,,,,,,,,,
2850,ch2_tmc_ncf_20200601T1303261992_d_img_d18.zip,2020-06-01T13:03:26.199Z,2020-06-01T13:13:22.160Z,1473328000,105.47,View,,,,,,,,,,
2851,ch2_tmc_ncn_20200601T0907083441_d_img_d18.zip,2020-06-01T09:07:08.344Z,2020-06-01T09:17:00.210Z,1463208000,105.05,View,,,,,,,,,,
2852,ch2_tmc_nca_20200601T0907083441_d_img_d18.zip,2020-06-01T09:07:08.344Z,2020-06-01T09:17:00.207Z,1463200000,105.05,View,,,,,,,,,,
2853,ch2_tmc_ncf_20200601T0907083441_d_img_d18.zip,2020-06-01T09:07:08.344Z,2020-06-01T09:17:00.210Z,1463208000,105.05,View,,,,,,,,,,
2854,ch2_tmc_ncn_20200531T0928557026_d_img_d18.zip,2020-05-31T09:28:55.702Z,2020-05-31T09:38:47.566Z,1463200000,102.22,View,,,,,,,,,,
2855,ch2_tmc_nca_20200531T0928557026_d_img_d18.zip,2020-05-31T09:28:55.702Z,2020-05-31T09:38:47.569Z,1463208000,102.22,View,,,,,,,,,,
2856,ch2_tmc_ncf_20200531T0928557026_d_img_d18.zip,2020-05-31T09:28:55.702Z,2020-05-31T09:38:47.569Z,1463208000,102.22,View,,,,,,,,,,
2857,ch2_tmc_ncn_20200531T1325146071_d_img_d18.zip,2020-05-31T13:25:14.607Z,2020-05-31T13:35:09.544Z,1470800000,102.59,View,,,,,,,,,,
2858,ch2_tmc_nca_20200531T1325146071_d_img_d18.zip,2020-05-31T13:25:14.607Z,2020-05-31T13:35:09.548Z,1470808000,102.59,View,,,,,,,,,,
2859,ch2_tmc_ncf_20200531T1325146071_d_img_d18.zip,2020-05-31T13:25:14.607Z,2020-05-31T13:35:09.548Z,1470808000,102.59,View,,,,,,,,,,
2860,ch2_tmc_ncn_20200531T1721323765_d_img_d18.zip,2020-05-31T17:21:32.376Z,2020-05-31T17:31:26.288Z,1468264000,103.01,View,,,,,,,,,,
2861,ch2_tmc_nca_20200531T1721323765_d_img_d18.zip,2020-05-31T17:21:32.376Z,2020-05-31T17:31:26.291Z,1468272000,103.01,View,,,,,,,,,,
2862,ch2_tmc_ncf_20200531T1721323765_d_img_d18.zip,2020-05-31T17:21:32.376Z,2020-05-31T17:31:26.291Z,1468272000,103.01,View,,,,,,,,,,
2863,ch2_tmc_ncn_20200530T1149184847_d_img_d18.zip,2020-05-30T11:49:18.484Z,2020-05-30T11:59:12.522Z,1468576000,101.8,View,,,,,,,,,,
2864,ch2_tmc_nca_20200530T1149184847_d_img_d18.zip,2020-05-30T11:49:18.484Z,2020-05-30T11:59:12.526Z,1468584000,101.8,View,,,,,,,,,,
2865,ch2_tmc_ncf_20200530T1149184847_d_img_d18.zip,2020-05-30T11:49:18.484Z,2020-05-30T11:59:12.526Z,1468584000,101.8,View,,,,,,,,,,
2866,ch2_tmc_ncn_20200529T1211273987_d_img_d18.zip,2020-05-29T12:11:27.398Z,2020-05-29T12:21:20.417Z,1466056000,101.28,View,,,,,,,,,,
2867,ch2_tmc_nca_20200529T1211273987_d_img_d18.zip,2020-05-29T12:11:27.398Z,2020-05-29T12:21:20.414Z,1466048000,101.28,View,,,,,,,,,,
2868,ch2_tmc_ncf_20200529T1211273987_d_img_d18.zip,2020-05-29T12:11:27.398Z,2020-05-29T12:21:20.417Z,1466056000,101.28,View,,,,,,,,,,
2869,ch2_tmc_ncn_20200526T1318354351_d_img_d18.zip,2020-05-26T13:18:35.435Z,2020-05-26T13:28:25.253Z,1458144000,97.34,View,,,,,,,,,,
2870,ch2_tmc_nca_20200526T1318354351_d_img_d18.zip,2020-05-26T13:18:35.435Z,2020-05-26T13:28:25.250Z,1458136000,97.34,View,,,,,,,,,,
2871,ch2_tmc_ncf_20200526T1318354351_d_img_d18.zip,2020-05-26T13:18:35.435Z,2020-05-26T13:28:25.253Z,1458144000,97.34,View,,,,,,,,,,
2872,ch2_tmc_ncn_20200523T0435317241_d_img_d18.zip,2020-05-23T04:35:31.724Z,2020-05-23T04:45:27.817Z,1473656000,107.23,View,,,,,,,,,,
2873,ch2_tmc_nca_20200523T0435317241_d_img_d18.zip,2020-05-23T04:35:31.724Z,2020-05-23T04:45:27.817Z,1473656000,107.23,View,,,,,,,,,,
2874,ch2_tmc_ncf_20200523T0435317241_d_img_d18.zip,2020-05-23T04:35:31.724Z,2020-05-23T04:45:27.813Z,1473648000,107.23,View,,,,,,,,,,
2875,ch2_tmc_ncn_20200522T0854213200_d_img_d18.zip,2020-05-22T08:54:21.320Z,2020-05-22T09:04:19.331Z,1478400000,110.28,View,,,,,,,,,,
2876,ch2_tmc_nca_20200522T0854213200_d_img_d18.zip,2020-05-22T08:54:21.320Z,2020-05-22T09:04:19.328Z,1478392000,110.28,View,,,,,,,,,,
2877,ch2_tmc_ncf_20200522T0854213200_d_img_d18.zip,2020-05-22T08:54:21.320Z,2020-05-22T09:04:19.331Z,1478400000,110.28,View,,,,,,,,,,
2878,ch2_tmc_ncn_20200522T0101489909_d_img_d18.zip,2020-05-22T01:01:48.990Z,2020-05-22T01:11:46.999Z,1478392000,110.01,View,,,,,,,,,,
2879,ch2_tmc_nca_20200522T0101489909_d_img_d18.zip,2020-05-22T01:01:48.990Z,2020-05-22T01:11:46.996Z,1478384000,110.01,View,,,,,,,,,,
2880,ch2_tmc_ncf_20200522T0101489909_d_img_d18.zip,2020-05-22T01:01:48.990Z,2020-05-22T01:11:46.999Z,1478392000,110.01,View,,,,,,,,,,
2881,ch2_tmc_ncn_20200521T0124067336_d_img_d18.zip,2020-05-21T01:24:06.733Z,2020-05-21T01:34:04.872Z,1478712000,110.51,View,,,,,,,,,,
2882,ch2_tmc_nca_20200521T0124067336_d_img_d18.zip,2020-05-21T01:24:06.733Z,2020-05-21T01:34:04.868Z,1478704000,110.51,View,,,,,,,,,,
2883,ch2_tmc_ncf_20200521T0124067336_d_img_d18.zip,2020-05-21T01:24:06.733Z,2020-05-21T01:34:04.872Z,1478712000,110.51,View,,,,,,,,,,
2884,ch2_tmc_ncn_20191220T0234303409_d_img_d18.zip,2019-12-20T02:34:30.340Z,2019-12-20T02:44:03.907Z,1417960000,81.63,View,,,,,,,,,,
2885,ch2_tmc_nca_20191220T0234303409_d_img_d18.zip,2019-12-20T02:34:30.340Z,2019-12-20T02:44:03.907Z,1417960000,81.63,View,,,,,,,,,,
2886,ch2_tmc_ncf_20191220T0234303409_d_img_d18.zip,2019-12-20T02:34:30.340Z,2019-12-20T02:44:03.903Z,1417952000,81.63,View,,,,,,,,,,
2887,ch2_tmc_ncn_20191219T2239092459_d_img_d18.zip,2019-12-19T22:39:09.245Z,2019-12-19T22:48:41.656Z,1415104000,82.01,View,,,,,,,,,,
2888,ch2_tmc_nca_20191219T2239092459_d_img_d18.zip,2019-12-19T22:39:09.245Z,2019-12-19T22:48:41.659Z,1415112000,82.01,View,,,,,,,,,,
2889,ch2_tmc_ncf_20191219T2239092459_d_img_d18.zip,2019-12-19T22:39:09.245Z,2019-12-19T22:48:41.659Z,1415112000,82.01,View,,,,,,,,,,
2890,ch2_tmc_ncn_20191208T1407135911_d_img_d18.zip,2019-12-08T14:07:13.591Z,2019-12-08T14:16:48.179Z,1420488000,88.6,View,,,,,,,,,,
2891,ch2_tmc_nca_20191208T1407135911_d_img_d18.zip,2019-12-08T14:07:13.591Z,2019-12-08T14:16:48.176Z,1420480000,88.6,View,,,,,,,,,,
2892,ch2_tmc_ncf_20191208T1407135911_d_img_d18.zip,2019-12-08T14:07:13.591Z,2019-12-08T14:16:48.179Z,1420488000,88.6,View,,,,,,,,,,
2893,ch2_tmc_ncn_20200209T0626426134_d_img_cnb.zip,2020-02-09T06:26:42.613Z,2020-02-09T06:36:26.414Z,1443264000,85.32,View,,,,,,,,,,
2894,ch2_tmc_nca_20200209T0626426134_d_img_cnb.zip,2020-02-09T06:26:42.613Z,2020-02-09T06:36:26.418Z,1443272000,85.32,View,,,,,,,,,,
2895,ch2_tmc_ncf_20200209T0626426134_d_img_cnb.zip,2020-02-09T06:26:42.613Z,2020-02-09T06:36:26.418Z,1443272000,85.32,View,,,,,,,,,,
2896,ch2_tmc_ncn_20200124T1105338095_d_img_c36.zip,2020-01-24T11:05:33.809Z,2020-01-24T11:15:22.901Z,1458136000,96.26,View,,,,,,,,,,
2897,ch2_tmc_nca_20200124T1105338095_d_img_c36.zip,2020-01-24T11:05:33.809Z,2020-01-24T11:15:22.901Z,1458136000,96.26,View,,,,,,,,,,
2898,ch2_tmc_ncf_20200124T1105338095_d_img_c36.zip,2020-01-24T11:05:33.809Z,2020-01-24T11:15:22.897Z,1458128000,96.26,View,,,,,,,,,,
2899,ch2_tmc_ncn_20200121T0825168134_d_img_g26.zip,2020-01-21T08:25:16.813Z,2020-01-21T08:27:13.834Z,289304000,97.28,View,,,,,,,,,,
2900,ch2_tmc_nca_20200121T0825168134_d_img_g26.zip,2020-01-21T08:25:16.813Z,2020-01-21T08:27:13.837Z,289312000,97.28,,,,,,,,,,,
2901,ch2_tmc_ncf_20200121T0825168134_d_img_g26.zip,2020-01-21T08:25:16.813Z,2020-01-21T08:27:13.837Z,289312000,97.28,View,,,,,,,,,,
2902,ch2_tmc_ncn_20200107T0031239990_d_img_mad.zip,2020-01-07T00:31:23.999Z,2020-01-07T00:41:13.942Z,1458440000,95.42,View,,,,,,,,,,
2903,ch2_tmc_nca_20200107T0031239990_d_img_mad.zip,2020-01-07T00:31:23.999Z,2020-01-07T00:41:13.945Z,1458448000,95.42,View,,,,,,,,,,
2904,ch2_tmc_ncf_20200107T0031239990_d_img_mad.zip,2020-01-07T00:31:23.999Z,2020-01-07T00:41:13.945Z,1458448000,95.42,View,,,,,,,,,,
2905,ch2_tmc_ncn_20200106T1837379808_d_img_mad.zip,2020-01-06T18:37:37.980Z,2020-01-06T18:47:26.908Z,1455936000,95.45,View,,,,,,,,,,
2906,ch2_tmc_nca_20200106T1837379808_d_img_mad.zip,2020-01-06T18:37:37.980Z,2020-01-06T18:47:26.904Z,1455928000,95.45,View,,,,,,,,,,
2907,ch2_tmc_ncf_20200106T1837379808_d_img_mad.zip,2020-01-06T18:37:37.980Z,2020-01-06T18:47:26.908Z,1455936000,95.45,View,,,,,,,,,,
2908,ch2_tmc_ncn_20200105T0120573802_d_img_gds.zip,2020-01-05T01:20:57.380Z,2020-01-05T01:22:50.237Z,279856000,93.77,View,,,,,,,,,,
2909,ch2_tmc_nca_20200105T0120573802_d_img_gds.zip,2020-01-05T01:20:57.380Z,2020-01-05T01:22:50.237Z,279856000,93.77,View,,,,,,,,,,
2910,ch2_tmc_ncf_20200105T0120573802_d_img_gds.zip,2020-01-05T01:20:57.380Z,2020-01-05T01:22:50.234Z,279848000,93.77,View,,,,,,,,,,
2911,ch2_tmc_ncn_20191231T2249281228_d_img_g26.zip,2019-12-31T22:49:28.122Z,2019-12-31T22:59:02.582Z,1420168000,85.19,View,,,,,,,,,,
2912,ch2_tmc_nca_20191231T2249281228_d_img_g26.zip,2019-12-31T22:49:28.122Z,2019-12-31T22:59:02.582Z,1420168000,85.19,View,,,,,,,,,,
2913,ch2_tmc_ncn_20191231T1656342808_d_img_m65.zip,2019-12-31T16:56:34.280Z,2019-12-31T16:58:47.113Z,329080000,82.9,View,,,,,,,,,,
2914,ch2_tmc_nca_20191231T1656342808_d_img_m65.zip,2019-12-31T16:56:34.280Z,2019-12-31T16:58:47.116Z,329088000,82.9,View,,,,,,,,,,
2915,ch2_tmc_ncf_20191231T2249281228_d_img_g26.zip,2019-12-31T22:49:28.122Z,2019-12-31T22:59:02.578Z,1420160000,85.19,View,,,,,,,,,,
2916,ch2_tmc_ncf_20191231T1656342808_d_img_m65.zip,2019-12-31T16:56:34.280Z,2019-12-31T16:58:47.116Z,329088000,82.9,View,,,,,,,,,,
2917,ch2_tmc_ncn_20191228T1229457840_d_img_mad.zip,2019-12-28T12:29:45.784Z,2019-12-28T12:31:44.879Z,294432000,86.23,View,,,,,,,,,,
2918,ch2_tmc_nca_20191228T1229457840_d_img_mad.zip,2019-12-28T12:29:45.784Z,2019-12-28T12:31:44.876Z,294424000,86.23,View,,,,,,,,,,
2919,ch2_tmc_ncf_20191228T1229457840_d_img_mad.zip,2019-12-28T12:29:45.784Z,2019-12-28T12:31:44.879Z,294432000,86.23,View,,,,,,,,,,
2920,ch2_tmc_ncn_20191220T1420261855_d_img_d18.zip,2019-12-20T14:20:26.185Z,2019-12-20T14:29:58.596Z,1415104000,81.17,View,,,,,,,,,,
2921,ch2_tmc_nca_20191220T1420261855_d_img_d18.zip,2019-12-20T14:20:26.185Z,2019-12-20T14:29:58.599Z,1415112000,81.17,View,,,,,,,,,,
2922,ch2_tmc_ncf_20191220T1420261855_d_img_d18.zip,2019-12-20T14:20:26.185Z,2019-12-20T14:29:58.599Z,1415112000,81.17,View,,,,,,,,,,
2923,ch2_tmc_ncn_20191220T0827299779_d_img_gds.zip,2019-12-20T08:27:29.977Z,2019-12-20T08:29:15.355Z,260520000,81.8,View,,,,,,,,,,
2924,ch2_tmc_nca_20191220T0827299779_d_img_gds.zip,2019-12-20T08:27:29.977Z,2019-12-20T08:29:15.359Z,260528000,81.8,View,,,,,,,,,,
2925,ch2_tmc_ncf_20191220T0827299779_d_img_gds.zip,2019-12-20T08:27:29.977Z,2019-12-20T08:29:15.355Z,260520000,81.8,View,,,,,,,,,,
2926,ch2_tmc_ncn_20191217T2335216842_d_img_d18.zip,2019-12-17T23:35:21.684Z,2019-12-17T23:44:55.247Z,1417952000,86.56,View,,,,,,,,,,
2927,ch2_tmc_nca_20191217T2335216842_d_img_d18.zip,2019-12-17T23:35:21.684Z,2019-12-17T23:44:55.250Z,1417960000,86.56,View,,,,,,,,,,
2928,ch2_tmc_ncf_20191217T2335216842_d_img_d18.zip,2019-12-17T23:35:21.684Z,2019-12-17T23:44:55.250Z,1417960000,86.56,View,,,,,,,,,,
2929,ch2_tmc_ncn_20191218T0528193835_d_img_gds.zip,2019-12-18T05:28:19.383Z,2019-12-18T05:37:53.842Z,1420160000,86.61,View,,,,,,,,,,
2930,ch2_tmc_nca_20191218T0528193835_d_img_gds.zip,2019-12-18T05:28:19.383Z,2019-12-18T05:37:53.839Z,1420152000,86.61,View,,,,,,,,,,
2931,ch2_tmc_ncf_20191218T0528193835_d_img_gds.zip,2019-12-18T05:28:19.383Z,2019-12-18T05:37:53.842Z,1420160000,86.61,View,,,,,,,,,,
2932,ch2_tmc_ncn_20191216T1217586845_d_img_cnb.zip,2019-12-16T12:17:58.684Z,2019-12-16T12:27:26.267Z,1403168000,85.71,View,,,,,,,,,,
2933,ch2_tmc_nca_20191216T1217586845_d_img_cnb.zip,2019-12-16T12:17:58.684Z,2019-12-16T12:27:26.267Z,1403168000,85.71,View,,,,,,,,,,
2934,ch2_tmc_ncf_20191216T1217586845_d_img_cnb.zip,2019-12-16T12:17:58.684Z,2019-12-16T12:27:26.264Z,1403160000,85.71,View,,,,,,,,,,
2935,ch2_tmc_ncn_20191213T0552461631_d_img_gds.zip,2019-12-13T05:52:46.163Z,2019-12-13T05:56:30.937Z,555688000,85.31,View,,,,,,,,,,
2936,ch2_tmc_nca_20191213T0552461631_d_img_gds.zip,2019-12-13T05:52:46.163Z,2019-12-13T05:56:30.937Z,555688000,85.31,View,,,,,,,,,,
2937,ch2_tmc_ncf_20191213T0552461664_d_img_gds.zip,2019-12-13T05:52:46.166Z,2019-12-13T05:56:30.940Z,555688000,85.31,View,,,,,,,,,,
2938,ch2_tmc_ncn_20191209T0152596179_d_img_g26.zip,2019-12-09T01:52:59.617Z,2019-12-09T02:02:44.526Z,1446000000,87.84,View,,,,,,,,,,
2939,ch2_tmc_nca_20191209T0152596179_d_img_g26.zip,2019-12-09T01:52:59.617Z,2019-12-09T02:02:44.526Z,1446000000,87.84,View,,,,,,,,,,
2940,ch2_tmc_ncf_20191209T0152596179_d_img_g26.zip,2019-12-09T01:52:59.617Z,2019-12-09T02:02:44.522Z,1445992000,87.84,View,,,,,,,,,,
2941,ch2_tmc_ncn_20191208T0221109733_d_img_g26.zip,2019-12-08T02:21:10.973Z,2019-12-08T02:30:56.955Z,1448656000,89.07,View,,,,,,,,,,
2942,ch2_tmc_nca_20191208T0221109733_d_img_g26.zip,2019-12-08T02:21:10.973Z,2019-12-08T02:30:56.955Z,1448656000,89.07,View,,,,,,,,,,
2943,ch2_tmc_ncf_20191208T0221109733_d_img_g26.zip,2019-12-08T02:21:10.973Z,2019-12-08T02:30:56.952Z,1448648000,89.07,View,,,,,,,,,,
2944,ch2_tmc_ncn_20191208T0221109733_d_img_gds.zip,2019-12-08T02:21:10.973Z,2019-12-08T02:30:56.955Z,1448656000,89.07,View,,,,,,,,,,
2945,ch2_tmc_nca_20191208T0221109733_d_img_gds.zip,2019-12-08T02:21:10.973Z,2019-12-08T02:30:56.955Z,1448656000,89.07,View,,,,,,,,,,
2946,ch2_tmc_ncf_20191208T0221109733_d_img_gds.zip,2019-12-08T02:21:10.973Z,2019-12-08T02:30:56.952Z,1448648000,89.07,View,,,,,,,,,,
2947,ch2_tmc_ncn_20191125T0749024692_d_img_d18.zip,2019-11-25T07:49:02.469Z,2019-11-25T07:58:25.663Z,1392320000,79.21,View,,,,,,,,,,
2948,ch2_tmc_nca_20191125T0749024661_d_img_d18.zip,2019-11-25T07:49:02.466Z,2019-11-25T07:58:25.663Z,1392328000,79.21,View,,,,,,,,,,
2949,ch2_tmc_ncf_20191125T0749024661_d_img_d18.zip,2019-11-25T07:49:02.466Z,2019-11-25T07:58:25.660Z,1392320000,79.21,View,,,,,,,,,,
2950,ch2_tmc_ncn_20200119T1904174230_d_img_d18.zip,2020-01-19T19:04:17.423Z,2020-01-19T19:14:05.195Z,1453080000,91.92,View,,,,,,,,,,
2951,ch2_tmc_nca_20200119T1904174230_d_img_d18.zip,2020-01-19T19:04:17.423Z,2020-01-19T19:14:05.195Z,1453080000,91.92,View,,,,,,,,,,
2952,ch2_tmc_ncf_20200119T1904174230_d_img_d18.zip,2020-01-19T19:04:17.423Z,2020-01-19T19:14:05.191Z,1453072000,91.92,View,,,,,,,,,,
2953,ch2_tmc_ncn_20191221T1747006689_d_img_d18.zip,2019-12-21T17:47:00.668Z,2019-12-21T17:56:31.313Z,1410040000,76.34,View,,,,,,,,,,
2954,ch2_tmc_nca_20191221T1747006689_d_img_d18.zip,2019-12-21T17:47:00.668Z,2019-12-21T17:56:31.346Z,1410048000,76.34,View,,,,,,,,,,
2955,ch2_tmc_ncf_20191221T1747006689_d_img_d18.zip,2019-12-21T17:47:00.668Z,2019-12-21T17:56:31.346Z,1410048000,76.34,View,,,,,,,,,,
2956,ch2_tmc_ncn_20200119T0716472475_d_img_g26.zip,2020-01-19T07:16:47.247Z,2020-01-19T07:26:33.993Z,1450544000,91.07,View,,,,,,,,,,
2957,ch2_tmc_nca_20200119T0716472475_d_img_g26.zip,2020-01-19T07:16:47.247Z,2020-01-19T07:26:33.996Z,1450552000,91.07,View,,,,,,,,,,
2958,ch2_tmc_ncf_20200119T0716472475_d_img_g26.zip,2020-01-19T07:16:47.247Z,2020-01-19T07:26:33.996Z,1450552000,91.07,View,,,,,,,,,,
2959,ch2_tmc_ncn_20200103T0603546139_d_img_d18.zip,2020-01-03T06:03:54.613Z,2020-01-03T06:13:47.825Z,1466056000,102.26,View,,,,,,,,,,
2960,ch2_tmc_nca_20200103T0603546139_d_img_d18.zip,2020-01-03T06:03:54.613Z,2020-01-03T06:13:47.825Z,1466056000,102.26,View,,,,,,,,,,
2961,ch2_tmc_ncf_20200103T0603546139_d_img_d18.zip,2020-01-03T06:03:54.613Z,2020-01-03T06:13:47.792Z,1466048000,102.26,View,,,,,,,,,,
2962,ch2_tmc_ncn_20191221T0008018637_d_img_d18.zip,2019-12-21T00:08:01.863Z,2019-12-21T00:17:42.591Z,1435664000,80.88,View,,,,,,,,,,
2963,ch2_tmc_nca_20191221T0008018637_d_img_d18.zip,2019-12-21T00:08:01.863Z,2019-12-21T00:17:42.594Z,1435672000,80.88,View,,,,,,,,,,
2964,ch2_tmc_ncf_20191221T0008018637_d_img_d18.zip,2019-12-21T00:08:01.863Z,2019-12-21T00:17:42.594Z,1435672000,80.88,View,,,,,,,,,,
2965,ch2_tmc_ncn_20200119T0123021955_d_img_d18.zip,2020-01-19T01:23:02.195Z,2020-01-19T01:32:50.943Z,1455928000,90.62,View,,,,,,,,,,
2966,ch2_tmc_nca_20200119T0123021955_d_img_d18.zip,2020-01-19T01:23:02.195Z,2020-01-19T01:32:50.940Z,1455920000,90.62,View,,,,,,,,,,
2967,ch2_tmc_ncf_20200119T0123021955_d_img_d18.zip,2020-01-19T01:23:02.195Z,2020-01-19T01:32:50.943Z,1455928000,90.62,View,,,,,,,,,,
2968,ch2_tmc_ncn_20200102T1809548839_d_img_m65.zip,2020-01-02T18:09:54.883Z,2020-01-02T18:19:47.775Z,1465736000,103.95,View,,,,,,,,,,
2969,ch2_tmc_nca_20200102T1809548839_d_img_m65.zip,2020-01-02T18:09:54.883Z,2020-01-02T18:19:47.775Z,1465736000,103.95,View,,,,,,,,,,
2970,ch2_tmc_ncf_20200102T1809548839_d_img_m65.zip,2020-01-02T18:09:54.883Z,2020-01-02T18:19:47.772Z,1465728000,103.95,View,,,,,,,,,,
2971,ch2_tmc_ncn_20191206T0712227064_d_img_d18.zip,2019-12-06T07:12:22.706Z,2019-12-06T07:22:03.310Z,1435360000,94.21,View,,,,,,,,,,
2972,ch2_tmc_nca_20191206T0712227064_d_img_d18.zip,2019-12-06T07:12:22.706Z,2019-12-06T07:22:03.307Z,1435352000,94.21,View,,,,,,,,,,
2973,ch2_tmc_ncf_20191206T0712227064_d_img_d18.zip,2019-12-06T07:12:22.706Z,2019-12-06T07:22:03.310Z,1435360000,94.21,View,,,,,,,,,,
2974,ch2_tmc_ncn_20200117T2350041351_d_img_d18.zip,2020-01-17T23:50:04.135Z,2020-01-17T23:59:52.808Z,1455608000,91.14,View,,,,,,,,,,
2975,ch2_tmc_ncn_20200102T0413599975_d_img_d18.zip,2020-01-02T04:13:59.997Z,2020-01-02T04:18:52.187Z,722352000,105.44,View,,,,,,,,,,
2976,ch2_tmc_nca_20200117T2350041351_d_img_d18.zip,2020-01-17T23:50:04.135Z,2020-01-17T23:59:52.808Z,1455608000,91.14,View,,,,,,,,,,
2977,ch2_tmc_nca_20200102T0413599975_d_img_d18.zip,2020-01-02T04:13:59.997Z,2020-01-02T04:18:52.162Z,722288000,105.44,View,,,,,,,,,,
2978,ch2_tmc_ncf_20200102T0413599975_d_img_d18.zip,2020-01-02T04:13:59.997Z,2020-01-02T04:18:52.181Z,722336000,105.44,View,,,,,,,,,,
2979,ch2_tmc_ncf_20200117T2350041351_d_img_d18.zip,2020-01-17T23:50:04.135Z,2020-01-17T23:59:52.804Z,1455600000,91.14,View,,,,,,,,,,
2980,ch2_tmc_ncn_20191218T1714166346_d_img_d18.zip,2019-12-18T17:14:16.634Z,2019-12-18T17:23:51.907Z,1420160000,85.88,View,,,,,,,,,,
2981,ch2_tmc_nca_20191218T1714166346_d_img_d18.zip,2019-12-18T17:14:16.634Z,2019-12-18T17:23:51.938Z,1420168000,85.88,View,,,,,,,,,,
2982,ch2_tmc_ncf_20191218T1714166346_d_img_d18.zip,2019-12-18T17:14:16.634Z,2019-12-18T17:23:51.938Z,1420168000,85.88,View,,,,,,,,,,
2983,ch2_tmc_ncn_20191217T1149264828_d_img_d18.zip,2019-12-17T11:49:26.482Z,2019-12-17T11:59:03.375Z,1426184000,86.61,View,,,,,,,,,,
2984,ch2_tmc_nca_20191217T1149264828_d_img_d18.zip,2019-12-17T11:49:26.482Z,2019-12-17T11:59:03.372Z,1426176000,86.61,View,,,,,,,,,,
2985,ch2_tmc_ncf_20191217T1149264828_d_img_d18.zip,2019-12-17T11:49:26.482Z,2019-12-17T11:59:03.375Z,1426184000,86.61,View,,,,,,,,,,
2986,ch2_tmc_ncn_20191201T1300046010_d_img_d18.zip,2019-12-01T13:00:04.601Z,2019-12-01T13:09:36.115Z,1412888000,95.08,View,,,,,,,,,,
2987,ch2_tmc_nca_20191201T1300046010_d_img_d18.zip,2019-12-01T13:00:04.601Z,2019-12-01T13:09:36.118Z,1412896000,95.08,View,,,,,,,,,,
2988,ch2_tmc_ncf_20191201T1300046043_d_img_d18.zip,2019-12-01T13:00:04.604Z,2019-12-01T13:09:36.118Z,1412888000,95.08,View,,,,,,,,,,
2989,ch2_tmc_ncn_20191231T1103398359_d_img_d18.zip,2019-12-31T11:03:39.835Z,2019-12-31T11:13:12.376Z,1415424000,85.84,View,,,,,,,,,,
2990,ch2_tmc_nca_20191231T1103398359_d_img_d18.zip,2019-12-31T11:03:39.835Z,2019-12-31T11:13:12.376Z,1415424000,85.84,View,,,,,,,,,,
2991,ch2_tmc_ncf_20191231T1103398359_d_img_d18.zip,2019-12-31T11:03:39.835Z,2019-12-31T11:13:12.379Z,1415432000,85.84,View,,,,,,,,,,
2992,ch2_tmc_ncn_20200117T0014566028_d_img_d18.zip,2020-01-17T00:14:56.602Z,2020-01-17T00:24:46.552Z,1458464000,94.41,View,,,,,,,,,,
2993,ch2_tmc_nca_20200117T0014566028_d_img_d18.zip,2020-01-17T00:14:56.602Z,2020-01-17T00:24:46.552Z,1458464000,94.41,View,,,,,,,,,,
2994,ch2_tmc_ncf_20200117T0014566028_d_img_d18.zip,2020-01-17T00:14:56.602Z,2020-01-17T00:24:46.549Z,1458456000,94.41,View,,,,,,,,,,
2995,ch2_tmc_ncn_20191216T1810447840_d_img_d18.zip,2019-12-16T18:10:44.784Z,2019-12-16T18:20:20.265Z,1422696000,86.4,View,,,,,,,,,,
2996,ch2_tmc_nca_20191216T1810447840_d_img_d18.zip,2019-12-16T18:10:44.784Z,2019-12-16T18:20:20.269Z,1422704000,86.4,View,,,,,,,,,,
2997,ch2_tmc_ncf_20191216T1810447840_d_img_d18.zip,2019-12-16T18:10:44.784Z,2019-12-16T18:20:20.269Z,1422704000,86.4,View,,,,,,,,,,
2998,ch2_tmc_ncn_20191230T2120128808_d_img_d18.zip,2019-12-30T21:20:12.880Z,2019-12-30T21:29:45.421Z,1415424000,87.03,View,,,,,,,,,,
2999,ch2_tmc_nca_20191230T2120128808_d_img_d18.zip,2019-12-30T21:20:12.880Z,2019-12-30T21:29:45.421Z,1415424000,87.03,View,,,,,,,,,,
3000,ch2_tmc_ncf_20191230T2120128808_d_img_d18.zip,2019-12-30T21:20:12.880Z,2019-12-30T21:29:45.424Z,1415432000,87.03,,,,,,,,,,,
3001,ch2_tmc_ncn_20200116T1227206758_d_img_d18.zip,2020-01-16T12:27:20.675Z,2020-01-16T12:37:12.800Z,1463840000,95.29,View,,,,,,,,,,
3002,ch2_tmc_nca_20200116T1227206758_d_img_d18.zip,2020-01-16T12:27:20.675Z,2020-01-16T12:37:12.800Z,1463840000,95.29,View,,,,,,,,,,
3003,ch2_tmc_ncf_20200116T1227206758_d_img_d18.zip,2020-01-16T12:27:20.675Z,2020-01-16T12:37:12.796Z,1463832000,95.29,View,,,,,,,,,,
3004,ch2_tmc_ncn_20200205T0608282756_d_img_d18.zip,2020-02-05T06:08:28.275Z,2020-02-05T06:18:11.699Z,1442944000,82.69,View,,,,,,,,,,
3005,ch2_tmc_nca_20200205T0608282756_d_img_d18.zip,2020-02-05T06:08:28.275Z,2020-02-05T06:18:11.702Z,1442952000,82.69,View,,,,,,,,,,
3006,ch2_tmc_ncf_20200205T0608282756_d_img_d18.zip,2020-02-05T06:08:28.275Z,2020-02-05T06:18:11.702Z,1442952000,82.69,View,,,,,,,,,,
3007,ch2_tmc_ncn_20191216T0032018751_d_img_d18.zip,2019-12-16T00:32:01.875Z,2019-12-16T00:41:45.676Z,1443264000,85.06,View,,,,,,,,,,
3008,ch2_tmc_nca_20191216T0032018751_d_img_d18.zip,2019-12-16T00:32:01.875Z,2019-12-16T00:41:45.680Z,1443272000,85.06,View,,,,,,,,,,
3009,ch2_tmc_ncf_20191216T0032018751_d_img_d18.zip,2019-12-16T00:32:01.875Z,2019-12-16T00:41:45.680Z,1443272000,85.06,View,,,,,,,,,,
3010,ch2_tmc_ncn_20200116T0039481766_d_img_d18.zip,2020-01-16T00:39:48.176Z,2020-01-16T00:49:41.197Z,1466056000,96.74,View,,,,,,,,,,
3011,ch2_tmc_nca_20200116T0039481766_d_img_d18.zip,2020-01-16T00:39:48.176Z,2020-01-16T00:49:41.197Z,1466056000,96.74,View,,,,,,,,,,
3012,ch2_tmc_ncf_20200116T0039481766_d_img_d18.zip,2020-01-16T00:39:48.176Z,2020-01-16T00:49:41.194Z,1466048000,96.74,View,,,,,,,,,,
3013,ch2_tmc_ncn_20200203T1252118000_d_img_d18.zip,2020-02-03T12:52:11.800Z,2020-02-03T13:01:50.607Z,1430920000,79.49,View,,,,,,,,,,
3014,ch2_tmc_nca_20200203T1252118000_d_img_d18.zip,2020-02-03T12:52:11.800Z,2020-02-03T13:01:50.611Z,1430928000,79.49,View,,,,,,,,,,
3015,ch2_tmc_ncf_20200203T1252118000_d_img_d18.zip,2020-02-03T12:52:11.800Z,2020-02-03T13:01:50.611Z,1430928000,79.49,View,,,,,,,,,,
3016,ch2_tmc_ncn_20191215T2037064948_d_img_d18.zip,2019-12-15T20:37:06.494Z,2019-12-15T20:46:37.882Z,1412576000,85.18,View,,,,,,,,,,
3017,ch2_tmc_nca_20191215T2037064948_d_img_d18.zip,2019-12-15T20:37:06.494Z,2019-12-15T20:46:37.882Z,1412576000,85.18,View,,,,,,,,,,
3018,ch2_tmc_ncf_20191215T2037064979_d_img_d18.zip,2019-12-15T20:37:06.497Z,2019-12-15T20:46:37.879Z,1412560000,85.18,View,,,,,,,,,,
3019,ch2_tmc_ncn_20200115T0104408867_d_img_d18.zip,2020-01-15T01:04:40.886Z,2020-01-15T01:14:33.858Z,1465936000,99.14,View,,,,,,,,,,
3020,ch2_tmc_nca_20200115T0104408867_d_img_d18.zip,2020-01-15T01:04:40.886Z,2020-01-15T01:14:33.858Z,1465936000,99.14,View,,,,,,,,,,
3021,ch2_tmc_ncf_20200115T0104408867_d_img_d18.zip,2020-01-15T01:04:40.886Z,2020-01-15T01:14:33.855Z,1465928000,99.14,View,,,,,,,,,,
3022,ch2_tmc_ncn_20191130T2315431975_d_img_g26.zip,2019-11-30T23:15:43.197Z,2019-11-30T23:25:14.711Z,1412888000,93.25,View,,,,,,,,,,
3023,ch2_tmc_nca_20191130T2315431943_d_img_g26.zip,2019-11-30T23:15:43.194Z,2019-11-30T23:25:14.708Z,1412888000,93.25,View,,,,,,,,,,
3024,ch2_tmc_ncn_20191228T0043573692_d_img_d18.zip,2019-12-28T00:43:57.369Z,2019-12-28T00:53:41.171Z,1443264000,88.08,View,,,,,,,,,,
3025,ch2_tmc_ncf_20191130T2315431943_d_img_g26.zip,2019-11-30T23:15:43.194Z,2019-11-30T23:25:14.711Z,1412896000,93.25,View,,,,,,,,,,
3026,ch2_tmc_ncn_20191214T1710203439_d_img_d18.zip,2019-12-14T17:10:20.343Z,2019-12-14T17:19:51.732Z,1412576000,84.99,View,,,,,,,,,,
3027,ch2_tmc_nca_20191228T0043573692_d_img_d18.zip,2019-12-28T00:43:57.369Z,2019-12-28T00:53:41.174Z,1443272000,88.08,View,,,,,,,,,,
3028,ch2_tmc_nca_20191214T1710203439_d_img_d18.zip,2019-12-14T17:10:20.343Z,2019-12-14T17:19:51.732Z,1412576000,84.99,View,,,,,,,,,,
3029,ch2_tmc_ncf_20191228T0043573692_d_img_d18.zip,2019-12-28T00:43:57.369Z,2019-12-28T00:53:41.174Z,1443272000,88.08,View,,,,,,,,,,
3030,ch2_tmc_ncf_20191214T1710203471_d_img_d18.zip,2019-12-14T17:10:20.347Z,2019-12-14T17:19:51.728Z,1412560000,84.99,View,,,,,,,,,,
3031,ch2_tmc_ncn_20200113T2331401549_d_img_d18.zip,2020-01-13T23:31:40.154Z,2020-01-13T23:41:33.494Z,1465744000,99.86,View,,,,,,,,,,
3032,ch2_tmc_nca_20200113T2331401549_d_img_d18.zip,2020-01-13T23:31:40.154Z,2020-01-13T23:41:33.462Z,1465736000,99.86,View,,,,,,,,,,
3033,ch2_tmc_ncf_20200113T2331401549_d_img_d18.zip,2020-01-13T23:31:40.154Z,2020-01-13T23:41:33.494Z,1465744000,99.86,View,,,,,,,,,,
3034,ch2_tmc_ncn_20200129T0109401071_d_img_d18.zip,2020-01-29T01:09:40.107Z,2020-01-29T01:19:30.533Z,1458456000,92.18,View,,,,,,,,,,
3035,ch2_tmc_nca_20200129T0109401071_d_img_d18.zip,2020-01-29T01:09:40.107Z,2020-01-29T01:19:30.565Z,1458464000,92.18,View,,,,,,,,,,
3036,ch2_tmc_ncf_20200129T0109401071_d_img_d18.zip,2020-01-29T01:09:40.107Z,2020-01-29T01:19:30.565Z,1458464000,92.18,View,,,,,,,,,,
3037,ch2_tmc_ncn_20191227T1456035586_d_img_gds.zip,2019-12-27T14:56:03.558Z,2019-12-27T15:05:35.966Z,1415096000,86.16,View,,,,,,,,,,
3038,ch2_tmc_nca_20191227T1456035586_d_img_gds.zip,2019-12-27T14:56:03.558Z,2019-12-27T15:05:35.969Z,1415104000,86.16,View,,,,,,,,,,
3039,ch2_tmc_ncf_20191227T1456035586_d_img_gds.zip,2019-12-27T14:56:03.558Z,2019-12-27T15:05:35.969Z,1415104000,86.16,View,,,,,,,,,,
3040,ch2_tmc_ncn_20191213T1343221741_d_img_d18.zip,2019-12-13T13:43:22.174Z,2019-12-13T13:52:50.614Z,1405288000,85.51,View,,,,,,,,,,
3041,ch2_tmc_nca_20191213T1343221709_d_img_d18.zip,2019-12-13T13:43:22.170Z,2019-12-13T13:52:50.611Z,1405288000,85.51,View,,,,,,,,,,
3042,ch2_tmc_ncf_20191213T1343221709_d_img_d18.zip,2019-12-13T13:43:22.170Z,2019-12-13T13:52:50.614Z,1405296000,85.51,View,,,,,,,,,,
3043,ch2_tmc_ncn_20200112T1805512155_d_img_d18.zip,2020-01-12T18:05:51.215Z,2020-01-12T18:15:46.158Z,1470808000,99.53,View,,,,,,,,,,
3044,ch2_tmc_nca_20200112T1805512155_d_img_d18.zip,2020-01-12T18:05:51.215Z,2020-01-12T18:15:46.158Z,1470808000,99.53,View,,,,,,,,,,
3045,ch2_tmc_ncf_20200112T1805512155_d_img_d18.zip,2020-01-12T18:05:51.215Z,2020-01-12T18:15:46.155Z,1470800000,99.53,View,,,,,,,,,,
3046,ch2_tmc_ncn_20200125T0644289191_d_img_d18.zip,2020-01-25T06:44:28.919Z,2020-01-25T06:54:18.868Z,1458464000,98.09,View,,,,,,,,,,
3047,ch2_tmc_nca_20200125T0644289191_d_img_d18.zip,2020-01-25T06:44:28.919Z,2020-01-25T06:54:18.868Z,1458464000,98.09,View,,,,,,,,,,
3048,ch2_tmc_ncf_20200125T0644289191_d_img_d18.zip,2020-01-25T06:44:28.919Z,2020-01-25T06:54:18.865Z,1458456000,98.09,View,,,,,,,,,,
3049,ch2_tmc_ncn_20200112T1212079060_d_img_d18.zip,2020-01-12T12:12:07.906Z,2020-01-12T12:22:04.250Z,1474272000,99.53,View,,,,,,,,,,
3050,ch2_tmc_nca_20200112T1212079060_d_img_d18.zip,2020-01-12T12:12:07.906Z,2020-01-12T12:22:04.253Z,1474280000,99.53,View,,,,,,,,,,
3051,ch2_tmc_ncf_20200112T1212079060_d_img_d18.zip,2020-01-12T12:12:07.906Z,2020-01-12T12:22:04.253Z,1474280000,99.53,View,,,,,,,,,,
3052,ch2_tmc_ncn_20191212T1609152193_d_img_d18.zip,2019-12-12T16:09:15.219Z,2019-12-12T16:18:46.736Z,1412896000,86.43,View,,,,,,,,,,
3053,ch2_tmc_nca_20191212T1609152193_d_img_d18.zip,2019-12-12T16:09:15.219Z,2019-12-12T16:18:46.733Z,1412888000,86.43,View,,,,,,,,,,
3054,ch2_tmc_ncf_20191212T1609152225_d_img_d18.zip,2019-12-12T16:09:15.222Z,2019-12-12T16:18:46.736Z,1412888000,86.43,View,,,,,,,,,,
3055,ch2_tmc_ncn_20200125T0050497455_d_img_d18.zip,2020-01-25T00:50:49.745Z,2020-01-25T01:00:38.669Z,1455928000,97.86,View,,,,,,,,,,
3056,ch2_tmc_nca_20200125T0050497455_d_img_d18.zip,2020-01-25T00:50:49.745Z,2020-01-25T01:00:38.666Z,1455920000,97.86,View,,,,,,,,,,
3057,ch2_tmc_ncf_20200125T0050497455_d_img_d18.zip,2020-01-25T00:50:49.745Z,2020-01-25T01:00:38.669Z,1455928000,97.86,View,,,,,,,,,,
3058,ch2_tmc_ncn_20191129T1353325075_d_img_gds.zip,2019-11-29T13:53:32.507Z,2019-11-29T14:02:59.927Z,1402768000,88.74,View,,,,,,,,,,
3059,ch2_tmc_nca_20191129T1353325075_d_img_gds.zip,2019-11-29T13:53:32.507Z,2019-11-29T14:02:59.927Z,1402768000,88.74,View,,,,,,,,,,
3060,ch2_tmc_ncf_20191129T1353325108_d_img_gds.zip,2019-11-29T13:53:32.510Z,2019-11-29T14:02:59.924Z,1402752000,88.74,View,,,,,,,,,,
3061,ch2_tmc_ncn_20200108T2341257476_d_img_mad.zip,2020-01-08T23:41:25.747Z,2020-01-08T23:50:14.980Z,1310024000,98.47,View,,,,,,,,,,
3062,ch2_tmc_nca_20200108T2341257476_d_img_mad.zip,2020-01-08T23:41:25.747Z,2020-01-08T23:50:14.976Z,1310016000,98.47,View,,,,,,,,,,
3063,ch2_tmc_ncf_20200108T2341257476_d_img_mad.zip,2020-01-08T23:41:25.747Z,2020-01-08T23:50:14.980Z,1310024000,98.47,View,,,,,,,,,,
3064,ch2_tmc_ncn_20191212T0423276513_d_img_d18.zip,2019-12-12T04:23:27.651Z,2019-12-12T04:32:57.430Z,1410048000,86.66,View,,,,,,,,,,
3065,ch2_tmc_nca_20191212T0423276513_d_img_d18.zip,2019-12-12T04:23:27.651Z,2019-12-12T04:32:57.430Z,1410048000,86.66,View,,,,,,,,,,
3066,ch2_tmc_ncf_20191212T0423276838_d_img_d18.zip,2019-12-12T04:23:27.683Z,2019-12-12T04:32:57.427Z,1410032000,86.66,View,,,,,,,,,,
3067,ch2_tmc_ncn_20200124T0511528439_d_img_d18.zip,2020-01-24T05:11:52.843Z,2020-01-24T05:21:42.927Z,1460672000,95.4,View,,,,,,,,,,
3068,ch2_tmc_nca_20200124T0511528439_d_img_d18.zip,2020-01-24T05:11:52.843Z,2020-01-24T05:21:42.930Z,1460680000,95.4,View,,,,,,,,,,
3069,ch2_tmc_ncf_20200124T0511528439_d_img_d18.zip,2020-01-24T05:11:52.843Z,2020-01-24T05:21:42.930Z,1460680000,95.4,View,,,,,,,,,,
3070,ch2_tmc_ncn_20191128T0629062940_d_img_d18.zip,2019-11-28T06:29:06.294Z,2019-11-28T06:38:34.736Z,1405296000,87.12,View,,,,,,,,,,
3071,ch2_tmc_nca_20191128T0629062907_d_img_d18.zip,2019-11-28T06:29:06.290Z,2019-11-28T06:38:34.733Z,1405296000,87.12,View,,,,,,,,,,
3072,ch2_tmc_ncf_20191128T0629062907_d_img_d18.zip,2019-11-28T06:29:06.290Z,2019-11-28T06:38:34.736Z,1405304000,87.12,View,,,,,,,,,,
3073,ch2_tmc_ncn_20200123T1130452599_d_img_d18.zip,2020-01-23T11:30:45.259Z,2020-01-23T11:40:34.186Z,1455936000,94.69,View,,,,,,,,,,
3074,ch2_tmc_nca_20200123T1130452599_d_img_d18.zip,2020-01-23T11:30:45.259Z,2020-01-23T11:40:34.186Z,1455936000,94.69,View,,,,,,,,,,
3075,ch2_tmc_ncf_20200123T1130452599_d_img_d18.zip,2020-01-23T11:30:45.259Z,2020-01-23T11:40:34.183Z,1455928000,94.69,View,,,,,,,,,,
3076,ch2_tmc_ncn_20191211T1440104524_d_img_d18.zip,2019-12-11T14:40:10.452Z,2019-12-11T14:49:56.305Z,1448336000,87.18,View,,,,,,,,,,
3077,ch2_tmc_nca_20191211T1440104524_d_img_d18.zip,2019-12-11T14:40:10.452Z,2019-12-11T14:49:56.305Z,1448336000,87.18,View,,,,,,,,,,
3078,ch2_tmc_ncf_20191211T1440104524_d_img_d18.zip,2019-12-11T14:40:10.452Z,2019-12-11T14:49:56.302Z,1448328000,87.18,View,,,,,,,,,,
3079,ch2_tmc_ncn_20191224T2214442950_d_img_d18.zip,2019-12-24T22:14:44.295Z,2019-12-24T22:24:15.680Z,1412568000,79.91,View,,,,,,,,,,
3080,ch2_tmc_nca_20191224T2214442950_d_img_d18.zip,2019-12-24T22:14:44.295Z,2019-12-24T22:24:15.683Z,1412576000,79.91,View,,,,,,,,,,
3081,ch2_tmc_ncf_20191224T2214442950_d_img_d18.zip,2019-12-24T22:14:44.295Z,2019-12-24T22:24:15.683Z,1412576000,79.91,View,,,,,,,,,,
3082,ch2_tmc_ncn_20200107T1218554551_d_img_d18.zip,2020-01-07T12:18:55.455Z,2020-01-07T12:28:46.557Z,1461312000,96.3,View,,,,,,,,,,
3083,ch2_tmc_nca_20200107T1218554551_d_img_d18.zip,2020-01-07T12:18:55.455Z,2020-01-07T12:28:46.557Z,1461312000,96.3,View,,,,,,,,,,
3084,ch2_tmc_ncf_20200107T1218554551_d_img_d18.zip,2020-01-07T12:18:55.455Z,2020-01-07T12:28:46.553Z,1461304000,96.3,View,,,,,,,,,,
3085,ch2_tmc_ncn_20200122T2145187502_d_img_d18.zip,2020-01-22T21:45:18.750Z,2020-01-22T21:55:09.722Z,1460992000,95.04,View,,,,,,,,,,
3086,ch2_tmc_nca_20200122T2145187502_d_img_d18.zip,2020-01-22T21:45:18.750Z,2020-01-22T21:55:09.722Z,1460992000,95.04,View,,,,,,,,,,
3087,ch2_tmc_ncf_20200122T2145187502_d_img_d18.zip,2020-01-22T21:45:18.750Z,2020-01-22T21:55:09.719Z,1460984000,95.04,View,,,,,,,,,,
3088,ch2_tmc_ncn_20191210T1310542924_d_img_d18.zip,2019-12-10T13:10:54.292Z,2019-12-10T13:20:29.906Z,1423024000,87.77,View,,,,,,,,,,
3089,ch2_tmc_nca_20191210T1310542924_d_img_d18.zip,2019-12-10T13:10:54.292Z,2019-12-10T13:20:29.906Z,1423024000,87.77,View,,,,,,,,,,
3090,ch2_tmc_ncf_20191210T1310542924_d_img_d18.zip,2019-12-10T13:10:54.292Z,2019-12-10T13:20:29.903Z,1423016000,87.77,View,,,,,,,,,,
3091,ch2_tmc_ncn_20191128T0035389755_d_img_d18.zip,2019-11-28T00:35:38.975Z,2019-11-28T00:45:17.916Z,1431248000,86.18,View,-1.122203,-161.126881,-1.120194,-160.621262,28.924029,-161.247033,28.9257,-160.635757,Selenographic,Equatorial
3092,ch2_tmc_ncn_20191223T2243189791_d_img_d18.zip,2019-12-23T22:43:18.979Z,2019-12-23T22:52:48.448Z,1407832000,78.14,View,0.547653,-142.985003,0.544029,-142.493618,30.234558,-142.843588,30.23044,-142.286252,Selenographic,Equatorial
3093,ch2_tmc_nca_20191128T0035389755_d_img_d18.zip,2019-11-28T00:35:38.975Z,2019-11-28T00:45:17.916Z,1431248000,86.18,View,0.059012,-161.15943,0.060369,-160.598884,30.173014,-161.287004,30.17408,-160.600566,Selenographic,Equatorial
3094,ch2_tmc_nca_20191223T2243189791_d_img_d18.zip,2019-12-23T22:43:18.979Z,2019-12-23T22:52:48.448Z,1407832000,78.14,View,1.636118,-142.952856,1.690897,-142.409454,31.3721,-142.883268,31.423729,-142.259714,Selenographic,Equatorial
3095,ch2_tmc_ncf_20191128T0035389786_d_img_d18.zip,2019-11-28T00:35:38.978Z,2019-11-28T00:45:17.912Z,1431232000,86.18,View,-2.309238,-161.151519,-2.308119,-160.590579,27.664656,-161.273387,27.665308,-160.603461,Selenographic,Equatorial
3096,ch2_tmc_ncf_20191223T2243189791_d_img_d18.zip,2019-12-23T22:43:18.979Z,2019-12-23T22:52:48.445Z,1407824000,78.14,View,-0.603215,-143.014669,-0.606491,-142.470788,29.106649,-142.877995,29.102767,-142.26809,Selenographic,Equatorial
3097,ch2_tmc_ncn_20200106T0650044736_d_img_d18.zip,2020-01-06T06:50:04.473Z,2020-01-06T06:59:55.446Z,1460992000,95.76,View,-27.374974,40.8809,-27.368257,40.16056,2.882407,41.100121,2.888175,40.455375,Selenographic,Equatorial
3098,ch2_tmc_nca_20200106T0650044736_d_img_d18.zip,2020-01-06T06:50:04.473Z,2020-01-06T06:59:55.442Z,1460984000,95.76,View,-28.749232,40.891532,-28.743933,40.102161,1.401715,41.114886,1.405643,40.417963,Selenographic,Equatorial
3099,ch2_tmc_ncf_20200106T0650044736_d_img_d18.zip,2020-01-06T06:50:04.473Z,2020-01-06T06:59:55.446Z,1460992000,95.76,View,-25.836336,40.942257,-25.832027,40.131842,4.436379,41.158071,4.439889,40.421616,Selenographic,Equatorial
3100,ch2_tmc_ncn_20200121T2012369108_d_img_d18.zip,2020-01-21T20:12:36.910Z,2020-01-21T20:22:25.708Z,1455616000,94.61,,-31.012668,-163.361454,-31.013121,-164.10675,-0.887887,-163.494107,-0.888451,-164.112029,Selenographic,Equatorial
3101,ch2_tmc_nca_20200121T2012369108_d_img_d18.zip,2020-01-21T20:12:36.910Z,2020-01-21T20:22:25.705Z,1455608000,94.61,View,-32.504128,-163.307907,-32.510437,-164.149037,-2.335898,-163.456308,-2.341883,-164.142845,Selenographic,Equatorial
3102,ch2_tmc_ncf_20200121T2012369108_d_img_d18.zip,2020-01-21T20:12:36.910Z,2020-01-21T20:22:25.708Z,1455616000,94.61,View,-29.517965,-163.332352,-29.511829,-164.146992,0.556004,-163.457987,0.561969,-164.143621,Selenographic,Equatorial
3103,ch2_tmc_ncn_20191223T0504341152_d_img_d18.zip,2019-12-23T05:04:34.115Z,2019-12-23T05:14:02.432Z,1404984000,77.79,View,0.497489,-133.420416,0.491039,-132.922134,30.149035,-133.113286,30.141681,-132.543468,Selenographic,Equatorial
3104,ch2_tmc_nca_20191223T0504341152_d_img_d18.zip,2019-12-23T05:04:34.115Z,2019-12-23T05:14:02.432Z,1404984000,77.79,View,1.589317,-133.457854,1.564235,-132.904598,31.449489,-133.138726,31.424697,-132.497707,Selenographic,Equatorial
3105,ch2_tmc_ncf_20191223T0504341152_d_img_d18.zip,2019-12-23T05:04:34.115Z,2019-12-23T05:14:02.429Z,1404976000,77.79,View,-0.688449,-133.443381,-0.684587,-132.89193,28.990286,-133.158154,28.992634,-132.534773,Selenographic,Equatorial
3106,ch2_tmc_ncn_20200105T1308365620_d_img_d18.zip,2020-01-05T13:08:36.562Z,2020-01-05T13:18:26.641Z,1458784000,95.21,View,-28.110911,50.621267,-28.101264,49.910307,2.121328,50.972981,2.129755,50.339638,Selenographic,Equatorial
3107,ch2_tmc_nca_20200105T1308365620_d_img_d18.zip,2020-01-05T13:08:36.562Z,2020-01-05T13:18:26.638Z,1458776000,95.21,View,-29.549035,50.635189,-29.54116,49.850496,0.664011,50.983964,0.670456,50.29491,Selenographic,Equatorial
3108,ch2_tmc_ncf_20200105T1308365620_d_img_d18.zip,2020-01-05T13:08:36.562Z,2020-01-05T13:18:26.641Z,1458784000,95.21,View,-26.608038,50.686232,-26.594139,49.891903,3.62692,51.046143,3.640157,50.327891,Selenographic,Equatorial
3109,ch2_tmc_ncn_20200121T0231377566_d_img_d18.zip,2020-01-21T02:31:37.756Z,2020-01-21T02:41:27.577Z,1458144000,92.5,View,-30.939756,-153.711316,-30.939529,-154.447896,-0.736616,-153.779447,-0.736782,-154.371992,Selenographic,Equatorial
3110,ch2_tmc_nca_20200121T0231377566_d_img_d18.zip,2020-01-21T02:31:37.756Z,2020-01-21T02:41:27.573Z,1458136000,92.5,View,-32.336425,-153.647267,-32.332263,-154.477649,-2.134403,-153.744152,-2.130179,-154.402511,Selenographic,Equatorial
3111,ch2_tmc_ncf_20200121T0231377566_d_img_d18.zip,2020-01-21T02:31:37.756Z,2020-01-21T02:41:27.577Z,1458144000,92.5,View,-29.473218,-153.673549,-29.459785,-154.478373,0.649322,-153.742025,0.661935,-154.398999,Selenographic,Equatorial
3112,ch2_tmc_ncn_20191222T2311373107_d_img_d18.zip,2019-12-22T23:11:37.310Z,2019-12-22T23:21:06.650Z,1407512000,76.82,View,0.416242,-130.236687,0.410098,-129.751512,30.139535,-129.890095,30.132515,-129.339447,Selenographic,Equatorial
3113,ch2_tmc_nca_20191222T2311373107_d_img_d18.zip,2019-12-22T23:11:37.310Z,2019-12-22T23:21:06.654Z,1407520000,76.82,View,1.561041,-130.265922,1.553906,-129.726889,31.251672,-129.916047,31.24437,-129.297428,Selenographic,Equatorial
3114,ch2_tmc_ncn_20191127T0102285733_d_img_d18.zip,2019-11-27T01:02:28.573Z,2019-11-27T01:12:04.180Z,1423008000,81.86,View,-1.157668,-148.215954,-1.16021,-147.722731,28.793685,-148.1664,28.790818,-147.586772,Selenographic,Equatorial
3115,ch2_tmc_ncf_20191222T2311373107_d_img_d18.zip,2019-12-22T23:11:37.310Z,2019-12-22T23:21:06.650Z,1407512000,76.82,View,-0.720569,-130.273668,-0.726918,-129.736796,29.025196,-129.933422,29.017907,-129.330883,Selenographic,Equatorial
3116,ch2_tmc_nca_20191127T0102285700_d_img_d18.zip,2019-11-27T01:02:28.570Z,2019-11-27T01:12:04.184Z,1423024000,81.86,View,-0.094922,-148.305649,-0.141717,-147.761381,30.112551,-148.19635,30.066613,-147.547924,Selenographic,Equatorial
3117,ch2_tmc_ncn_20191209T1339104427_d_img_d18.zip,2019-12-09T13:39:10.442Z,2019-12-09T13:48:43.607Z,1417952000,87.33,View,0.437336,46.095258,0.43377,46.654248,30.114508,46.403413,30.108824,47.080023,Selenographic,Equatorial
3118,ch2_tmc_ncf_20191127T0102285700_d_img_d18.zip,2019-11-27T01:02:28.570Z,2019-11-27T01:12:04.180Z,1423016000,81.86,View,-2.321254,-148.25572,-2.327152,-147.70816,27.617619,-148.198724,27.611627,-147.562588,Selenographic,Equatorial
3119,ch2_tmc_nca_20191209T1339104427_d_img_d18.zip,2019-12-09T13:39:10.442Z,2019-12-09T13:48:43.610Z,1417960000,87.33,View,1.748966,46.077547,1.742672,46.699545,31.484584,46.387296,31.475469,47.150797,Selenographic,Equatorial
3120,ch2_tmc_ncf_20191209T1339104427_d_img_d18.zip,2019-12-09T13:39:10.442Z,2019-12-09T13:48:43.607Z,1417952000,87.33,View,-0.877511,46.052355,-0.875748,46.670908,28.742069,46.340672,28.742423,47.079519,Selenographic,Equatorial
3121,ch2_tmc_ncn_20200104T1530461000_d_img_d18.zip,2020-01-04T15:30:46.100Z,2020-01-04T15:40:36.176Z,1458776000,95.99,View,-30.646696,62.611576,-30.635789,61.86938,-0.437458,63.043392,-0.42813,62.396361,Selenographic,Equatorial
3122,ch2_tmc_nca_20200104T1530461000_d_img_d18.zip,2020-01-04T15:30:46.100Z,2020-01-04T15:40:36.176Z,1458776000,95.99,View,-32.090585,62.625004,-32.078362,61.797792,-1.932374,63.053795,-1.922138,62.343205,Selenographic,Equatorial
3123,ch2_tmc_ncf_20200104T1530461000_d_img_d18.zip,2020-01-04T15:30:46.100Z,2020-01-04T15:40:36.172Z,1458768000,95.99,View,-29.135149,62.676135,-29.119751,61.855132,1.075083,63.106637,1.088644,62.379774,Selenographic,Equatorial
3124,ch2_tmc_ncn_20191222T0532525475_d_img_gds.zip,2019-12-22T05:32:52.547Z,2019-12-22T05:42:20.864Z,1404984000,74.78,View,0.336659,-120.722641,0.326782,-120.226323,30.066047,-120.292611,30.055031,-119.738314,Selenographic,Equatorial
3125,ch2_tmc_nca_20191222T0532525475_d_img_gds.zip,2019-12-22T05:32:52.547Z,2019-12-22T05:42:20.864Z,1404984000,74.78,View,1.499731,-120.741039,1.489652,-120.189212,31.189228,-120.309981,31.178216,-119.686775,Selenographic,Equatorial
3126,ch2_tmc_ncn_20200120T2037576333_d_img_d18.zip,2020-01-20T20:37:57.633Z,2020-01-20T20:47:48.479Z,1460680000,91.96,View,-30.828432,-150.519624,-30.825636,-151.26476,-0.567451,-150.546228,-0.565243,-151.143508,Selenographic,Equatorial
3127,ch2_tmc_ncf_20191222T0532525475_d_img_gds.zip,2019-12-22T05:32:52.547Z,2019-12-22T05:42:20.861Z,1404976000,74.78,View,-0.823219,-120.766543,-0.834489,-120.217606,28.943771,-120.340629,28.931361,-119.734496,Selenographic,Equatorial
3128,ch2_tmc_nca_20200120T2037576333_d_img_d18.zip,2020-01-20T20:37:57.633Z,2020-01-20T20:47:48.479Z,1460680000,91.96,View,-32.327362,-150.480844,-32.321492,-151.322276,-1.971419,-150.519858,-1.966801,-151.183695,Selenographic,Equatorial
3129,ch2_tmc_ncf_20200120T2037576333_d_img_d18.zip,2020-01-20T20:37:57.633Z,2020-01-20T20:47:48.476Z,1460672000,91.96,View,-29.448075,-150.48747,-29.508876,-151.300779,1.027328,-150.633005,0.965518,-151.292474,Selenographic,Equatorial
3130,ch2_tmc_ncn_20191126T0722394528_d_img_d18.zip,2019-11-26T07:22:39.452Z,2019-11-26T07:32:04.692Z,1397376000,82.14,View,-0.27275,-138.611929,-0.277771,-138.108425,29.138922,-138.413073,29.133083,-137.815584,Selenographic,Equatorial
3131,ch2_tmc_nca_20191126T0722394560_d_img_d18.zip,2019-11-26T07:22:39.456Z,2019-11-26T07:32:04.695Z,1397376000,82.14,View,0.908209,-138.677261,0.857205,-138.120609,30.373384,-138.43177,30.321671,-137.763042,Selenographic,Equatorial
3132,ch2_tmc_ncf_20191126T0722394528_d_img_d18.zip,2019-11-26T07:22:39.452Z,2019-11-26T07:32:04.695Z,1397384000,82.14,View,-1.275703,-138.711337,-1.337148,-138.156925,27.867879,-138.448399,27.805758,-137.798516,Selenographic,Equatorial
3133,ch2_tmc_ncn_20191208T0814173663_d_img_d18.zip,2019-12-08T08:14:17.366Z,2019-12-08T08:23:52.644Z,1423008000,88.81,View,0.241292,62.521756,0.231587,63.092334,29.986067,62.94386,29.975012,63.63894,Selenographic,Equatorial
3134,ch2_tmc_nca_20191208T0814173663_d_img_d18.zip,2019-12-08T08:14:17.366Z,2019-12-08T08:23:52.647Z,1423016000,88.81,View,1.455513,62.556886,1.497364,63.18998,31.425111,62.916173,31.46686,63.699849,Selenographic,Equatorial
3135,ch2_tmc_ncf_20191208T0814173663_d_img_d18.zip,2019-12-08T08:14:17.366Z,2019-12-08T08:23:52.647Z,1423016000,88.81,View,-1.041929,62.451313,-1.075071,63.082413,28.58839,62.887785,28.553675,63.646134,Selenographic,Equatorial
3136,ch2_tmc_ncn_20200120T0850284943_d_img_gds.zip,2020-01-20T08:50:28.494Z,2020-01-20T09:00:18.443Z,1458464000,91.99,View,-30.892923,-144.208772,-30.874932,-144.944776,-0.656954,-144.187666,-0.64548,-144.775749,Selenographic,Equatorial
3137,ch2_tmc_ncn_20191221T2339472791_d_img_d18.zip,2019-12-21T23:39:47.279Z,2019-12-21T23:49:24.938Z,1428080000,75.22,View,-0.171632,-117.561959,-0.179529,-117.06056,30.018431,-117.138221,30.009685,-116.577956,Selenographic,Equatorial
3138,ch2_tmc_ncn_20200104T0343214194_d_img_gds.zip,2020-01-04T03:43:21.419Z,2020-01-04T03:53:13.417Z,1463528000,98.79,View,-30.679262,69.103325,-30.665469,68.333814,-0.490478,69.583654,-0.47868,68.921914,Selenographic,Equatorial
3139,ch2_tmc_nca_20200120T0850284943_d_img_gds.zip,2020-01-20T08:50:28.494Z,2020-01-20T09:00:18.443Z,1458464000,91.99,View,-32.385014,-144.1858,-32.349077,-145.016159,-2.046356,-144.13664,-2.018508,-144.789867,Selenographic,Equatorial
3140,ch2_tmc_nca_20200104T0343214194_d_img_gds.zip,2020-01-04T03:43:21.419Z,2020-01-04T03:53:13.417Z,1463528000,98.79,View,-32.233578,69.120121,-32.218321,68.249972,-2.045902,69.597102,-2.032904,68.860683,Selenographic,Equatorial
3141,ch2_tmc_nca_20191221T2339472791_d_img_d18.zip,2019-12-21T23:39:47.279Z,2019-12-21T23:49:24.938Z,1428080000,75.22,View,1.030804,-117.412658,1.075188,-116.857152,31.048041,-117.145607,31.084332,-116.51793,Selenographic,Equatorial
3142,ch2_tmc_ncf_20200120T0850284943_d_img_gds.zip,2020-01-20T08:50:28.494Z,2020-01-20T09:00:18.440Z,1458456000,91.99,View,-29.402039,-144.156255,-29.397373,-144.960571,0.739719,-144.181192,0.73757,-144.833153,Selenographic,Equatorial
3143,ch2_tmc_ncf_20200104T0343214194_d_img_gds.zip,2020-01-04T03:43:21.419Z,2020-01-04T03:53:13.414Z,1463520000,98.79,View,-29.128723,69.171462,-29.114058,68.331413,1.057669,69.643074,1.070311,68.909252,Selenographic,Equatorial
3144,ch2_tmc_ncf_20191221T2339472791_d_img_d18.zip,2019-12-21T23:39:47.279Z,2019-12-21T23:49:24.935Z,1428072000,75.22,View,-1.345807,-117.601813,-1.354371,-117.046757,28.882551,-117.184747,28.873074,-116.571698,Selenographic,Equatorial
3145,ch2_tmc_ncn_20191126T0524519424_d_img_d18.zip,2019-11-26T05:24:51.942Z,2019-11-26T05:34:16.288Z,1395168000,82.13,View,-0.251879,-137.547584,-0.256885,-137.048366,29.11408,-137.329132,29.108257,-136.735708,Selenographic,Equatorial
3146,ch2_tmc_nca_20191126T0524519391_d_img_d18.zip,2019-11-26T05:24:51.939Z,2019-11-26T05:34:16.285Z,1395168000,82.13,View,0.923137,-137.563899,0.918954,-137.009597,30.315511,-137.351811,30.310364,-136.684935,Selenographic,Equatorial
3147,ch2_tmc_ncf_20191126T0524519391_d_img_d18.zip,2019-11-26T05:24:51.939Z,2019-11-26T05:34:16.288Z,1395176000,82.13,View,-1.417283,-137.598667,-1.431151,-137.045893,27.901446,-137.368772,27.886875,-136.719313,Selenographic,Equatorial
3148,ch2_tmc_ncn_20191126T0327024959_d_img_d18.zip,2019-11-26T03:27:02.495Z,2019-11-26T03:36:26.838Z,1395160000,82.07,View,-0.330177,-136.48198,-0.335747,-135.991363,29.038278,-136.242127,29.031857,-135.658341,Selenographic,Equatorial
3149,ch2_tmc_nca_20191126T0327024928_d_img_d18.zip,2019-11-26T03:27:02.492Z,2019-11-26T03:36:26.842Z,1395176000,82.07,View,0.816294,-136.498293,0.809897,-135.953673,30.229129,-136.263505,30.221726,-135.607686,Selenographic,Equatorial
3150,ch2_tmc_ncf_20191126T0327024928_d_img_d18.zip,2019-11-26T03:27:02.492Z,2019-11-26T03:36:26.842Z,1395176000,82.07,View,-1.4792,-136.527336,-1.490116,-135.984,27.843322,-136.282783,27.831626,-135.643641,Selenographic,Equatorial
3151,ch2_tmc_ncn_20200209T1814138844_d_img_d18.zip,2020-02-09T18:14:13.884Z,2020-02-09T18:23:59.734Z,1448328000,84.84,View,-32.207673,-53.562764,-32.19989,-54.266054,-1.936076,-53.34502,-1.929779,-53.905271,Selenographic,Equatorial
3152,ch2_tmc_ncf_20200209T1814138844_d_img_d18.zip,2020-02-09T18:14:13.884Z,2020-02-09T18:23:59.737Z,1448336000,84.84,View,-30.813359,-53.508807,-30.804817,-54.276912,-0.624667,-53.299888,-0.617457,-53.92042,Selenographic,Equatorial
3153,ch2_tmc_nca_20200209T1814138844_d_img_d18.zip,2020-02-09T18:14:13.884Z,2020-02-09T18:23:59.737Z,1448336000,84.84,View,-33.604152,-53.539663,-33.595479,-54.333376,-3.249337,-53.32868,-3.242638,-53.951524,Selenographic,Equatorial
3154,ch2_tmc_ncn_20200208T1839131744_d_img_d18.zip,2020-02-08T18:39:13.174Z,2020-02-08T18:49:00.465Z,1450856000,85.71,View,-31.874959,-40.277936,-31.872243,-41.017189,-1.623641,-40.275005,-1.62171,-40.854172,Selenographic,Equatorial
3155,ch2_tmc_ncn_20200208T1245283674_d_img_d18.zip,2020-02-08T12:45:28.367Z,2020-02-08T12:55:15.498Z,1451496000,86.2,View,-31.797073,-36.96997,-31.795589,-37.714626,-1.554012,-37.000292,-1.553166,-37.583109,Selenographic,Equatorial
3156,ch2_tmc_ncn_20200208T0651426608_d_img_gds.zip,2020-02-08T06:51:42.660Z,2020-02-08T07:01:31.458Z,1455616000,86.63,View,-31.766114,-33.663694,-31.765083,-34.411324,-1.453206,-33.724503,-1.452672,-34.309103,Selenographic,Equatorial
3157,ch2_tmc_ncn_20200208T0057596133_d_img_m65.zip,2020-02-08T00:57:59.613Z,2020-02-08T01:07:46.491Z,1450872000,86.67,View,-31.623428,-30.364145,-31.622829,-31.110314,-1.412451,-30.450279,-1.412244,-31.03439,Selenographic,Equatorial
3158,ch2_tmc_ncf_20200208T1839131744_d_img_d18.zip,2020-02-08T18:39:13.174Z,2020-02-08T18:49:00.498Z,1450864000,85.71,View,-30.403883,-40.240846,-30.399176,-41.048429,-0.269282,-40.241692,-0.265719,-40.883742,Selenographic,Equatorial
3159,ch2_tmc_ncf_20200208T1245283674_d_img_d18.zip,2020-02-08T12:45:28.367Z,2020-02-08T12:55:15.495Z,1451488000,86.2,View,-30.312806,-36.933995,-30.31029,-37.747307,-0.190638,-36.968425,-0.189028,-37.614464,Selenographic,Equatorial
3160,ch2_tmc_ncf_20200208T0651426608_d_img_gds.zip,2020-02-08T06:51:42.660Z,2020-02-08T07:01:31.455Z,1455608000,86.63,View,-30.275624,-33.629241,-30.273929,-34.446109,-0.085501,-33.693638,-0.084543,-34.341921,Selenographic,Equatorial
3161,ch2_tmc_ncf_20200208T0057596133_d_img_m65.zip,2020-02-08T00:57:59.613Z,2020-02-08T01:07:46.488Z,1450864000,86.67,View,-30.133076,-30.331218,-30.132232,-31.146633,-0.045915,-30.423412,-0.045764,-31.071217,Selenographic,Equatorial
3162,ch2_tmc_nca_20200208T1839131744_d_img_d18.zip,2020-02-08T18:39:13.174Z,2020-02-08T18:49:00.498Z,1450864000,85.71,View,-33.346182,-40.235085,-33.343073,-41.069727,-2.981408,-40.245222,-2.979026,-40.88878,Selenographic,Equatorial
3163,ch2_tmc_nca_20200208T1245283674_d_img_d18.zip,2020-02-08T12:45:28.367Z,2020-02-08T12:55:15.498Z,1451496000,86.2,View,-33.279993,-36.925173,-33.278486,-37.766198,-2.919864,-36.969131,-2.918909,-37.61686,Selenographic,Equatorial
3164,ch2_tmc_nca_20200208T0651426608_d_img_gds.zip,2020-02-08T06:51:42.660Z,2020-02-08T07:01:31.455Z,1455608000,86.63,View,-33.256042,-33.616883,-33.255139,-34.461023,-2.822849,-33.69256,-2.822346,-34.342032,Selenographic,Equatorial
3165,ch2_tmc_nca_20200208T0057596133_d_img_m65.zip,2020-02-08T00:57:59.613Z,2020-02-08T01:07:46.488Z,1450864000,86.67,View,-33.112369,-30.316345,-33.110893,-31.158661,-2.781137,-30.416592,-2.780002,-31.065448,Selenographic,Equatorial
3166,ch2_tmc_ncn_20200207T1904171106_d_img_d18.zip,2020-02-07T19:04:17.110Z,2020-02-07T19:14:01.811Z,1445488000,86.37,View,-31.456428,-27.082816,-31.456354,-27.823327,-1.344217,-27.183895,-1.344422,-27.765408,Selenographic,Equatorial
3167,ch2_tmc_ncf_20200207T1904171106_d_img_d18.zip,2020-02-07T19:04:17.110Z,2020-02-07T19:14:01.811Z,1445488000,86.37,View,-29.974801,-27.051081,-29.974107,-27.860464,0.016586,-27.154932,0.01677,-27.799878,Selenographic,Equatorial
3168,ch2_tmc_nca_20200207T1904171106_d_img_d18.zip,2020-02-07T19:04:17.110Z,2020-02-07T19:14:01.808Z,1445480000,86.37,View,-32.936337,-27.034382,-32.936304,-27.870086,-2.708003,-27.150316,-2.708139,-27.796232,Selenographic,Equatorial
3169,ch2_tmc_ncn_20200206T1533218902_d_img_d18.zip,2020-02-06T15:33:21.890Z,2020-02-06T15:43:04.672Z,1440744000,82.5,View,-31.239552,-12.131877,-31.238356,-12.827904,-1.057878,-12.184517,-1.05707,-12.743752,Selenographic,Equatorial
3170,ch2_tmc_ncn_20200206T0345456142_d_img_d18.zip,2020-02-06T03:45:45.614Z,2020-02-06T03:55:27.366Z,1438200000,82.08,View,-31.086171,-5.86465,-31.084114,-6.532289,-0.917872,-5.880614,-0.916266,-6.422397,Selenographic,Equatorial
3171,ch2_tmc_ncf_20200206T1533218902_d_img_d18.zip,2020-02-06T15:33:21.890Z,2020-02-06T15:43:04.672Z,1440744000,82.5,View,-29.844001,-12.098608,-29.842401,-12.859485,0.250126,-12.154307,0.251296,-12.774195,Selenographic,Equatorial
3172,ch2_tmc_ncf_20200206T0345456142_d_img_d18.zip,2020-02-06T03:45:45.614Z,2020-02-06T03:55:27.370Z,1438208000,82.08,View,-29.746513,-5.827655,-29.744054,-6.557609,0.35111,-5.847354,0.353101,-6.447668,Selenographic,Equatorial
3173,ch2_tmc_nca_20200206T1533218902_d_img_d18.zip,2020-02-06T15:33:21.890Z,2020-02-06T15:43:04.668Z,1440736000,82.5,View,-32.633073,-12.090146,-32.63184,-12.874883,-2.367997,-12.155616,-2.367256,-12.776836,Selenographic,Equatorial
3174,ch2_tmc_nca_20200206T0345456142_d_img_d18.zip,2020-02-06T03:45:45.614Z,2020-02-06T03:55:27.370Z,1438208000,82.08,View,-32.427011,-5.828256,-32.424969,-6.580515,-2.187704,-5.854514,-2.186194,-6.456353,Selenographic,Equatorial
3175,ch2_tmc_ncn_20200205T2349516298_d_img_m65.zip,2020-02-05T23:49:51.629Z,2020-02-05T23:59:35.434Z,1443272000,82.09,View,-31.158837,-3.74745,-31.156658,-4.415287,-0.892621,-3.759251,-0.890899,-4.300896,Selenographic,Equatorial
3176,ch2_tmc_ncn_20200205T1756056717_d_img_d18.zip,2020-02-05T17:56:05.671Z,2020-02-05T18:05:48.324Z,1440424000,82.21,View,-30.96208,-0.571599,-30.960222,-1.244097,-0.759046,-0.587774,-0.7576,-1.134875,Selenographic,Equatorial
3177,ch2_tmc_ncf_20200205T2349516298_d_img_m65.zip,2020-02-05T23:49:51.629Z,2020-02-05T23:59:35.434Z,1443272000,82.09,View,-29.81955,-3.713604,-29.816832,-4.444107,0.373938,-3.729032,0.37616,-4.329478,Selenographic,Equatorial
3178,ch2_tmc_ncf_20200205T1756056717_d_img_d18.zip,2020-02-05T17:56:05.671Z,2020-02-05T18:05:48.320Z,1440416000,82.21,View,-29.610167,-0.537841,-29.607941,-1.273464,0.521137,-0.557691,0.522917,-1.164248,Selenographic,Equatorial
3179,ch2_tmc_nca_20200205T2349516298_d_img_m65.zip,2020-02-05T23:49:51.629Z,2020-02-05T23:59:35.437Z,1443280000,82.09,View,-32.497301,-3.709836,-32.49471,-4.461946,-2.162443,-3.731307,-2.160422,-4.332705,Selenographic,Equatorial
3180,ch2_tmc_nca_20200205T1756056717_d_img_d18.zip,2020-02-05T17:56:05.671Z,2020-02-05T18:05:48.324Z,1440424000,82.21,View,-32.313011,-0.532897,-32.311401,-1.29033,-2.039589,-0.559549,-2.038448,-1.167015,Selenographic,Equatorial
3181,ch2_tmc_ncn_20200204T0039413128_d_img_gds.zip,2020-02-04T00:39:41.312Z,2020-02-04T00:49:22.172Z,1435992000,80.9,View,-30.668365,22.006006,-30.66766,21.376606,-0.469071,21.934793,-0.468601,21.405815,Selenographic,Equatorial
3182,ch2_tmc_ncf_20200204T0039413128_d_img_gds.zip,2020-02-04T00:39:41.312Z,2020-02-04T00:49:22.175Z,1436000000,80.9,View,-29.399794,22.034062,-29.398309,21.345128,0.767556,21.961576,0.768732,21.375142,Selenographic,Equatorial
3183,ch2_tmc_nca_20200204T0039413128_d_img_gds.zip,2020-02-04T00:39:41.312Z,2020-02-04T00:49:22.175Z,1436000000,80.9,View,-31.935575,22.044828,-31.934682,21.336976,-1.709062,21.964736,-1.708428,21.37759,Selenographic,Equatorial
3184,ch2_tmc_ncn_20200203T1845562233_d_img_m65.zip,2020-02-03T18:45:56.223Z,2020-02-03T18:55:35.914Z,1433104000,80.09,View,-30.598193,25.191567,-30.597392,24.568906,-0.419551,25.16287,-0.419095,24.633969,Selenographic,Equatorial
3185,ch2_tmc_ncn_20200203T0658276879_d_img_d18.zip,2020-02-03T06:58:27.687Z,2020-02-03T07:08:05.627Z,1430304000,79.29,View,-30.411437,31.572762,-30.40824,30.946399,-0.252751,31.648504,-0.250219,31.111272,Selenographic,Equatorial
3186,ch2_tmc_ncf_20200203T1845562233_d_img_m65.zip,2020-02-03T18:45:56.223Z,2020-02-03T18:55:35.911Z,1433096000,80.09,View,-29.343583,25.220848,-29.341521,24.539096,0.817118,25.191248,0.81873,24.604785,Selenographic,Equatorial
3187,ch2_tmc_ncf_20200203T0658276879_d_img_d18.zip,2020-02-03T06:58:27.687Z,2020-02-03T07:08:05.624Z,1430296000,79.29,View,-29.147255,31.604409,-29.143764,30.919076,1.002015,31.676763,1.004799,31.081402,Selenographic,Equatorial
3188,ch2_tmc_nca_20200203T1845562233_d_img_m65.zip,2020-02-03T18:45:56.223Z,2020-02-03T18:55:35.914Z,1433104000,80.09,View,-31.852897,25.222287,-31.846753,24.522374,-1.662711,25.1922,-1.657199,24.605275,Selenographic,Equatorial
3189,ch2_tmc_nca_20200203T0658276879_d_img_d18.zip,2020-02-03T06:58:27.687Z,2020-02-03T07:08:05.624Z,1430296000,79.29,View,-31.678871,31.607946,-31.674615,30.903211,-1.514992,31.677875,-1.511524,31.081244,Selenographic,Equatorial
3190,ch2_tmc_ncn_20200130T2024283921_d_img_d18.zip,2020-01-30T20:24:28.392Z,2020-01-30T20:34:12.669Z,1442952000,85.29,View,-31.723166,76.985227,-31.708679,76.306536,-1.537014,77.553733,-1.524936,76.988664,Selenographic,Equatorial
3191,ch2_tmc_ncf_20200130T2024283921_d_img_d18.zip,2020-01-30T20:24:28.392Z,2020-01-30T20:34:12.669Z,1442952000,85.29,View,-30.371294,77.051429,-30.355106,76.309713,-0.215758,77.610366,-0.20192,76.984275,Selenographic,Equatorial
3192,ch2_tmc_nca_20200130T2024283921_d_img_d18.zip,2020-01-30T20:24:28.392Z,2020-01-30T20:34:12.637Z,1442944000,85.29,View,-33.076387,76.992897,-33.060291,76.227769,-2.862708,77.561801,-2.849395,76.933764,Selenographic,Equatorial
3193,ch2_tmc_ncn_20200122T0404087217_d_img_d18.zip,2020-01-22T04:04:08.721Z,2020-01-22T04:13:59.567Z,1460680000,95.16,View,-31.182129,-167.682237,-31.182285,-168.444655,-0.963326,-167.80811,-0.963939,-168.443385,Selenographic,Equatorial
3194,ch2_tmc_ncf_20200122T0404087217_d_img_d18.zip,2020-01-22T04:04:08.721Z,2020-01-22T04:13:59.564Z,1460672000,95.16,View,-29.635421,-167.650311,-29.654522,-168.483063,0.520424,-167.822342,0.49958,-168.526956,Selenographic,Equatorial
3195,ch2_tmc_nca_20200122T0404087217_d_img_d18.zip,2020-01-22T04:04:08.721Z,2020-01-22T04:13:59.567Z,1460680000,95.16,View,-32.71015,-167.631629,-32.710914,-168.492771,-2.453652,-167.77242,-2.454981,-168.47855,Selenographic,Equatorial
3196,ch2_tmc_ncn_20200120T0256433947_d_img_d18.zip,2020-01-20T02:56:43.394Z,2020-01-20T03:06:33.344Z,1458464000,91.97,View,-30.745647,-141.045522,-30.73984,-141.778509,-0.531875,-140.906908,-0.527361,-141.49419,Selenographic,Equatorial
3197,ch2_tmc_ncf_20200120T0256433947_d_img_d18.zip,2020-01-20T02:56:43.394Z,2020-01-20T03:06:33.344Z,1458464000,91.97,View,-29.279593,-141.003134,-29.260457,-141.804072,0.828063,-140.862307,0.844915,-141.51347,Selenographic,Equatorial
3198,ch2_tmc_nca_20200120T0256433947_d_img_d18.zip,2020-01-20T02:56:43.394Z,2020-01-20T03:06:33.341Z,1458456000,91.97,View,-32.222513,-141.006801,-32.229684,-141.834088,-1.897233,-140.887476,-1.904839,-141.539854,Selenographic,Equatorial
3199,ch2_tmc_ncn_20200115T1846008836_d_img_d18.zip,2020-01-15T18:46:00.883Z,2020-01-15T18:55:54.927Z,1468584000,97.31,View,-31.327581,-84.611654,-31.312572,-85.411923,-1.079208,-84.092919,-1.06729,-84.739837,Selenographic,Equatorial
3200,ch2_tmc_ncf_20200115T1846008836_d_img_d18.zip,2020-01-15T18:46:00.883Z,2020-01-15T18:55:54.927Z,1468584000,97.31,,-29.726807,-84.534653,-29.710455,-85.407224,0.433633,-84.020996,0.447401,-84.737705,Selenographic,Equatorial
3201,ch2_tmc_nca_20200115T1846008836_d_img_d18.zip,2020-01-15T18:46:00.883Z,2020-01-15T18:55:54.923Z,1468576000,97.31,View,-32.933475,-84.606932,-32.915976,-85.513388,-2.600625,-84.095415,-2.58773,-84.815775,Selenographic,Equatorial
3202,ch2_tmc_ncn_20200114T1910538467_d_img_d18.zip,2020-01-14T19:10:53.846Z,2020-01-14T19:20:46.741Z,1465744000,99.43,View,-30.962102,-71.543412,-30.949083,-72.332574,-0.809191,-71.09833,-0.798665,-71.75103,Selenographic,Equatorial
3203,ch2_tmc_ncf_20200114T1910538467_d_img_d18.zip,2020-01-14T19:10:53.846Z,2020-01-14T19:20:46.738Z,1465736000,99.43,View,-29.374773,-71.474654,-29.361898,-72.336559,0.719683,-71.044044,0.729901,-71.768293,Selenographic,Equatorial
3204,ch2_tmc_nca_20200114T1910538467_d_img_d18.zip,2020-01-14T19:10:53.846Z,2020-01-14T19:20:46.741Z,1465744000,99.43,View,-32.553803,-71.528046,-32.535124,-72.420196,-2.332089,-71.087085,-2.316671,-71.812771,Selenographic,Equatorial
3205,ch2_tmc_ncn_20200113T1737541447_d_img_d18.zip,2020-01-13T17:37:54.144Z,2020-01-13T17:47:48.954Z,1470800000,100.2,View,-30.771716,-57.224234,-30.762403,-58.027697,-0.54065,-56.942736,-0.533094,-57.608263,Selenographic,Equatorial
3206,ch2_tmc_ncf_20200113T1737541447_d_img_d18.zip,2020-01-13T17:37:54.144Z,2020-01-13T17:47:48.954Z,1470800000,100.2,View,-29.159028,-57.165446,-29.148524,-58.040153,1.015918,-56.893622,1.024632,-57.629913,Selenographic,Equatorial
3207,ch2_tmc_nca_20200113T1737541447_d_img_d18.zip,2020-01-13T17:37:54.144Z,2020-01-13T17:47:48.951Z,1470792000,100.2,View,-32.40311,-57.192211,-32.38991,-58.103906,-2.104834,-56.916936,-2.093548,-57.659313,Selenographic,Equatorial
3208,ch2_tmc_ncn_20200109T0733072590_d_img_gds.zip,2020-01-09T07:33:07.259Z,2020-01-09T07:42:59.127Z,1463208000,97.86,View,-24.895521,1.184144,-24.893814,0.453037,5.276886,1.171042,5.278301,0.524802,Selenographic,Equatorial
3209,ch2_tmc_ncf_20200109T0733072590_d_img_gds.zip,2020-01-09T07:33:07.259Z,2020-01-09T07:42:59.127Z,1463208000,97.86,View,-23.342414,1.222182,-23.341186,0.41987,6.791302,1.208537,6.792263,0.488841,Selenographic,Equatorial
3210,ch2_tmc_nca_20200109T0733072590_d_img_gds.zip,2020-01-09T07:33:07.259Z,2020-01-09T07:42:59.124Z,1463200000,97.86,View,-26.448741,1.231525,-26.452651,0.409181,3.772944,1.203365,3.769113,0.487543,Selenographic,Equatorial
3211,ch2_tmc_ncn_20200108T1747385439_d_img_d18.zip,2020-01-08T17:47:38.543Z,2020-01-08T17:57:29.923Z,1463208000,98.32,View,-25.326298,8.700224,-25.325573,7.963924,4.837498,8.638185,4.838063,7.987389,Selenographic,Equatorial
3212,ch2_tmc_ncn_20200108T1153531115_d_img_d18.zip,2020-01-08T11:53:53.111Z,2020-01-08T12:03:45.365Z,1464160000,98.2,View,-25.515846,11.949055,-25.51608,11.214164,4.675539,11.862532,4.675265,11.212896,Selenographic,Equatorial
3213,ch2_tmc_ncf_20200108T1747385439_d_img_d18.zip,2020-01-08T17:47:38.543Z,2020-01-08T17:57:29.923Z,1463208000,98.32,View,-23.765936,8.734697,-23.764458,7.926612,6.359901,8.674233,6.361177,7.949285,Selenographic,Equatorial
3214,ch2_tmc_ncf_20200108T1153531115_d_img_d18.zip,2020-01-08T11:53:53.111Z,2020-01-08T12:03:45.365Z,1464160000,98.2,View,-23.961265,11.981793,-23.958549,11.175364,6.194107,11.901748,6.196844,11.178085,Selenographic,Equatorial
3215,ch2_tmc_nca_20200108T1747385439_d_img_d18.zip,2020-01-08T17:47:38.543Z,2020-01-08T17:57:29.920Z,1463200000,98.32,View,-26.883783,8.746792,-26.885515,7.91868,3.319982,8.67203,3.31815,7.951264,Selenographic,Equatorial
3216,ch2_tmc_nca_20200108T1153531115_d_img_d18.zip,2020-01-08T11:53:53.111Z,2020-01-08T12:03:45.362Z,1464152000,98.2,View,-27.068366,11.995589,-27.068209,11.16902,3.157232,11.899112,3.157374,11.17966,Selenographic,Equatorial
3217,ch2_tmc_ncn_20200107T0625103362_d_img_gds.zip,2020-01-07T06:25:10.336Z,2020-01-07T06:34:59.260Z,1455928000,95.68,View,-26.585056,28.012475,-26.582746,27.303644,3.573839,28.025961,3.575728,27.385514,Selenographic,Equatorial
3218,ch2_tmc_ncf_20200107T0625103362_d_img_gds.zip,2020-01-07T06:25:10.336Z,2020-01-07T06:34:59.257Z,1455920000,95.68,View,-25.097731,28.050226,-25.093846,27.272989,5.071746,28.067451,5.075469,27.354865,Selenographic,Equatorial
3219,ch2_tmc_nca_20200107T0625103362_d_img_gds.zip,2020-01-07T06:25:10.336Z,2020-01-07T06:34:59.260Z,1455928000,95.68,View,-28.069767,28.051526,-28.065794,27.254172,2.074806,28.059367,2.078316,27.349392,Selenographic,Equatorial
3220,ch2_tmc_ncn_20200105T0714464654_d_img_d18.zip,2020-01-05T07:14:46.465Z,2020-01-05T07:24:36.285Z,1458144000,95.17,View,-28.370317,53.905573,-28.360947,53.192432,1.857082,54.27588,1.865173,53.639292,Selenographic,Equatorial
3221,ch2_tmc_ncf_20200105T0714464654_d_img_d18.zip,2020-01-05T07:14:46.465Z,2020-01-05T07:24:36.285Z,1458144000,95.17,View,-26.870229,53.970228,-26.859508,53.175193,3.37572,54.335788,3.38515,53.615399,Selenographic,Equatorial
3222,ch2_tmc_nca_20200105T0714464654_d_img_d18.zip,2020-01-05T07:14:46.465Z,2020-01-05T07:24:36.282Z,1458136000,95.17,View,-29.814584,53.918412,-29.804088,53.129587,0.389894,54.286865,0.398898,53.592785,Selenographic,Equatorial
3223,ch2_tmc_ncn_20200104T0937026555_d_img_d18.zip,2020-01-04T09:37:02.655Z,2020-01-04T09:46:53.498Z,1460672000,97.19,View,-30.766469,65.858341,-30.754997,65.107521,-0.569936,66.312652,-0.560257,65.663007,Selenographic,Equatorial
3224,ch2_tmc_ncf_20200104T0937026555_d_img_d18.zip,2020-01-04T09:37:02.655Z,2020-01-04T09:46:53.501Z,1460680000,97.19,View,-29.259306,65.921984,-29.241221,65.102549,0.9462,66.372305,0.962611,65.652315,Selenographic,Equatorial
3225,ch2_tmc_nca_20200104T0937026555_d_img_d18.zip,2020-01-04T09:37:02.655Z,2020-01-04T09:46:53.501Z,1460680000,97.19,View,-32.279159,65.883663,-32.275056,65.034754,-2.089262,66.327045,-2.086881,65.6039,Selenographic,Equatorial
3226,ch2_tmc_ncn_20191218T1121183775_d_img_gds.zip,2019-12-18T11:21:18.377Z,2019-12-18T11:30:53.652Z,1423024000,86.46,View,1.05891,-71.287645,1.048382,-70.700273,30.781409,-70.832053,30.769442,-70.153293,Selenographic,Equatorial
3227,ch2_tmc_ncf_20191218T1121183775_d_img_gds.zip,2019-12-18T11:21:18.377Z,2019-12-18T11:30:53.652Z,1423024000,86.46,View,-0.317882,-71.342951,-0.331061,-70.692677,29.413713,-70.888071,29.399202,-70.146886,Selenographic,Equatorial
3228,ch2_tmc_nca_20191218T1121183775_d_img_gds.zip,2019-12-18T11:21:18.377Z,2019-12-18T11:30:53.649Z,1423016000,86.46,View,2.452982,-71.299765,2.438718,-70.646166,32.123043,-70.845714,32.106994,-70.080143,Selenographic,Equatorial
3229,ch2_tmc_ncn_20191214T2105379920_d_img_d18.zip,2019-12-14T21:05:37.992Z,2019-12-14T21:15:08.487Z,1410368000,85.1,View,0.840829,-23.583435,0.838441,-22.985732,30.302225,-23.63868,30.300262,-22.975078,Selenographic,Equatorial
3230,ch2_tmc_ncf_20191214T2105379953_d_img_d18.zip,2019-12-14T21:05:37.995Z,2019-12-14T21:15:08.483Z,1410352000,85.1,View,-0.563086,-23.62474,-0.568553,-22.963571,28.961166,-23.666045,28.956669,-22.941835,Selenographic,Equatorial
3231,ch2_tmc_nca_20191214T2105379920_d_img_d18.zip,2019-12-14T21:05:37.992Z,2019-12-14T21:15:08.483Z,1410360000,85.1,View,2.236463,-23.605462,2.236928,-22.939582,31.644842,-23.678871,31.644965,-22.929777,Selenographic,Equatorial
3232,ch2_tmc_ncn_20191212T2004326956_d_img_d18.zip,2019-12-12T20:04:32.695Z,2019-12-12T20:14:03.187Z,1410360000,86.2,View,0.425166,2.905906,0.424868,3.480255,29.91459,2.877068,29.914098,3.539755,Selenographic,Equatorial
3233,ch2_tmc_ncf_20191212T2004326956_d_img_d18.zip,2019-12-12T20:04:32.695Z,2019-12-12T20:14:03.184Z,1410352000,86.2,View,-0.922101,2.868659,-0.931637,3.503681,28.578565,2.848893,28.569065,3.571976,Selenographic,Equatorial
3234,ch2_tmc_nca_20191212T2004326989_d_img_d18.zip,2019-12-12T20:04:32.698Z,2019-12-12T20:14:03.187Z,1410352000,86.2,View,1.796234,2.867253,1.803499,3.506993,31.215512,2.828587,31.223218,3.576356,Selenographic,Equatorial
3235,ch2_tmc_ncn_20191210T1903498259_d_img_d18.zip,2019-12-10T19:03:49.825Z,2019-12-10T19:13:23.372Z,1417912000,87.67,View,0.551992,29.750856,0.55046,30.312759,30.22232,29.761241,30.220273,30.445789,Selenographic,Equatorial
3236,ch2_tmc_ncf_20191210T1903498259_d_img_d18.zip,2019-12-10T19:03:49.825Z,2019-12-10T19:13:23.375Z,1417920000,87.67,View,-0.769467,29.729748,-0.765572,30.352291,28.828548,29.727892,28.831709,30.476178,Selenographic,Equatorial
3237,ch2_tmc_nca_20191210T1903498259_d_img_d18.zip,2019-12-10T19:03:49.825Z,2019-12-10T19:13:23.375Z,1417920000,87.67,View,1.867849,29.718905,1.864205,30.343402,31.605604,29.721714,31.601419,30.493401,Selenographic,Equatorial
3238,ch2_tmc_ncn_20191209T1932077382_d_img_d18.zip,2019-12-09T19:32:07.738Z,2019-12-09T19:41:41.300Z,1417952000,87.57,View,0.435325,42.809331,0.428613,43.368952,30.104983,43.056586,30.096694,43.733816,Selenographic,Equatorial
3239,ch2_tmc_ncf_20191209T1932077382_d_img_d18.zip,2019-12-09T19:32:07.738Z,2019-12-09T19:41:41.304Z,1417960000,87.57,View,-0.874408,42.768989,-0.880166,43.387872,28.728648,43.004245,28.721536,43.743245,Selenographic,Equatorial
3240,ch2_tmc_nca_20191209T1932077382_d_img_d18.zip,2019-12-09T19:32:07.738Z,2019-12-09T19:41:41.304Z,1417960000,87.57,View,1.748389,42.790585,1.738458,43.413665,31.477772,43.032025,31.465737,43.796721,Selenographic,Equatorial
3241,ch2_tmc_ncn_20191207T1633073885_d_img_d18.zip,2019-12-07T16:33:07.388Z,2019-12-07T16:42:44.277Z,1426176000,89.89,View,0.191756,71.220336,0.181228,71.80299,29.914907,71.711147,29.902741,72.399413,Selenographic,Equatorial
3242,ch2_tmc_ncf_20191207T1633073885_d_img_d18.zip,2019-12-07T16:33:07.388Z,2019-12-07T16:42:44.281Z,1426184000,89.89,View,-1.174016,71.163227,-1.191494,71.808675,28.51981,71.654291,28.500514,72.406323,Selenographic,Equatorial
3243,ch2_tmc_nca_20191207T1633073885_d_img_d18.zip,2019-12-07T16:33:07.388Z,2019-12-07T16:42:44.281Z,1426184000,89.89,View,1.55239,71.213606,1.540457,71.861432,31.324575,71.706453,31.310195,72.482746,Selenographic,Equatorial
3244,ch2_tmc_ncn_20191206T1305163478_d_img_d18.zip,2019-12-06T13:05:16.347Z,2019-12-06T13:14:52.984Z,1425552000,93.23,View,-1.529116,86.287307,-1.541206,86.907066,28.074214,86.837218,28.059863,87.552521,Selenographic,Equatorial
3245,ch2_tmc_ncf_20191206T1305163478_d_img_d18.zip,2019-12-06T13:05:16.347Z,2019-12-06T13:14:52.984Z,1425552000,93.23,View,-2.999423,86.236731,-2.999379,86.924689,26.587952,86.766575,26.585806,87.549418,Selenographic,Equatorial
3246,ch2_tmc_nca_20191206T1305163478_d_img_d18.zip,2019-12-06T13:05:16.347Z,2019-12-06T13:14:52.981Z,1425544000,93.23,,-0.083623,86.249088,-0.125372,86.936451,29.583968,86.82664,29.540661,87.631826,Selenographic,Equatorial
